Net,Start_Time_hh,Start_Time_mm,End_Time_hh,End_Time_mm,Year(XXXX),Month(XX),Day(XX),Fishermen,Fishing_field,Depth,Distance_to_Shore,Commants,Fishing_field_text,Storm,Speed,High_Sea,Net_Type,night,Fish_gear,Net,Anshubi,Bakala,Barbon,Ben_Gurion,Crab,Denis,Farida,Fish,Gambari,Gerbida,Hazir,Hulim,Intias,Jelly_Fish,Kalamari,Lavan,Makarunim,Malitta,Marmir,Musar,Palamud,Pas_Tzahov,Rofus,Rofus_Fake,Sabida,Saragus,Sardin,Scombri,Soltan,Soltan_Fake,Soltan_Mix,Special,Tarachun,Taref,Televisia,Trulus,Missing,Comments,Lokus,Muslach,Gitara,Box_General,Tziporot,Varod,Vest,Shed Yam,Very_weak,Daba,Octepus,Adom,Hazaim,Lokus_manot,Soltan_Hul,Gerbid_new,barbon_vadim,Cristal,Kaptzon
1,,,,,1978,05,12,Shrot,Ashdod N,110,,,,FALSE,,FALSE,,FALSE,FALSE,1,,,,,,,,,,,,,,,,,,,,,,,,,,,,,,,,,,,,,FALSE,,,,,8,,,,,FALSE,,,,,,,,,,
2,,,,,1978,05,12,Shrot,Jaffa N,110,,,,FALSE,,FALSE,,FALSE,FALSE,2,,,,,,,,,,,,,,,,,,,,,,,,,,,,,,,,,,,,,FALSE,,,,,3,,,,,FALSE,,,,,,,,,,
3,07,00,11,00,1978,05,13,Levi,El Arish W,17,,,,FALSE,,FALSE,,FALSE,FALSE,3,,,,,,,,,,,,,,,,,,,,,,,,,,,,,,,,,,,,,FALSE,,,,,7,,,,,FALSE,,,,,,,,,,
4,11,45,16,00,1978,05,13,Levi,El Arish,,,,,FALSE,,FALSE,,FALSE,FALSE,4,,,,,,,,,,,,,,,,,,,,,,,,,,,,,,,,,,,,,FALSE,,,,,7,,,,,FALSE,,,,,,,,,,
5,18,00,05,00,1978,05,14,Levi,Borot,,,,,FALSE,,FALSE,,FALSE,FALSE,5,,,,,,,,,,,,,,,,,,,,,,,,,,,,,,,,,,,,,FALSE,,,,,40 Kg,,,,,FALSE,,,,,,,,,,
6,06,30,12,00,1978,05,15,Levi,keles E,,,,,FALSE,,FALSE,,FALSE,FALSE,6,,,,,,,,,,,,,,,,,,,,,,,,,,,,,,,,,,,,,FALSE,,,,,10 Kg,,,,,FALSE,,,,,,,,,,
7,12,30,18,30,1978,05,15,Levi,keles,8,,,,FALSE,,FALSE,,FALSE,FALSE,7,,,,,,,,,,,,,,,,,,,,,,,,,,,,,,,,,,,,,FALSE,,,,,20 Kg,,,,,FALSE,,,,,,,,,,
8,19,00,05,00,1978,05,15,Levi,Borot,,,,,FALSE,,FALSE,,FALSE,FALSE,8,,,,,,,,,,,,,,,,,,,,,,,,,,,,,,,,,,,,,FALSE,,,,,40 Kg,,,,,FALSE,,,,,,,,,,
9,06,00,12,00,1978,05,16,Levi,keles E,8,,,,FALSE,,FALSE,,FALSE,FALSE,9,,,,,,,,,,,,,,,,,,,,,,,,,,,,,,,,,,,,,FALSE,,,,,6 Kg,,,,,FALSE,,,,,,,,,,
10,12,30,19,00,1978,05,16,Levi,keles,8,,,,FALSE,,FALSE,,FALSE,FALSE,10,,,,,,,,,,,,,,,,,,,,,,,,,,,,,,,,,,,,,FALSE,,,,,6 Kg,,,,,FALSE,,,,,,,,,,
11,22,00,06,00,1978,05,16,Levi,Borot,,,,,FALSE,,FALSE,,FALSE,FALSE,11,,,,,,,,,,,,,,,,,,,,,,,,,,,,,,,,,,,,,FALSE,,,,,25 Kg,,,,,FALSE,,,,,,,,,,
12,06,30,09,00,1978,05,17,Levi,Mistach,,,,,FALSE,,FALSE,,FALSE,FALSE,12,,,,,,,,,,,,,,,,,,,,,,,,,,,,,,,,,,,,,FALSE,,,,,2 Kg,,,,,FALSE,,,,,,,,,,
13,10,45,14,00,1978,05,17,Levi,Mistach,18,,,,FALSE,,FALSE,,FALSE,FALSE,13,,,,,,,,,,,,,,,,,,,,,,,,,,,,,,,,,,,,,FALSE,,,,,2,,,,,FALSE,,,,,,,,,,
14,14,30,17,30,1978,05,17,Levi,Borot,15,,,,FALSE,,FALSE,,FALSE,FALSE,14,,,,,,,,,,,,,,,,,,,,,,,,,,,,,,,,,,,,,FALSE,,,,,3,,,,,FALSE,,,,,,,,,,
15,18,15,05,00,1978,05,17,Levi,Borot,,,,,FALSE,,FALSE,,FALSE,FALSE,15,,,,,,,,,,,,,,,,,,,,,,,,,,,,,,,,,,,,,FALSE,,,,,35 Kg,,,,,FALSE,,,,,,,,,,
16,06,00,09,30,1978,05,18,Levi,keles E,8,,,,FALSE,,FALSE,,FALSE,FALSE,16,,,,,,,,,,,,,,,,,,,,,,,,,,,,,,,,,,,,,FALSE,,,,,3 Kg,,,,,FALSE,,,,,,,,,,
17,14,30,16,15,1978,05,18,Levi,,8,,,,FALSE,,FALSE,,FALSE,FALSE,17,,,,,,,,,,,,,,,,,,,,,,,,,,,,,,,,,,,,,FALSE,,,,,2 Kg,,,,,FALSE,,,,,,,,,,
18,18,00,00,00,1978,05,18,Levi,Borot,,,,,FALSE,,FALSE,,FALSE,FALSE,18,,,,,,,,,,,,,,,,,,,,,,,,,,,,,,,,,,,,,FALSE,,,,,8 Kg,,,,,FALSE,,,,,,,,,,
19,00,00,06,00,1978,05,18,Levi,Borot,,,,,FALSE,,FALSE,,FALSE,FALSE,19,,,,,,,,,,,,,,,,,,,,,,,,,,,,,,,,,,,,,FALSE,,,,,5 Kg,,,,,FALSE,,,,,,,,,,
20,20,30,06,00,1978,05,19,Levi,Borot,,,,,FALSE,,FALSE,,FALSE,FALSE,20,,,,,,,,,,,,,,,,,,,,,,,,,,,,,,,,,,,,,FALSE,,,,,15 Kg,,,,,FALSE,,,,,,,,,,
21,,,,,1978,05,20,Levi,Mistach,,,all day,,FALSE,,FALSE,,FALSE,FALSE,21,,,,,,,,,,,,,,,,,,,,,,,,,,,,,,,,,,,,,FALSE,,,,,10 Kg,,,,,FALSE,,,,,,,,,,
22,,,,,1978,05,20,Levi,,,,,,FALSE,,FALSE,,TRUE,FALSE,22,,,,,,,,,,,,,,,,,,,,,,,,,,,,,,,,,,,,,FALSE,,,,,30 Kg,,,,,FALSE,,,,,,,,,,
23,07,20,11,30,1978,05,24,Zion,Mistach,,,,,FALSE,,FALSE,,FALSE,FALSE,23,,,,,,,,,,,,,,,,,,,,,,,,,,,,,,,,,,,,,FALSE,,,,,3 Kg,,,,,FALSE,,,,,,,,,,
24,12,15,17,30,1978,05,24,Zion,Mistach,,,,,FALSE,,FALSE,,FALSE,FALSE,24,,,,,,,,,,,,,,,,,,,,,,,,,,,,,,,,,,,,,FALSE,,,,,1 Kg,,,,,FALSE,,,,,,,,,,
25,07,15,10,20,1978,05,25,Zion,solhan,,,,,FALSE,,FALSE,,FALSE,FALSE,25,,,,,,,,2.5,2 Kg,,,,,,,,,,,,,,,,,,,,,,,,,,,,FALSE,,,,,,,,,,FALSE,,,,,,,,,,
26,15,30,17,30,1978,05,25,Zion,,,,,,FALSE,,FALSE,,FALSE,FALSE,26,,,,,,,,,,,,,,,,,,,,,,,,,,,,,,,,,,,,,FALSE,,,,,12,,,,,FALSE,,,,,,,,,,
27,07,00,10,00,1978,05,26,Zion,solhan,20,,,,FALSE,,FALSE,,FALSE,FALSE,27,,,,,,,,2,,,,,,,,,,,,,,,,,,,,,,,,,,,,,FALSE,,,,,,,,,,FALSE,,,,,,,,,,
28,18,00,00,00,1978,05,26,Zion,Borot,,,,,FALSE,,FALSE,,FALSE,FALSE,28,,,,,,,,,,,,,,,,,,,,,,,,,,,,,,,,,,,,,FALSE,,,,,7,,,,,FALSE,,,,,,,,,,
29,00,00,05,30,1978,05,27,Zion,Borot,,,,,FALSE,,FALSE,,FALSE,FALSE,29,,,,,,,,,,,,,,,,,,,,,,,,,,,,,,,,,,,,,FALSE,,,,,10,,,,,FALSE,,,,,,,,,,
30,08,00,13,30,1978,05,27,Zion,,8,,,,FALSE,,FALSE,,FALSE,FALSE,30,,,,,,,,,,,,,,,,,,,,,,,,,,,,,,,,,,,,,FALSE,,,,,7 Kg,,,,,FALSE,,,,,,,,,,
31,18,00,00,00,1978,05,27,Zion,port_sahid,10,,,,FALSE,,FALSE,,FALSE,FALSE,31,,,,,,,,,,,,,,,,,,,,,,,,,,,,,,,,,,,,,FALSE,,,,,10,,,,,FALSE,,,,,,,,,,
32,,,,,1978,05,30,Shrot,Petach,,,,,FALSE,,FALSE,,FALSE,FALSE,32,,,,,,,,,,,,,,,,,,,,,,,,,,,,,,,,,,,,,FALSE,,,,,5 Kg,,,,,FALSE,,,,,,,,,,
33,,,,,1978,05,30,Shrot,Petach,,,,,FALSE,,FALSE,,FALSE,FALSE,33,,,,,,,,,,,,,,,,,,,,,,,,,,,,,,,,,,,,,FALSE,,,,,27 Kg,,,,,FALSE,,,,,,,,,,
34,,,,,1978,05,31,Shrot,keles,8,,,,FALSE,,FALSE,,FALSE,FALSE,34,,,,,,,,,,,,,,,,,,,,,,,,,,,,,,,,,,,,,FALSE,,,,,17 Kg,,,,,FALSE,,,,,,,,,,
35,,,,,1978,05,31,Shrot,keles,8,,,,FALSE,,FALSE,,FALSE,FALSE,35,,,,,,,,,,,,,,,,,,,,,,,,,,,,,,,,,,,,,FALSE,,,,,10 Kg,,,,,FALSE,,,,,,,,,,
36,,,,,1978,05,31,Shrot,Petach,8,,,,FALSE,,FALSE,,FALSE,FALSE,36,,,,,,,,,,,,,,,,,,,,,,,,,,,,,,,,,,,,,FALSE,,,,,13 Kg,,,,,FALSE,,,,,,,,,,
37,,,,,1978,06,01,Shrot,Bardavil,,,,,FALSE,,FALSE,,FALSE,FALSE,37,,,,,,,,,,,,,,,,,,,,,,,,,,,,,,,,,,,,,FALSE,,,,,10 Kg,,,,,FALSE,,,,,,,,,,
38,,,,,1978,06,02,Shrot,keles,8,,,,FALSE,,FALSE,,FALSE,FALSE,38,,,,,,,,,,,,,,,,,,,,,,,,,,,,,,,,,,,,,FALSE,,,,,12 Kg,,,,,FALSE,,,,,,,,,,
39,,,,,1978,06,02,Shrot,Borot,,,,,FALSE,,FALSE,,FALSE,FALSE,39,,,,,,,,,,,,,,,,,,,,,,,,,,,,,,,,,,,,,FALSE,,,,,35 Kg,,,,,FALSE,,,,,,,,,,
40,,,,,1978,06,03,Shrot,Mistach,,,,,FALSE,,FALSE,,FALSE,FALSE,40,,,,,,,,,,,,,,,,,,,,,,,,,,,,,,,,,,,,,FALSE,,,,,,,,,,TRUE,,,,,,,,,,
41,,,,,1978,06,03,Shrot,keles,8,,,,FALSE,,FALSE,,FALSE,FALSE,41,,,,,,,,,,,,,,,,,,,,,,,,,,,,,,,,,,,,,FALSE,,,,,10 Kg,,,,,FALSE,,,,,,,,,,
42,,,,,1978,06,03,Shrot,Borot,,,,,FALSE,,FALSE,,TRUE,FALSE,42,,,,,,,,,,,,,,,,,,,,,,,,,,,,,,,,,,,,,FALSE,,,,,45 Kg,,,,,FALSE,,,,,,,,,,
43,,,,,1978,06,04,Shrot,Petach W,8,,,,FALSE,,FALSE,,FALSE,FALSE,43,,,,,,,,,,,,,,,,,,,,,,,,,,,,,,,,,,,,,FALSE,,,,,18 Kg,,,,,FALSE,,,,,,,,,,
44,,,,,1978,06,04,Shrot,Petach W,8,,,,FALSE,,FALSE,,FALSE,FALSE,44,,,,,,,,,,,,,,,,,,,,,,,,,,,,,,,,,,,,,FALSE,,,,,12 Kg,,,,,FALSE,,,,,,,,,,
45,,,,,1978,06,04,Shrot,Borot,,,,,FALSE,,FALSE,,TRUE,FALSE,45,,,,,,,,,,,,,,,,,,,,,,,,,,,,,,,,,,,,,FALSE,,,,,50 Kg,,,,,FALSE,,,,,,,,,,
46,,,,,1978,06,5,Shrot,keles,8,,,,FALSE,,FALSE,,FALSE,FALSE,46,,,,,,,,,,,,,,,,,,,,,,,,,,,,,,,,,,,,,FALSE,,,,,12 Kg,,,,,FALSE,,,,,,,,,,
47,,,,,1978,06,05,Shrot,,,,,,FALSE,,FALSE,,FALSE,FALSE,47,,,,,,,,,,,,,,,,,,,,,,,,,,,,,,,,,,,,,FALSE,,,,,18 Kg,,,,,FALSE,,,,,,,,,,
48,,,,,1978,06,05,Shrot,Borot,,,,,FALSE,,FALSE,,TRUE,FALSE,48,,,,,,,,,,,,,,,,,,,,,,,,,,,,,,,,,,,,,FALSE,,,,,50 Kg,,,,,FALSE,,,,,,,,,,
49,,,,,1978,06,06,Shrot,Borot E,12,,,,FALSE,,FALSE,,FALSE,FALSE,49,,,,,,,,,,,,,,,,,,,,,,,,,,,,,,,,,,,,,FALSE,,,,,,,,,,TRUE,,,,,,,,,,
50,,,,,1978,06,06,Shrot,Borot E,8,,,,FALSE,,FALSE,,FALSE,FALSE,50,,,,,,,,,,,,,,,,,,,,,,,,,,,,,,,,,,,,,FALSE,,,,,1 Kg,,,,,FALSE,,,,,,,,,,
51,22,00,05,00,1978,06,09,Levi,El Arish E,7,,,,FALSE,,FALSE,,FALSE,FALSE,51,,,,,,,,,,,,,,,,,,,,,,,,,,,,,,,,,,,,,FALSE,,,,,12 Kg,,,,,FALSE,,,,,,,,,,
52,08,00,12,00,1978,06,10,Levi,El Arish W,16,,,,FALSE,,FALSE,,FALSE,FALSE,52,,,,,,,,,,,,,,,,,,,,,,,,,,,,,,,,,,,,,FALSE,,,,,6,,,,,FALSE,,,,,,,,,,
53,17,00,05,00,1978,06,10,Levi,Borot E,12,,,,FALSE,,FALSE,,FALSE,FALSE,53,,,,,,,,,,,,,,,,,,,,,,,,,,,,,,,,,,,,,FALSE,,,,,20 Kg,,,,,FALSE,,,,,,,,,,
54,05,30,,,1978,06,11,Levi,Borot E,8,,,,FALSE,,FALSE,,FALSE,FALSE,54,,,,,,,,,,,,,,,,,,,,,,,,,,,,,,,,,,,,,FALSE,,,,,,,,,,TRUE,,,,,,,,,,
55,13,30,,,1978,06,11,Levi,Borot,17,,,,FALSE,,FALSE,,FALSE,FALSE,55,,,,,,,,,,,,,,,,,,,,,,,,,,,,,,,,,,,,,FALSE,,,,,5,,,,,FALSE,,,,,,,,,,
56,08,00,11,30,1978,06,12,Levi,Mistach,20,,,,FALSE,,FALSE,,FALSE,FALSE,56,,,,,,,,,,,,,,,,,,,,,,,,,,,,,,,,,,,,,FALSE,,,,,4,,,,,FALSE,,,,,,,,,,
57,12,30,15,30,1978,06,12,Levi,Mistach E,,,,,FALSE,,FALSE,,FALSE,FALSE,57,,,,,,,,,,,,,,,,,,,,,,,,,,,,,,,,,,,,,FALSE,,,,,4,,,,,FALSE,,,,,,,,,,
58,18,00,23,30,1978,06,12,Levi,Borot,,,,,FALSE,,FALSE,,FALSE,FALSE,58,,,,,,,,,,,,,,,,,,,,,,,,,,,,,,,,,,,,,FALSE,,,,,15,,,,,FALSE,,,,,,,,,,
59,00,00,05,30,1978,06,13,Levi,Borot,,,,,FALSE,,FALSE,,FALSE,FALSE,59,,,,,,,,,,,,,,,,,,,,,,,,,,,,,,,,,,,,,FALSE,,,,,15 Kg,,,,,FALSE,,,,,,,,,,
60,18,30,00,00,1978,06,13,Levi,Borot,,,,,FALSE,,FALSE,,FALSE,FALSE,60,,,,,,,,,,,,,,,,,,,,,,,,,,,,,,,,,,,,,FALSE,,,,,15 Kg,,,,,FALSE,,,,,,,,,,
61,00,30,05,00,1978,06,14,Levi,Borot,,,,,FALSE,,FALSE,,FALSE,FALSE,61,,,,,,,,,,,,,,,,,,,,,,,,,,,,,,,,,,,,,FALSE,,,,,10 Kg,,,,,FALSE,,,,,,,,,,
62,06,00,10,30,1978,06,14,Levi,Borot E,10,,,,FALSE,,FALSE,,FALSE,FALSE,62,,,,,,,,,,,,,,,,,,,,,,,,,,,,,,,,,,,,,FALSE,,,,,12,,,,,FALSE,,,,,,,,,,
63,11,00,15,00,1978,06,14,Levi,Borot E,11,,,,FALSE,,FALSE,,FALSE,FALSE,63,,,,,,,,,,,,,,,,,,,,,,,,,,,,,,,,,,,,,FALSE,,,,,8 +2 Ind,,,,,FALSE,,,,,,,,,,
64,16,00,18,30,1978,06,14,Levi,Borot W,11,,,,FALSE,,FALSE,,FALSE,FALSE,64,,,,,,,,,,,,,,,,,,,,,,,,,,,,,,,,,,,,,FALSE,,,,,5 +2 Ind,,,,,FALSE,,,,,,,,,,
65,19,45,04,30,1978,06,14,Levi,Borot,,,,,FALSE,,FALSE,,FALSE,FALSE,65,,,,,,,,,,,,,,,,,,,,,,,,,,,,,,,,,,,,,FALSE,,,,,30 Kg,,,,,FALSE,,,,,,,,,,
66,05,30,09,45,1978,06,15,Levi,Borot E,10,,,,FALSE,,FALSE,,FALSE,FALSE,66,,,,,,,,,5 Kg,,,,,,,,,,,,,,,,,,,,,,,,,,,,FALSE,,,,,8,,,,,FALSE,,,,,,,,,,
67,10,30,14,00,1978,06,15,Levi,,10,,,,FALSE,,FALSE,,FALSE,FALSE,67,,,,,,,,,3 Kg,,,,,,,,,,,,,,,,,,,,,,,,,,,,FALSE,,,,,8,,,,,FALSE,,,,,,,,,,
68,14,45,18,15,1978,06,15,Levi,Borot E,10,,,,FALSE,,FALSE,,FALSE,FALSE,68,,,,,,,,,3 Kg,,,,,,,,,,,,,,,,,,,,,,,,,,,,FALSE,,,,,3,,,,,FALSE,,,,,,,,,,
69,19,15,05,00,1978,06,15,Levi,Borot,,,,,FALSE,,FALSE,,FALSE,FALSE,69,,,,,,,,,30 Kg,,,,,,,,,,,,,,,,,,,,,,,,,,,,FALSE,,,,,,,,,,FALSE,,,,,,,,,,
70,05,30,11,30,1978,06,16,Levi,Borot E,,,,,FALSE,,FALSE,Gambari,FALSE,FALSE,70,,,,,,,,,8 Kg,,,,,,,,,,,,,,,,,,,,,,,,,,,,FALSE,,,,,6,,,,,FALSE,,,,,,,,,,
71,11,45,18,00,1978,06,16,Levi,Borot E,9,,,,FALSE,,FALSE,,FALSE,FALSE,71,,,,,,,,,8 Kg,,,,,,,,,,,,,,,,,,,,,,,,,,,,FALSE,,,,,4,,,,,FALSE,,,,,,,,,,
72,19,30,05,00,1978,06,16,Levi,Borot,,,,,FALSE,,FALSE,,FALSE,FALSE,72,,,,,,,,,25 Kg,,,,,,,,,,,,,,,,,,,,,,,,,,,,FALSE,,,,,,,,,,FALSE,,,,,,,,,,
73,05,30,10,00,1978,06,17,Levi,Borot E,10,,,,FALSE,,FALSE,,FALSE,FALSE,73,,,,,,,,,12 Kg,,,,,,,,,,,,,,,,,,,,,,,,,,,,FALSE,,,,,18,,,,,FALSE,,,,,,,,,,
74,10,30,14,30,1978,06,17,Levi,Borot E,10,,,,FALSE,,FALSE,,FALSE,FALSE,74,,,,,,,,,6 Kg,,,,,,,,,,,,,,,,,,,,,,,,,,,,FALSE,,,,,10,,,,,FALSE,,,,,,,,,,
75,15,00,18,00,1978,06,17,Levi,Borot E,10,,,,FALSE,,FALSE,,FALSE,FALSE,75,,,,,,,,,4 Kg,,,,,,,,,,,,,,,,,,,,,,,,,,,,FALSE,,,,,4,,,,,FALSE,,,,,,,,,,
76,19,00,,,1978,06,17,Levi,Borot,,,,,FALSE,,FALSE,,FALSE,FALSE,76,,,,,,,,,28 Kg,,,,,,,,,,,,,,,,,,,,,,,,,,,,FALSE,,,,,,,,,,FALSE,,,,,,,,,,
77,05,30,09,30,1978,06,18,Levi,Borot E,10,,,,FALSE,,FALSE,,FALSE,FALSE,77,,,,,,,,,8 Kg,,,,,,,,,,,,,,,,,,,,,,,,,,,,FALSE,,,,,5,,,,,FALSE,,,,,,,,,,
78,10,45,14,30,1978,06,18,Levi,Borot E,11,,,,FALSE,,FALSE,,FALSE,FALSE,78,,,,,,,,,2 Kg,,,,,,,,,,,,,,,,,,,,,,,,,,,,FALSE,,24 Ind,,,8,,,,,FALSE,,,,,,,,,,
79,15,45,19,00,1978,06,18,Levi,El Arish,11,,,,FALSE,,FALSE,,FALSE,FALSE,79,,,,,,,,,,,,,,,,,,,,,,,,,,,,,,,,,,,,,FALSE,,,,,10,,,,,FALSE,,,,,,,,,,
80,08,00,12,00,1978,06,27,Levi,El Arish W,25,,,,FALSE,,FALSE,,FALSE,FALSE,80,,,,,,,,,,,,,,,,,,,,,,,,,,,,,,,,,,,,,FALSE,,,,,6,,,,,FALSE,,,,,,,,,,
81,12,30,16,30,1978,06,27,Levi,,30,,,,FALSE,,FALSE,,FALSE,FALSE,81,,,,,,,,,,,,,,,,,,,,,,,,,,,,,,,,,,,,,FALSE,,,,,2 +1 Ind,,,,,FALSE,,,,,,,,,,
82,17,00,23,30,1978,06,27,Levi,,23,,,,FALSE,,FALSE,,FALSE,FALSE,82,,,,,,,,,,,,,,,,,,,,,,,,,,,,,,,,,,,,,FALSE,,,,,4,,,,,FALSE,,,,,,,,,,
83,22,30,04,30,1978,06,27,Levi,Borot,,,,,FALSE,,FALSE,,FALSE,FALSE,83,,,,,,,,,13 Kg,,,,,,,,,,,,,,,,,,,,,,,,,,,,FALSE,,,,,,,,,,FALSE,,,,,,,,,,
84,06,00,10,00,1978,06,28,Levi,Borot E,11,,,,FALSE,,FALSE,,FALSE,FALSE,84,,,,,,,,,,,,,,,,,,,,,,,,,,,,,,,,,,,,,FALSE,,,,,6,,,,,FALSE,,,,,,,,,,
85,11,00,15,00,1978,06,28,Levi,Borot E,11,,,,FALSE,,FALSE,,FALSE,FALSE,85,,,,,,,,,,,,,,,,,,,,,,,,,,,,,,,,,,,,,FALSE,,,,,5,,,,,FALSE,,,,,,,,,,
86,16,00,20,00,1978,06,28,Levi,the_city E,12,,,,FALSE,,FALSE,,FALSE,FALSE,86,,,,,,,,,,,,,,,,,,,,,,,,,,,,,,,,,,,,,FALSE,,,,,10,,,,,FALSE,,,,,,,,,,
87,21,00,02,00,1978,06,28,Levi,the_city E,12,,,,FALSE,12,FALSE,,FALSE,FALSE,87,,,,,,,,,,,,,,,,,,,,,,,,,,,,,,,,,,,,,FALSE,,,,,2,,,,,FALSE,,,,,,,,,,
88,03,30,07,30,1978,06,29,Levi,the_city,,,,,FALSE,,FALSE,,FALSE,FALSE,88,,,,,,,,,,,,,,,,,,,,,,,,,,,,,,,,,,,,,FALSE,,,,,5,,,,,FALSE,,,,,,,,,,
89,08,00,12,00,1978,06,29,Levi,the_city E,12,,,,FALSE,,FALSE,,FALSE,FALSE,89,,,,,,,,,,,,,,,,,,,,,,,,,,,,,,,,,,,,,FALSE,,,,,6,,,,,FALSE,,,,,,,,,,
90,12,30,16,30,1978,06,29,Levi,the_city E,12,,,,FALSE,,FALSE,,FALSE,FALSE,90,,,,,,,,,,,,,,,,,,,,,,,,,,,,,,,,,,,,,FALSE,,,,,5,,,,,FALSE,,,,,,,,,,
91,17,30,19,00,1978,06,29,Levi,the_city E,12,,,,FALSE,,FALSE,,FALSE,FALSE,91,,,,,,,,,,,,,,,,,,,,,,,,,,,,,,,,,,,,,FALSE,,,,,2,,,,,FALSE,,,,,,,,,,
92,20,00,04,30,1978,06,29,Levi,the_city W,8,,,,FALSE,,FALSE,Gambari,FALSE,FALSE,92,,,,,,,,,5 Kg,,,,,,,,,,,,,,,,,,,,,,,,,,,,FALSE,,,,,,,,,,FALSE,,,,,,,,,,
93,17,30,00,00,1978,06,30,Levi,Borot,12,,,,FALSE,,FALSE,,FALSE,FALSE,93,,,,,,,,,18 Kg,,,,,,,,,,,,,,,,,,,,,,,,,,,,FALSE,,,,,,,,,,FALSE,,,,,,,,,,
94,00,30,06,30,1978,07,01,Levi,Borot,12,,,,FALSE,,FALSE,,FALSE,FALSE,94,,,,,,,,,14 Kg,,,,,,,,,,,,,,,,,,,,,,,,,,,,FALSE,,,,,,,,,,FALSE,,,,,,,,,,
95,07,00,12,30,1978,07,01,Levi,Borot E,12,,,,FALSE,,FALSE,,FALSE,FALSE,95,,,,,,,,,6 Kg,,,,,,,,,,,,,,,,,,,,,,,,,,,,FALSE,,,,,,,,,,FALSE,,,,,,,,,,
96,13,00,19,00,1978,07,01,Levi,Borot E,12,,,,FALSE,,FALSE,,FALSE,FALSE,96,,,,,,,,,6 Kg,,,,,,,,,,,,,,,,,,,,,,,,,,,,FALSE,,,,,,,,,,FALSE,,,,,,,,,,
97,19,30,01,00,1978,07,01,Levi,Borot,,,,,FALSE,,FALSE,,FALSE,FALSE,97,,,,,,,,,10 Kg,,,,,,,,,,,,,,,,,,,,,,,,,,,,FALSE,,,,,,,,,,FALSE,,,,,,,,,,
98,01,30,06,00,1978,07,02,Levi,Borot,13,,,,FALSE,,FALSE,,FALSE,FALSE,98,,,,,,,,,20 Kg,,,,,,,,,,,,,,,,,,,,,,,,,,,,FALSE,,,,,,,,,,FALSE,,,,,,,,,,
99,05,40,10,00,1978,07,03,Knaan,Rfiach,14,,,,FALSE,,FALSE,,FALSE,FALSE,99,,,,,,,,11,,,,,,,,,,,,,,,,,,,,,,,,,,,,,FALSE,,,,,,,,,,FALSE,,,,,,,,,,
100,10,30,14,30,1978,07,03,Knaan,Rfiach,14,,,,FALSE,,FALSE,,FALSE,FALSE,100,,,,,,,,8,,,,,,,,,,,,,,,,,,,,,,,,,,,,,FALSE,,,,,,,,,,FALSE,,,,,,,,,,
101,15,00,19,15,1978,07,03,Knaan,Yamit,,,,,FALSE,,FALSE,,FALSE,FALSE,101,,,,,,,,10,,,,,,,,,,,,,,,,,,,,,,,,,,,,,FALSE,,,,,,,,,,FALSE,,,,,,,,,,
102,07,30,12,30,1978,07,11,Zion,Borot E,9,,,,FALSE,,FALSE,,FALSE,FALSE,102,,,,,,,,,,,,,,,,,,,,,,,,,,,,,,,,,,,,,FALSE,,,,,10,,,,,FALSE,,,,,,,,,,
103,13,00,17,30,1978,07,11,Zion,Borot,12,,,,FALSE,,FALSE,,FALSE,FALSE,103,,,,,,,,,,,,,,,,,,,,,,,,,,,,,,,,,,,,,FALSE,,,,,4,,,,,FALSE,,,,,,,,,,
104,,,,,1978,07,13,Shrot,Petach,9,,,,FALSE,,FALSE,,FALSE,FALSE,104,,,,,,,,,17 Kg,,,,,,,,,,,,,,,,,,,,,,,,,,,,FALSE,,,,,,,,,,FALSE,,,,,,,,,,
105,,,,,1978,07,13,Shrot,Mistach,12,,,,FALSE,,FALSE,,FALSE,FALSE,105,,,,,,,,,21 Kg,,,,,,,,,,,,,,,,,,,,,,,,,,,,FALSE,,,,,,,,,,FALSE,,,,,,,,,,
106,,,,,1978,07,13,Levi,Mistach,,,,,FALSE,,FALSE,,FALSE,FALSE,106,,,,,,,,,10 Kg,,,,,,,,,,,,,,,,,,,,,,,,,,,,FALSE,,3 Ind,,,,,,,,FALSE,,,,,,,,,,
107,,,,,1978,07,16,Shrot,Borot,,,,,FALSE,,FALSE,,FALSE,FALSE,107,,,,,,,,,12 Kg,,,,,,,,,,,,,,,,,,,,,,,,,,,,FALSE,,,,,,,,,,FALSE,,,,,,,,,,
108,,,,,1978,07,16,Shrot,Borot,,,,,FALSE,,FALSE,,FALSE,FALSE,108,,,,,,,,,10 Kg,,,,,,,,,,,,,,,,,,,,,,,,,,,,FALSE,,,,,,,,,,FALSE,,,,,,,,,,
109,,,,,1978,07,16,Shrot,Borot,,,,,FALSE,,FALSE,,FALSE,FALSE,109,,,,,,,,,17 Kg,,,,,,,,,,,,,,,,,,,,,,,,,,,,FALSE,,,,,,,,,,FALSE,,,,,,,,,,
110,,,,,1978,07,16,Shrot,Borot,,,,,FALSE,,FALSE,,FALSE,FALSE,110,,,,,,,,,13 Kg,,,,,,,,,,,,,,,,,,,,,,,,,,,,FALSE,,,,,,,,,,FALSE,,,,,,,,,,
111,,,,,1978,07,17,Shrot,Petach,8,,,,FALSE,,FALSE,,FALSE,FALSE,111,,,,,,,,,8 Kg,,,,,,,,,,,,,,,,,,,,,,,,,,,,FALSE,,,,,,,,,,FALSE,,,,,,,,,,
112,,,,,1978,07,17,Shrot,Petach,8,,,,FALSE,,FALSE,,FALSE,FALSE,112,,,,,,,,,8 Kg,,,,,,,,,,,,,,,,,,,,,,,,,,,,FALSE,,,,,,,,,,FALSE,,,,,,,,,,
113,,,,,1978,07,17,Shrot,Borot,,,,,FALSE,,FALSE,,FALSE,FALSE,113,,,,,,,,,20 Kg,,,,,,,,,,,,,,,,,,,,,,,,,,,,FALSE,,,,,,,,,,FALSE,,,,,,,,,,
114,,,,,1978,07,17,Shrot,Borot,,,,,FALSE,,FALSE,,FALSE,FALSE,114,,,,,,,,,14 Kg,,,,,,,,,,,,,,,,,,,,,,,,,,,,FALSE,,,,,,,,,,FALSE,,,,,,,,,,
115,,,,,1978,07,18,Shrot,Borot E,,,,,FALSE,,FALSE,,FALSE,FALSE,115,,,,,,,,,8 Kg,,,,,,,,,,,,,,,,,,,,,,,,,,,,FALSE,,,,,,,,,,FALSE,,,,,,,,,,
116,,,,,1978,07,18,Shrot,Borot E,,,,,FALSE,,FALSE,,FALSE,FALSE,116,,,,,,,,,6 Kg,,,,,,,,,,,,,,,,,,,,,,,,,,,,FALSE,,,,,,,,,,FALSE,,,,,,,,,,
117,,,,,1978,07,18,Shrot,Borot,,,,,FALSE,,FALSE,,FALSE,FALSE,117,,,,,,,,,20 Kg,,,,,,,,,,,,,,,,,,,,,,,,,,,,FALSE,,,,,,,,,,FALSE,,,,,,,,,,
118,07,15,11,15,1978,07,20,Levi,,14,,,,FALSE,,FALSE,,FALSE,FALSE,118,,,,,,,,,,,,,,,,,,,,,,,,,,,,,,,,,,,,,FALSE,,,,,5 +1 Ind,,,,,FALSE,,,,,,,,,,
119,12,00,,,1978,07,20,Levi,,13,,,,FALSE,,FALSE,,FALSE,FALSE,119,,,,,,,,,,,,,,,,,,,,,,,,,,,,,,,,,,,,,FALSE,,,,,3,,,,,FALSE,,,,,,,,,,
120,20,30,01,30,1978,07,20,Levi,Borot,,,,,FALSE,,FALSE,,FALSE,FALSE,120,,,,,,,,,15 Kg,,,,,,,,,,,,,,,,,,,,,,,,,,,,FALSE,,,,,,,,,,FALSE,,,,,,,,,,
121,02,00,07,30,1978,07,21,Levi,Mistach,,,,,FALSE,,FALSE,,FALSE,FALSE,121,,,,,,,,,15 Kg,,,,,,,,,,,,,,,,,,,,,,,,,,,,FALSE,,,,,,,,,,FALSE,,,,,,,,,,
122,08,00,13,0,1978,07,21,Levi,Mistach,,,,,FALSE,,FALSE,,FALSE,FALSE,122,,,,,,,,,3 Kg,,,,,,,,,,,,,,,,,,,,,,,,,,,,FALSE,,,,,1 Ind,,,,,FALSE,,,,,,,,,,
123,14,00,20,00,1978,07,21,Levi,Mistach,,,,,FALSE,,FALSE,,FALSE,FALSE,123,,,,,,,,,10 Kg,,,,,,,,,,,,,,,,,,,,,,,,,,,,FALSE,,,,,,,,,,FALSE,,,,,,,,,,
124,21,00,04,30,1978,07,21,Levi,Mistach,,,,,FALSE,,FALSE,,FALSE,FALSE,124,,,,,,,,,25 Kg,,,,,,,,,,,,,,,,,,,,,,,,,,,,FALSE,,,,,,,,,,FALSE,,,,,,,,,,
125,06,00,10,00,1978,07,22,Levi,Mistach E,25,,,,FALSE,,FALSE,Fish,FALSE,FALSE,125,,,,,,,,,,,,,,,,,,,,,,,,,,,,,,,,,,,,,FALSE,,,,,,,,,,TRUE,,,,,,,,,,
126,11,30,14,30,1978,07,22,Levi,Borot E,10,,,,FALSE,,FALSE,Fish,FALSE,FALSE,126,,,,,,,,,,,,,,,,,,,,,,,,,,,,,,,,,,,,,FALSE,,,,,,,,,,TRUE,,,,,,,,,,
127,16,00,18,00,1978,07,22,Levi,Petach W,14,,,,FALSE,,FALSE,,FALSE,FALSE,127,,,,,,,,,,,,,,,,,,,,,,,,,,,,,,,,,,,,,FALSE,,,,,,,,,,TRUE,,,,,,,,,,
128,19,30,01,00,1978,07,22,Levi,Borot_high,,,,,FALSE,,FALSE,,FALSE,FALSE,128,,,,,,,,,12 Kg,,,,,,,,,,,,,,,,,,,,,,,,,,,,FALSE,,,,,,,,,,FALSE,,,,,,,,,,
129,01,30,05,30,1978,07,23,Levi,Mistach,,,,,FALSE,,FALSE,,FALSE,FALSE,129,,,,,,,,,8 Kg,,,,,,,,,,,,,,,,,,,,,,,,,,,,FALSE,,,,,,,,,,FALSE,,,,,,,,,,
130,07,00,11,00,1978,07,23,Levi,Borot E,30,,,,FALSE,,FALSE,,FALSE,FALSE,130,,,,,,,,,,,,,,,,,,,,,,,,,,,,,,,,,,,,,FALSE,,,,,,,,,,TRUE,,,,,,,,,,
131,13,00,17,00,1978,07,23,Levi,,12,,,,FALSE,,FALSE,,FALSE,FALSE,131,,,,,,,,7,,,,,,,,,,,,,,,,,,,,,,,,,,,,,FALSE,,,,,,,,,,FALSE,,,,,,,,,,
132,18,00,00,00,1978,07,23,Levi,Petach,8,,,,FALSE,,FALSE,Gambari,FALSE,FALSE,132,,,,,,,,,8 Kg,,,,,,,,,,,,,,,,,,,,,,,,,,,,FALSE,,,,,,,,,,FALSE,,,,,,,,,,
133,00,30,05,00,1978,07,24,Levi,Yamit W,8,,,,FALSE,,FALSE,,FALSE,FALSE,133,,,,,,,,,4 Kg,,,,,,,,,,,,,,,,,,,,,,,,,,,,FALSE,,,,,,,,,,FALSE,,,,,,,,,,
134,07,00,11,00,1978,07,24,Levi,El Arish,15,,,,FALSE,,FALSE,,FALSE,FALSE,134,,,,,,,,4+3 Ind,,,,,,,,,,,,,,,,,,,,,,,,,,,,,FALSE,,,,,,,,,,FALSE,,,,,,,,,,
135,12,00,16,00,1978,07,24,Levi,Rfiach S,13,,,,FALSE,,FALSE,,FALSE,FALSE,135,,,,,,,,7,,,,,,,,,,,,,,,,,,,,,,,,,,,,,FALSE,,,,,,,,,,FALSE,,,,,,,,,,
136,16,30,19,30,1978,07,24,Levi,,13,,,,FALSE,,FALSE,,FALSE,FALSE,136,,,,,,,,4,,,,,,,,,,,,,,,,,,,,,,,,,,,,,FALSE,,,,,,,,,,FALSE,,,,,,,,,,
137,20,30,01,30,1978,07,24,Levi,El Arish W,10,,,,FALSE,,FALSE,,FALSE,FALSE,137,,,,,,,,,,,,,,,,,,,,,,,,,,,,,,,,,,,,,FALSE,,,,,,,,,,TRUE,,,,,,,,,,
138,02,00,06,00,1978,07,25,Levi,El Arish W,12,,,,FALSE,,FALSE,,FALSE,FALSE,138,,,,,,,,4,4 Kg,,,,,,,,,,,,,,,,,,,,,,,,,,,,FALSE,,,,,,,,,,FALSE,,,,,,,,,,
139,06,45,10,30,1978,07,25,Levi,El Arish E,12,,,,FALSE,,FALSE,,FALSE,FALSE,139,,,,,,,,8,10 Kg,,,,,,,,,,,,,,,,,,,,,,,,,,,,FALSE,,,,,,,,,,FALSE,,,,,,,,,,
140,11,00,15,00,1978,07,25,Levi,El Arish N,15,,,,FALSE,,FALSE,,FALSE,FALSE,140,,,,,,,,18,,,,,,,,,,,,,,,,,,,,,,,,,,,,,FALSE,,,,,,,,,,FALSE,,,,,,,,,,
141,15,30,18,30,1978,07,25,Levi,Gazza S,16,,,,FALSE,,FALSE,,FALSE,FALSE,141,,,,,,,,3,,,,,,,,,,,,,,,,,,,,,,,,,,,,,FALSE,,,,,,,,,,FALSE,,,,,,,,,,
142,05,30,09,30,1978,07,26,Levi,Dir_el_balach S,16,,,,FALSE,,FALSE,,FALSE,FALSE,142,,,,,,,,4,,,,,,,,,,,,,,,,,,,,,,,,,,,,,FALSE,,,,,,,,,,FALSE,,,,,,,,,,
143,11,30,15,30,1978,07,26,Levi,South,12,,,,FALSE,,FALSE,,FALSE,FALSE,143,,,,,,,,6,,,,,,,,,,,,,,,,,,,,,,,,,,,,,FALSE,,,,,,,,,,FALSE,,,,,,,,,,
144,16,45,20,30,1978,07,26,Levi,south,13,,,,FALSE,,FALSE,,FALSE,FALSE,144,,,,,,,,6,7 Kg,,,,,,,,,,,,,,,,,,,,,,,,,,,,FALSE,,,,,,,,,,FALSE,,,,,,,,,,
145,21,30,02,30,1978,07,26,Levi,the_city,13,,,,FALSE,,FALSE,,FALSE,FALSE,145,,,,,,,,2,3 Kg,,,,,,,,,,,,,,,,,,,,,,,,,,,,FALSE,,,,,,,,,,FALSE,,,,,,,,,,
146,03,30,07,45,1978,07,27,Levi,the_city E,12,,,,FALSE,,FALSE,,FALSE,FALSE,146,,,,,,,,3,4 Kg,,,,,,,,,,,,,,,,,,,,,,,,,,,,FALSE,,,,,,,,,,FALSE,,,,,,,,,,
147,08,30,12,30,1978,07,27,Levi,the_city E,15,,,,FALSE,,FALSE,,FALSE,FALSE,147,,,,,,,,5,,,,,,,,,,,,,,,,,,,,,,,,,,,,,FALSE,,,,,,,,,,FALSE,,,,,,,,,,
148,13,00,17,00,1978,07,27,Levi,South,14,,,,FALSE,,FALSE,,FALSE,FALSE,148,,,,,,,,4,,,,,,,,,,,,,,,,,,,,,,,,,,,,,FALSE,,,,,,,,,,FALSE,,,,,,,,,,
149,17,30,23,30,1978,07,27,Levi,Gazza S,22,,,,FALSE,,FALSE,,FALSE,FALSE,149,,,,,,,,4 +2 Ind,,,,,,,,,,,,,,,,,,,,,,,,,,,,,FALSE,,,,,,,,,,FALSE,,,,,,,,,,
150,23,30,05,00,1978,07,28,Levi,Gazza S,22,,,,FALSE,,FALSE,,FALSE,FALSE,150,,,,,,,,3,,,,,,,,,,,,,,,,,,,,,,,,,,,,,FALSE,,,,,,,,,,FALSE,,,,,,,,,,
151,05,30,09,30,1978,07,28,Levi,Gazza S,,,,,FALSE,,FALSE,,FALSE,FALSE,151,,,,,,,,4,,,,,,,,,,,,,,,,,,,,,,,,,,,,,FALSE,,,,,,,,,,FALSE,,,,,,,,,,
152,10,30,,,1978,07,28,Levi,Katza S,,,,,FALSE,,FALSE,,FALSE,FALSE,152,,,,,,,,4,,,,,,,,,,,,,,,,,,,,,,,,,,,,,FALSE,,,,,,,,,,FALSE,,,,,,,,,,
153,,,,,1978,07,28,Levi,Katza N,20,,,,FALSE,,FALSE,,FALSE,FALSE,153,,,,,,,,3,,,,,,,,,,,,,,,,,,,,,,,,,,,,,FALSE,,,,,,,,,,FALSE,,,,,,,,,,
154,05,30,08,30,1978,07,29,Levi,Palmachim N,22,,,,FALSE,,FALSE,,FALSE,FALSE,154,,,,,,,,2,,,,,,,,,,,,,,,,,,,,,,,,,,,,,FALSE,,20 Kg,,,,,,,,FALSE,,,,,,,,,,
155,,,,,1978,07,30,Shrot,Borot,12,,,,FALSE,,FALSE,,FALSE,FALSE,155,,,,,,,,,10 Kg,,,,,,,,,,,,,,,,,,,,,,,,,,,,FALSE,,,,,,,,,,FALSE,,,,,,,,,,
156,,,,,1978,07,30,Shrot,Borot_high,,,,,FALSE,,FALSE,,FALSE,FALSE,156,,,,,,,,,15 Kg,,,,,,,,,,,,,,,,,,,,,,,,,,,,FALSE,,,,,,,,,,FALSE,,,,,,,,,,
157,,,,,1978,07,31,Shrot,Mistach,,10,,,FALSE,,FALSE,,FALSE,FALSE,157,,,,,,,,,20 Kg,,,,,,,,,,,,,,,,,,,,,,,,,,,,FALSE,,,,,,,,,,FALSE,,,,,,,,,,
158,,,,,1978,07,31,Shrot,Mistach,,9,,,FALSE,,FALSE,,FALSE,FALSE,158,,,,,,,,,40 Kg,,,,,,,,,,,,,,,,,,,,,,,,,,,,FALSE,,,,,,,,,,FALSE,,,,,,,,,,
159,,,,,1978,07,31,Shrot,Mistach,,14,,,FALSE,,FALSE,,TRUE,FALSE,159,,,,,,,,,15 Kg,,,,,,,,,,,,,,,,,,,,,,,,,,,,FALSE,,,,,,,,,,FALSE,,,,,,,,,,
160,,,,,1978,07,31,Shrot,Mistach,,9,,,FALSE,,FALSE,,TRUE,FALSE,160,,,,,,,,,15 Kg,,,,,,,,,,,,,,,,,,,,,,,,,,,,FALSE,,,,,,,,,,FALSE,,,,,,,,,,
161,,,,,1978,08,01,Shrot,Mistach,,9,,,FALSE,,FALSE,,FALSE,FALSE,161,,,,,,,,,40 Kg,,,,,,,,,,,,,,,,,,,,,,,,,,,,FALSE,,,,,,,,,,FALSE,,,,,,,,,,
162,,,,,1978,08,01,Shrot,Mistach,,9,,,FALSE,,FALSE,,FALSE,FALSE,162,,,,,,,,,40 Kg,,,,,,,,,,,,,,,,,,,,,,,,,,,,FALSE,,,,,,,,,,FALSE,,,,,,,,,,
163,,,,,1978,08,01,Shrot,Mistach,,12,,,FALSE,,FALSE,,FALSE,FALSE,163,,,,,,,,,15 Kg,,,,,,,,,,,,,,,,,,,,,,,,,,,,FALSE,,,,,,,,,,FALSE,,,,,,,,,,
164,,,,,1978,08,01,Shrot,Mistach,,12,,,FALSE,,FALSE,,FALSE,FALSE,164,,,,,,,,,15 Kg,,,,,,,,,,,,,,,,,,,,,,,,,,,,FALSE,,,,,,,,,,FALSE,,,,,,,,,,
165,,,,,1978,08,02,Shrot,Mistach,,9,,,FALSE,,FALSE,,FALSE,FALSE,165,,,,,,,,,25 Kg,,,,,,,,,,,,,,,,,,,,,,,,,,,,FALSE,,,,,,,,,,FALSE,,,,,,,,,,
166,,,,,1978,08,02,Shrot,Mistach,,10,,,FALSE,,FALSE,,FALSE,FALSE,166,,,,,,,,,10 Kg,,,,,,,,,,,,,,,,,,,,,,,,,,,,FALSE,,,,,,,,,,FALSE,,,,,,,,,,
167,,,,,1978,08,02,Shrot,Mistach,,12,,,FALSE,,FALSE,,FALSE,FALSE,167,,,,,,,,,18 Kg,,,,,,,,,,,,,,,,,,,,,,,,,,,,FALSE,,,,,,,,,,FALSE,,,,,,,,,,
168,,,,,1978,08,02,Shrot,,,12,,,FALSE,,FALSE,,FALSE,FALSE,168,,,,,,,,,17 Kg,,,,,,,,,,,,,,,,,,,,,,,,,,,,FALSE,,,,,,,,,,FALSE,,,,,,,,,,
169,,,,,1978,08,03,Shrot,Mistach,10,,,,FALSE,,FALSE,,FALSE,FALSE,169,,,,,,,,,7 Kg,,,,,,,,,,,,,,,,,,,,,,,,,,,,FALSE,,,,,,,,,,FALSE,,,,,,,,,,
170,,,,,1978,08,03,Shrot,Petach,8,,,,FALSE,,FALSE,,FALSE,FALSE,170,,,,,,,,,8 Kg,,,,,,,,,,,,,,,,,,,,,,,,,,,,FALSE,,,,,,,,,,FALSE,,,,,,,,,,
171,,,,,1978,08,03,Shrot,Mistach,,12,,,FALSE,,FALSE,,TRUE,FALSE,171,,,,,,,,,17 Kg,,,,,,,,,,,,,,,,,,,,,,,,,,,,FALSE,,,,,,,,,,FALSE,,,,,,,,,,
172,,,,,1978,08,03,Shrot,Mistach,,,,,FALSE,,FALSE,,TRUE,FALSE,172,,,,,,,,,15 Kg,,,,,,,,,,,,,,,,,,,,,,,,,,,,FALSE,,,,,,,,,,FALSE,,,,,,,,,,
173,,,,,1978,08,04,Shrot,Mistach,,9,,,FALSE,,FALSE,,FALSE,FALSE,173,,,,,,,,,25 Kg,,,,,,,,,,,,,,,,,,,,,,,,,,,,FALSE,,,,,,,,,,FALSE,,,,,,,,,,
174,,,,,1978,08,04,Shrot,Mistach,,10,,,FALSE,,FALSE,,FALSE,FALSE,174,,,,,,,,,14 Kg,,,,,,,,,,,,,,,,,,,,,,,,,,,,FALSE,,,,,,,,,,FALSE,,,,,,,,,,
175,,,,,1978,08,04,Shrot,Mistach,,12,,,FALSE,,FALSE,,FALSE,FALSE,175,,,,,,,,,10 Kg,,,,,,,,,,,,,,,,,,,,,,,,,,,,FALSE,,,,,,,,,,FALSE,,,,,,,,,,
176,,,,,1978,08,04,Shrot,Mistach,,12,,,FALSE,,FALSE,,FALSE,FALSE,176,,,,,,,,,10 Kg,,,,,,,,,,,,,,,,,,,,,,,,,,,,FALSE,,,,,,,,,,FALSE,,,,,,,,,,
177,,,,,1978,08,05,Shrot,Mistach,,9,,,FALSE,,FALSE,,FALSE,FALSE,177,,,,,,,,,40 Kg,,,,,,,,,,,,,,,,,,,,,,,,,,,,FALSE,,,,,,,,,,FALSE,,,,,,,,,,
178,,,,,1978,08,05,Shrot,Mistach,,9,,,FALSE,,FALSE,,FALSE,FALSE,178,,,,,,,,,15 Kg,,,,,,,,,,,,,,,,,,,,,,,,,,,,FALSE,,,,,,,,,,FALSE,,,,,,,,,,
179,,,,,1978,08,05,Shrot,Mistach,,10,,,FALSE,,FALSE,,FALSE,FALSE,179,,,,,,,,,15 Kg,,,,,,,,,,,,,,,,,,,,,,,,,,,,FALSE,,,,,,,,,,FALSE,,,,,,,,,,
180,,,,,1978,08,05,Shrot,Mistach,,9,,,FALSE,,FALSE,,FALSE,FALSE,180,,,,,,,,,10 Kg,,,,,,,,,,,,,,,,,,,,,,,,,,,,FALSE,,,,,,,,,,FALSE,,,,,,,,,,
181,,,,,1978,08,06,Shrot,Mistach,,9,,,FALSE,,FALSE,,FALSE,FALSE,181,,,,,,,,,20 Kg,,,,,,,,,,,,,,,,,,,,,,,,,,,,FALSE,,,,,,,,,,FALSE,,,,,,,,,,
182,,,,,1978,08,06,Shrot,Mistach,,8,,,FALSE,,FALSE,,FALSE,FALSE,182,,,,,,,,,30 Kg,,,,,,,,,,,,,,,,,,,,,,,,,,,,FALSE,,,,,,,,,,FALSE,,,,,,,,,,
183,06,00,09,3,1978,08,08,Zion,,,,,,FALSE,,FALSE,,FALSE,FALSE,183,,,,,,,,,10 Kg,,,,,,,,,,,,,,,,,,,,,,,,,,,,FALSE,,,,,,,,,,FALSE,,,,,,,,,,
184,10,15,14,30,1978,08,08,Zion,,,,,,FALSE,,FALSE,,FALSE,FALSE,184,,,,,,,,,12 Kg,,,,,,,,,,,,,,,,,,,,,,,,,,,,FALSE,,,,,,,,,,FALSE,,,,,,,,,,
185,20,15,00,15,1978,08,08,Zion,,,,,,FALSE,,FALSE,,FALSE,FALSE,185,,,,,,,,,5 Kg,,,,,,,,,,,,,,,,,,,,,,,,,,,,FALSE,,,,,,,,,,FALSE,,,,,,,,,,
186,00,30,04,50,1978,08,09,Zion,,,,,,FALSE,,FALSE,,FALSE,FALSE,186,,,,,,,,,5 Kg,,,,,,,,,,,,,,,,,,,,,,,,,,,,FALSE,,,,,,,,,,FALSE,,,,,,,,,,
187,05,20,10,10,1978,08,09,Zion,,,,,,FALSE,,FALSE,,FALSE,FALSE,187,,,,,,,,,5 Kg,,,,,,,,,,,,,,,,,,,,,,,,,,,,FALSE,,,,,,,,,,FALSE,,,,,,,,,,
188,10,40,16,20,1978,08,09,Zion,,,,,,FALSE,,FALSE,,FALSE,FALSE,188,,,,,,,,,8 Kg,,,,,,,,,,,,,,,,,,,,,,,,,,,,FALSE,,,,,,,,,,FALSE,,,,,,,,,,
189,18,00,23,40,1978,08,09,Zion,,,,,,FALSE,,FALSE,,FALSE,FALSE,189,,,,,,,,,12 Kg,,,,,,,,,,,,,,,,,,,,,,,,,,,,FALSE,,,,,,,,,,FALSE,,,,,,,,,,
190,00,00,05,30,1978,08,10,Zion,,,,,,FALSE,,FALSE,,FALSE,FALSE,190,,,,,,,,,8 Kg,,,,,,,,,,,,,,,,,,,,,,,,,,,,FALSE,,,,,,,,,,FALSE,,,,,,,,,,
191,06,30,12,30,1978,08,10,Zion,Mistach,,,,,FALSE,,FALSE,,FALSE,FALSE,191,,,,,,,,,10 Kg,,,,,,,,,,,,,,,,,,,,,,,,,,,,FALSE,,,,,,,,,,FALSE,,,,,,,,,,
192,13,40,17,50,1978,08,10,Zion,keles W,,,,,FALSE,,FALSE,,FALSE,FALSE,192,,,,,,,,,5 Kg,,,,,,,,,,,,,,,,,,,,,,,,,,,,FALSE,,,,,,,,,,FALSE,,,,,,,,,,
193,11,30,17,30,1978,08,17,Levi,Borot,16,,,,FALSE,,FALSE,,FALSE,FALSE,193,,,,,,,,,12 Kg,,,,,,,,,,,,,,,,,,,,,,,,,,,,FALSE,,,,,,,,,,FALSE,,,,,,,,,,
194,18,00,00,00,1978,08,17,Levi,Mistach,,,,,FALSE,,FALSE,,FALSE,FALSE,194,,,,,,,,,10 Kg,,,,,,,,,,,,,,,,,,,,,,,,,,,,FALSE,,,,,,,,,,FALSE,,,,,,,,,,
195,00,00,06,30,1978,08,18,Levi,solhan,,,,,FALSE,,FALSE,,FALSE,FALSE,195,,,,,,,,,8 Kg,,,,,,,,,,,,,,,,,,,,,,,,,,,,FALSE,,,,,,,,,,FALSE,,,,,,,,,,
196,06,30,12,00,1978,08,18,Levi,Mistach,,,,,FALSE,,FALSE,,FALSE,FALSE,196,,,,,,,,,13 Kg,,,,,,,,,,,,,,,,,,,,,,,,,,,,FALSE,,,,,,,,,,FALSE,,,,,,,,,,
197,12,30,18,00,1978,08,18,Levi,Mistach,,,,,FALSE,,FALSE,,FALSE,FALSE,197,,,,,,,,,10 Kg,,,,,,,,,,,,,,,,,,,,,,,,,,,,FALSE,,,,,,,,,,FALSE,,,,,,,,,,
198,00,30,18,00,1978,08,19,Levi,Mistach,,,,,FALSE,,FALSE,,FALSE,FALSE,198,,,,,,,,,8 Kg,,,,,,,,,,,,,,,,,,,,,,,,,,,,FALSE,,,,,,,,,,FALSE,,,,,,,,,,
199,06,30,10,00,1978,08,19,Levi,Mistach,,,,,FALSE,,FALSE,,FALSE,FALSE,199,,,,,,,,,5 Kg,,,,,,,,,,,,,,,,,,,,,,,,,,,,FALSE,,,,,,,,,,FALSE,,,,,,,,,,
200,11,00,18,00,1978,08,19,Levi,Mistach,,,,,FALSE,,FALSE,,FALSE,FALSE,200,,,,,,,,,15 Kg,,,,,,,,,,,,,,,,,,,,,,,,,,,,FALSE,,,,,,,,,,FALSE,,,,,,,,,,
201,11,00,18,00,1978,08,19,Levi,Mistach,,,,,FALSE,,FALSE,,FALSE,FALSE,201,,,,,,,,,15 Kg,,,,,,,,,,,,,,,,,,,,,,,,,,,,FALSE,,,,,,,,,,FALSE,,,,,,,,,,
202,19,00,01,00,1978,08,19,Levi,Mistach,,,,,FALSE,,FALSE,,FALSE,FALSE,202,,,,,,,,,8 Kg,,,,,,,,,,,,,,,,,,,,,,,,,,,,FALSE,,,,,,,,,,FALSE,,,,,,,,,,
203,01,30,07,00,1978,08,20,Levi,Mistach,,12,,,FALSE,,FALSE,,FALSE,FALSE,203,,,,,,,,,12 Kg,,,,,,,,,,,,,,,,,,,,,,,,,,,,FALSE,,,,,,,,,,FALSE,,,,,,,,,,
204,08,00,14,00,1978,08,20,Levi,keles,,9,,,FALSE,,FALSE,,FALSE,FALSE,204,,,,,,,,,16 Kg,,,,,,,,,,,,,,,,,,,,,,,,,,,,FALSE,,,,,,,,,,FALSE,,,,,,,,,,
205,14,30,18,30,1978,08,20,Levi,Mistach,,,,,FALSE,,FALSE,,FALSE,FALSE,205,,,,,,,,,8 Kg,,,,,,,,,,,,,,,,,,,,,,,,,,,,FALSE,,,,,,,,,,FALSE,,,,,,,,,,
206,19,30,00,30,1978,08,20,Levi,Mistach,,,,,FALSE,,FALSE,,FALSE,FALSE,206,,,,,,,,,10 Kg,,,,,,,,,,,,,,,,,,,,,,,,,,,,FALSE,,,,,,,,,,FALSE,,,,,,,,,,
207,01,30,06,00,1978,08,21,Levi,Mistach,,,,,FALSE,,FALSE,,FALSE,FALSE,207,,,,,,,,,12 Kg,,,,,,,,,,,,,,,,,,,,,,,,,,,,FALSE,,,,,,,,,,FALSE,,,,,,,,,,
208,08,30,11,30,1978,08,21,Levi,Mistach,,10,,,FALSE,,FALSE,,FALSE,FALSE,208,,,,,,,,,5 Kg,,,,,,,,,,,,,,,,,,,,,,,,,,,,FALSE,,,,,,,,,,FALSE,,,,,,,,,,
209,12,00,13,30,1978,08,21,Levi,Mistach,,8,,,FALSE,,FALSE,,FALSE,FALSE,209,,,,,,,,,3 Kg,,,,,,,,,,,,,,,,,,,,,,,,,,,,FALSE,,,,,,,,,,FALSE,,,,,,,,,,
210,14,00,19,00,1978,08,21,Levi,Mistach,,9,,,FALSE,,FALSE,,FALSE,FALSE,210,,,,,,,,,8 Kg,,,,,,,,,,,,,,,,,,,,,,,,,,,,FALSE,,,,,,,,,,FALSE,,,,,,,,,,
211,19,30,02,30,1978,08,21,Levi,Mistach,,,,,FALSE,,FALSE,,FALSE,FALSE,211,,,,,,,,,13 Kg,,,,,,,,,,,,,,,,,,,,,,,,,,,,FALSE,,,,,,,,,,FALSE,,,,,,,,,,
212,02,30,07,30,1978,08,22,Levi,Borot E,12,,,,FALSE,,FALSE,,FALSE,FALSE,212,,,,,,,,,12 Kg,,,,,,,,,,,,,,,,,,,,,,,,,,,,FALSE,,,,,,,,,,FALSE,,,,,,,,,,
213,08,00,13,00,1978,08,22,Levi,Borot E,13,,,,FALSE,,FALSE,,FALSE,FALSE,213,,,,,,,,,8 Kg,,,,,,,,,,,,,,,,,,,,,,,,,,,,FALSE,,,,,,,,,,FALSE,,,,,,,,,,
214,14,00,19,00,1978,08,22,Levi,Borot E,13,,,,FALSE,,FALSE,,FALSE,FALSE,214,,,,,,,,,10 Kg,,,,,,,,,,,,,,,,,,,,,,,,,,,,FALSE,,,,,,,,,,FALSE,,,,,,,,,,
215,19,30,02,00,1978,08,22,Levi,Borot_high,,,,,FALSE,,FALSE,,FALSE,FALSE,215,,,,,,,,,10 Kg,,,,,,,,,,,,,,,,,,,,,,,,,,,,FALSE,,,,,,,,,,FALSE,,,,,,,,,,
216,09,00,15,00,1978,08,23,Levi,Mistach,,,,,FALSE,,FALSE,,FALSE,FALSE,216,,,,,,,,,10 Kg,,,,,,,,,,,,,,,,,,,,,,,,,,,,FALSE,,,,,,,,,,FALSE,,,,,,,,,,
217,16,00,22,00,1978,08,23,Levi,Mistach,12,,,,FALSE,,FALSE,,FALSE,FALSE,217,,,,,,,,,10 Kg,,,,,,,,,,,,,,,,,,,,,,,,,,,,FALSE,,,,,,,,,,FALSE,,,,,,,,,,
218,22,45,05,30,1978,08,24,Levi,Mistach,,,,,FALSE,,FALSE,,FALSE,FALSE,218,,,,,,,,,12 Kg,,,,,,,,,,,,,,,,,,,,,,,,,,,,FALSE,,,,,,,,,,FALSE,,,,,,,,,,
219,06,00,12,40,1978,08,24,Levi,Mistach,,9,,,FALSE,,FALSE,,FALSE,FALSE,219,,,,,,,,,15 Kg,,,,,,,,,,,,,,,,,,,,,,,,,,,,FALSE,,,,,,,,,,FALSE,,,,,,,,,,
220,12,30,18,00,1978,08,24,Levi,Mistach,,9,,,FALSE,,FALSE,,FALSE,FALSE,220,,,,,,,,,10 Kg,,,,,,,,,,,,,,,,,,,,,,,,,,,,FALSE,,,,,,,,,,FALSE,,,,,,,,,,
221,00,30,06,00,1978,08,25,Levi,Borot_high,,,,,FALSE,,FALSE,,FALSE,FALSE,221,,,,,,,,,12 Kg,,,,,,,,,,,,,,,,,,,,,,,,,,,,FALSE,,,,,,,,,,FALSE,,,,,,,,,,
222,06,30,12,00,1978,08,25,Levi,keles,,9.5,,,FALSE,,FALSE,,FALSE,FALSE,222,,,,,,,,,20 Kg,,,,,,,,,,,,,,,,,,,,,,,,,,,,FALSE,,,,,,,,,,FALSE,,,,,,,,,,
223,12,30,18,00,1978,08,25,Levi,Mistach,,9.5,,,FALSE,,FALSE,,FALSE,FALSE,223,,,,,,,,,25 Kg,,,,,,,,,,,,,,,,,,,,,,,,,,,,FALSE,,,,,,,,,,FALSE,,,,,,,,,,
224,18,30,00,00,1978,08,25,Levi,Mistach,,10,,,FALSE,,FALSE,,FALSE,FALSE,224,,,,,,,,,12 Kg,,,,,,,,,,,,,,,,,,,,,,,,,,,,FALSE,,,,,,,,,,FALSE,,,,,,,,,,
225,00,30,06,00,1978,08,26,Levi,Mistach,,11,,,FALSE,,FALSE,,FALSE,FALSE,225,,,,,,,,,10 Kg,,,,,,,,,,,,,,,,,,,,,,,,,,,,FALSE,,,,,,,,,,FALSE,,,,,,,,,,
226,06,30,12,00,1978,08,26,Levi,Mistach,,10,,,FALSE,,FALSE,,FALSE,FALSE,226,,,,,,,,,12 Kg,,,,,,,,,,,,,,,,,,,,,,,,,,,,FALSE,,,,,,,,,,FALSE,,,,,,,,,,
227,12,30,18,00,1978,08,26,Levi,Mistach,,10,,,FALSE,,FALSE,,FALSE,FALSE,227,,,,,,,,,8 Kg,,,,,,,,,,,,,,,,,,,,,,,,,,,,FALSE,,,,,,,,,,FALSE,,,,,,,,,,
228,19,30,00,30,1978,08,26,Levi,Mistach,,10,,,FALSE,,FALSE,,FALSE,FALSE,228,,,,,,,,,6 Kg,,,,,,,,,,,,,,,,,,,,,,,,,,,,FALSE,,,,,,,,,,FALSE,,,,,,,,,,
229,23,15,05,00,1978,09,17,Levi,Ashdod S,,10,,,FALSE,,FALSE,,FALSE,FALSE,229,,,,,,,,,30 Kg,,,,,,,,,,,,,,,,,,,,,,,,,,,,FALSE,,,,,,,,,,FALSE,,,,,,,,,,
230,06,15,10,00,1978,09,17,Levi,Nitanim S,18,,,,FALSE,,FALSE,,FALSE,FALSE,230,,,,,,,,4,,,,,,,,,,,,,,,,,,,,,,,,,,,,,FALSE,,,,,,,,,,FALSE,,,,,,,,,,
231,10,45,15,00,1978,09,17,Levi,Nitanim S,21,,,,FALSE,,FALSE,,FALSE,FALSE,231,,,,,,,,6,,,,,,,,,,,,,,,,,,,,,,,,,,,,,FALSE,,,,,,,,,,FALSE,,,,,,,,,,
232,15,30,18,0,1978,09,17,Levi,Gazza N,22,,,,FALSE,,FALSE,,FALSE,FALSE,232,,,,,,,,5,,,,,,,,,,,,,,,,,,,,,,,,,,,,,FALSE,,,,,,,,,,FALSE,,,,,,,,,,
233,19,15,23,30,1978,09,17,Levi,Ashkelon N,10,,,,FALSE,,FALSE,,FALSE,FALSE,233,,,,,,,,,20 Kg,,,,,,,,,,,,,,,,,,,,,,,,,,,,FALSE,,,,,,,,,,FALSE,,,,,,,,,,
234,00,00,06,00,1978,09,18,Levi,Ashdod S,,,,,FALSE,,FALSE,,FALSE,FALSE,234,,,,,,,,,20 Kg,,,,,,,,,,,,,,,,,,,,,,,,,,,,FALSE,,,,,,,,,,FALSE,,,,,,,,,,
235,12,15,16,15,1978,09,18,Levi,Ashdod S,20,,,,FALSE,,FALSE,,FALSE,FALSE,235,,,,,,,,12,,,,,,,,,,,,,,,,,,,,,,,,,,,,,FALSE,,,,,,,,,,FALSE,,,,,,,,,,
236,17,30,23,30,1978,09,18,Levi,Ashdod S,15,,,,FALSE,,FALSE,,FALSE,FALSE,236,,,,,,,,,12 Kg,,,,,,,,,,,,,,,,,,,,,,,,,,,,FALSE,,,,,,,,,,FALSE,,,,,,,,,,
237,00,00,05,00,1978,09,19,Levi,Ashdod S,,,,,FALSE,,FALSE,,FALSE,FALSE,237,,,,,,,,,13 Kg,,,,,,,,,,,,,,,,,,,,,,,,,,,,FALSE,,,,,,,,,,FALSE,,,,,,,,,,
238,06,00,10,00,1978,09,19,Levi,Ashdod S,21,,,,FALSE,,FALSE,,FALSE,FALSE,238,,,,,,,,10,,,,,,,,,,,,,,,,,,,,,,,,,,,,,FALSE,,,,,,,,,,FALSE,,,,,,,,,,
239,11,00,14,30,1978,09,19,Levi,Ashdod S,22,,,,FALSE,,FALSE,,FALSE,FALSE,239,,,,,,,,8,,,,,,,,,,,,,,,,,,,,,,,,,,,,,FALSE,,,,,,,,,,FALSE,,,,,,,,,,
240,15,00,17,30,1978,09,19,Levi,Ashdod S,21,,,,FALSE,,FALSE,,FALSE,FALSE,240,,,,,,,,5,,,,,,,,,,,,,,,,,,,,,,,,,,,,,FALSE,,,,,,,,,,FALSE,,,,,,,,,,
241,20,30,05,30,1978,09,20,Levi,Ashdod S,,,,,FALSE,,FALSE,,FALSE,FALSE,241,,,,,,,,,25 Kg,,,,,,,,,,,,,,,,,,,,,,,,,,,,FALSE,,,,,,,,,,FALSE,,,,,,,,,,
242,06,30,10,30,1978,09,20,Levi,Nitanim N,27,,,,FALSE,,FALSE,,FALSE,FALSE,242,,,,,,,,6,,,,,,,,,,,,,,,,,,,,,,,,,,,,,FALSE,,,,,,,,,,FALSE,,,,,,,,,,
243,11,00,15,00,1978,09,20,Levi,Palmachim S,25,,,,FALSE,,FALSE,,FALSE,FALSE,243,,,,,,,,10,,,,,,,,,,,,,,,,,,,,,,,,,,,,,FALSE,,,,,,,,,,FALSE,,,,,,,,,,
244,15,30,19,30,1978,09,20,Levi,Riding S,22,,,,FALSE,,FALSE,,FALSE,FALSE,244,,,,,,,,6,,,,,,,,,,,,,,,,,,,,,,,,,,,,,FALSE,,,,,,,,,,FALSE,,,,,,,,,,
245,21,00,04,00,1978,09,20,Levi,Ashdod S,8,,,,FALSE,,FALSE,,FALSE,FALSE,245,,,,,,,,,25 Kg,,,,,,,,,,,,,,,,,,,,,,,,,,,,FALSE,,,,,,,,,,FALSE,,,,,,,,,,
246,06,00,10,00,1978,09,21,Levi,Ashdod N,25,,,,FALSE,,FALSE,,FALSE,FALSE,246,,,,,,,,5,,,,,,,,,,,,,,,,,,,,,,,,,,,,,FALSE,,,,,,,,,,FALSE,,,,,,,,,,
247,10,30,14,30,1978,09,21,Levi,Riding S,24,,,,FALSE,,FALSE,,FALSE,FALSE,247,,,,,,,,23,,,,,,,,,,,,,,,,,,,,,,,,,,,,,FALSE,,,,,,,,,,FALSE,,,,,,,,,,
248,15,00,18,00,1978,09,21,Levi,Ashdod N,25,,,,FALSE,,FALSE,,FALSE,FALSE,248,,,,,,,,13,,,,,,,,,,,,,,,,,,,,,,,,,,,,,FALSE,,,,,,,,,,FALSE,,,,,,,,,,
249,19,00,00,00,1978,09,21,Levi,Ashdod S,,,,,FALSE,,FALSE,,FALSE,FALSE,249,,,,,,,,,10 Kg,,,,,,,,,,,,,,,,,,,,,,,,,,,,FALSE,,,,,,,,,,FALSE,,,,,,,,,,
250,00,30,05,00,1978,09,22,Levi,Ashdod S,,,,,FALSE,,FALSE,,FALSE,FALSE,250,,,,,,,,,5 Kg,,,,,,,,,,,,,,,,,,,,,,,,,,,,FALSE,,,,,,,,,,FALSE,,,,,,,,,,
251,06,15,10,00,1978,09,22,Levi,Ashdod N,25,,,,FALSE,,FALSE,,FALSE,FALSE,251,,,,,,,,8,,,,,,,,,,,,,,,,,,,,,,,,,,,,,FALSE,,,,,,,,,,FALSE,,,,,,,,,,
252,10,30,14,00,1978,09,22,Levi,Tel Aviv S,25,,,,FALSE,,FALSE,,FALSE,FALSE,252,,,,,,,,12,,,,,,,,,,,,,,,,,,,,,,,,,,,,,FALSE,,,,,,,,,,FALSE,,,,,,,,,,
253,14,45,18,00,1978,09,22,Levi,Kor S,25,,,,FALSE,,FALSE,,FALSE,FALSE,253,,,,,,,,15,,,,,,,,,,,,,,,,,,,,,,,,,,,,,FALSE,,,,,,,,,,FALSE,,,,,,,,,,
254,05,30,09,00,1978,09,23,Levi,Kor N,26,,,,FALSE,,FALSE,,FALSE,FALSE,254,,,,,,,,30,,,,,,,,,,,,,,,,,,,,,,,,,,,,,FALSE,,,,,,,,,,FALSE,,,,,,,,,,
255,09,45,13,30,1978,09,23,Levi,Tel Aviv S,26,,,,FALSE,,FALSE,,FALSE,FALSE,255,,,,,,,,17,,,,,,,,,,,,,,,,,,,,,,,,,,,,,FALSE,,,,,,,,,,FALSE,,,,,,,,,,
