Net,Start_Time_hh,Start_Time_mm,End_Time_hh,End_Time_mm,Year(XXXX),Month(XX),Day(XX),Fishermen,Fishing_field,Depth,Distance_to_Shore,Commants,Fishing_field_text,Storm,High_sea,Net_Type,Net,Anshubi,Bakala,Barbon,Ben_Gurion,Crab,Denis,Farida,Fish,Gambari,Gerbida,Hazir,Hulim,Intias,Jelly_Fish,Kalamari,Lavan,Makarunim,Malitta,Marmir,Musar,Palamud,Pas_Tzahov,Rofus,Rofus_Fake,Sabida,Saragus,Sardin,Scombri,Soltan,Soltan_Fake,Soltan_Mix,Special,Tarachun,Taref,Televisia,Trulus,Missing,Comments,Lokus,General_Box,Very_weak,varod,vest,Krisal,Kaptzonim
1,,,,,1995,09,27,Cna'an,Ashdod,9.5,,night,N,FALSE,FALSE,With hercules,1,,,,,,,,,,,,,,,,,,,,,,,,,,,,,9,,,,,,,8,FALSE,,,,FALSE,,,,
2,,,,,1995,09,27,Cna'an,Ga'ash,22.5,3.8,,N,FALSE,FALSE,,2,,,,,,,,,,,,,1,,,1,1,1,,,,,,,,,,,3,,,,,,,,FALSE,,,3,FALSE,,,,
3,,,,,1995,09,27,Cna'an,Ga'ash,,2.8,,S,FALSE,FALSE,,3,,,,,,,,,,,,,,,,,,,,,,,,,,,,,1,,,,,,,,FALSE,,,11,FALSE,,,,
4,,,,,1995,09,27,Cna'an,,50,,,,FALSE,FALSE,night - 7 hours,4,,,,,,,,,,,,,,,70 Kg,,,,,,,,,,,,,,,,,,,,,,FALSE,,,,FALSE,,,,
5,,,,,1995,09,28,Cna'an,Hertzelia,,3.8,,N,FALSE,FALSE,,5,,,,,,,,,,,,,,,,,,,,,,,,,,,,,,,,,,,,,FALSE,,,,FALSE,,,,
6,,,,,1995,09,29,Cna'an,,,,Shore. Strong north winds from noon and night,,FALSE,TRUE,,6,,,,,,,,,,,,,,,,,,,,,,,,,,,,,,,,,,,,,FALSE,,,,FALSE,,,,
7,,,,,1995,09,30,Cna'an,Ashdod,,,night,S,FALSE,FALSE,,7,,,,,,,,,,,,,,,,,,,,,,,,,,,,,,,,,,,,,FALSE,,,,FALSE,,,,
8,,,,,1995,09,30,Cna'an,Ashdod,2,,,S,FALSE,FALSE,,8,,,,,,,,,,,,,,,,2,,,,,,,,,,,,,,,,,,,,,FALSE,,,3,FALSE,,,,
9,,,,,1995,09,30,Cna'an,Nitzanim,19.5,,,,FALSE,TRUE,,9,,,,,,,,,,,,,,,,,,,,,,,,,,,,,,,,,,,,,FALSE,,,7,FALSE,,,,
10,,,,,1995,10,01,Cna'an,Ashdod,,,Night,S,FALSE,FALSE,,10,,,,,,,,,,,,,,,,,,,,,,,,,,,,,,,,,,,,,FALSE,,,70 Kg,FALSE,,,,
11,,,,,1995,10,01,Cna'an,Palmachim,,3.4,,Herzelia marina,FALSE,FALSE,,11,,,,,,,,,,,,,,,,,,,,,,,,,,,,,,,,,,,,,FALSE,,,7,FALSE,,,,
12,,,,,1995,10,01,Cna'an,Hertzelia,29,,,S,FALSE,FALSE,,12,,,,,,,,,,,,,,,,,,,,,,,,,,,,,,,,,,,,,FALSE,,,8,FALSE,,,,
13,,,,,1995,10,02,Cna'an,Ashdod,47,,,N,FALSE,FALSE,,13,,,,,,,,,,,,,,,130 Kg,,,,,,,,,,,,,,1.5,,,,,,,,FALSE,,,,FALSE,,,,
14,,,,,1995,10,02,Cna'an,Falik,,3.7,,,FALSE,FALSE,,14,,,,,,,,,,,,,,,,,,,,,,,,,,,,,,,,,,,,,FALSE,,,0,FALSE,,,,
15,,,,,1995,10,04,Cna'an,Ashdod,49,,night,N,FALSE,FALSE,,15,,,,,,,,,,,,,,,70 Kg,,,,,,,,,,,,,,,,,,,,,,FALSE,,,,FALSE,,,,
16,,,,,1995,10,05,Cna'an,Tel-Aviv,,3.8,,Natania,FALSE,FALSE,,16,,,,,,,,,,,,,,,,,,,,,,,,,,,,,,,,,,,,,FALSE,,,6,FALSE,,,,
17,,,,,1995,10,05,Cna'an,Natania,,3.2,,,FALSE,FALSE,,17,,,,,,,,,,,,,,,,,,,,,,,,,,,,,7,,,,,,,,FALSE,,,7,FALSE,,,,
18,,,,,1995,10,05,Cna'an,,49,,Night. Strong north wind,,FALSE,TRUE,,18,,,,,,,,,,,,,,,,,,,,,,,,,,,,,,,,,,,,,FALSE,,,140 Kg,FALSE,,,,
19,,,,,1995,10,06,Cna'an,Bat-Yam,,2.8,,N,FALSE,FALSE,,19,,,,,,,,,,,,,,,,,,,,,,,,,,,,,8,,,,,,,,FALSE,,,7,FALSE,,,,
20,,,,,1995,10,06,Cna'an,Shfa'im,,,,S,FALSE,FALSE,,20,,,,,,,,,,,,,,,,,,,,,,,,,,,,,,,,,,,,,FALSE,,,5,FALSE,,,,
21,,,,,1995,10,07,Cna'an,Ashdod,43.5,,night,Falik,FALSE,FALSE,,21,,,,,,,,,,,,,,,,,,,,,,,,,,,,,,,,,,,,,FALSE,,,,FALSE,,,,
22,,,,,1995,10,07,Cna'an,Falik,,2.8,,S,FALSE,FALSE,,22,,,,,,,,,,,,,,,,,,,,,,,,,,,,,6 M+,,,,,,,,FALSE,,,12,FALSE,,,,
23,,,,,1995,10,07,Cna'an,Tel-Aviv,,2.8,,Riding,FALSE,FALSE,,23,,,,,,,,,,,,,,,,,,,,,,,,,,,,,,,,,,,,,FALSE,,,7,FALSE,,,,
24,,,,,1995,10,07,Cna'an,Natania,42.5,,,,FALSE,FALSE,,24,,,,,,,,,,,,,,,20 Kg,,,,,,,,,,,,,,2.5,,,,,,,,FALSE,,,,FALSE,,,,
25,,,,,1995,10,08,Cna'an,,50,,Night,S,FALSE,FALSE,,25,,,,,,,,,,,,,,,80,,,,,,,,,,1,,,,2,,,,,,,,FALSE,,,,FALSE,,,,
26,06,30,10,00,1995,10,13,Ornu,Ashkelon,16,,,N,FALSE,FALSE,,26,,,,,,,,,,,,,,,,,,,,,,,,,,,,,,,,,,,,,FALSE,,1 Ind L+,6,FALSE,,,,
27,10,30,14,00,1995,10,13,Ornu,Palmachim,,3.2,,N,FALSE,FALSE,,27,,,,,,,,,,,,,,,,,,,,,,,,,,,,,,,,,,,,,FALSE,,,5,FALSE,,,,
28,14,30,17,30,1995,10,13,Ornu,Jaffa,,2.5,,,FALSE,FALSE,,28,,,,,,,,,,,,,,,,,,10,,,,,,,,,,,,,,,,,,,FALSE,,,10,FALSE,,,,
29,20,30,05,15,1995,10,13,Ornu,Ashdod,,,,S,FALSE,FALSE,Tonisait,29,,,,,,,,,120 Kg B+,,,,,,,,,,,,,,,,,,,,,,,,,,,,FALSE,,,,FALSE,,,,
30,06,30,10,00,1995,10,14,Ornu,Ashdod,,1.8,,N,FALSE,FALSE,,30,,,,,,,,,,,,,,,,,,,,,,,,,,,,,,,,,,,,,FALSE,,,18 M+,FALSE,,,,
31,10,30,14,00,1995,10,14,Ornu,Tel-Aviv,,2.8,,N,FALSE,FALSE,,31,,,,,,,,,,,,,,,,,,,,,,,,,,,,,1 M+,,,,,,,,FALSE,,,6,FALSE,,,,
32,14,30,17,30,1995,10,14,Ornu,Tel-Aviv,,,,,FALSE,FALSE,,32,,,,,,,,,,,,,,,,,,,,,,,,,,,,,,,,,,,,,FALSE,,,6,FALSE,,,,
33,20,15,04,45,1995,10,14,Ornu,,7.5,,,,FALSE,FALSE,,33,,,,,,,,,,,,,,,,,,,,,,,,,,,,,,,,,,,,,FALSE,,,100 Kg,FALSE,,,,
34,00,00,05,00,1995,10,17,Ornu,Ashdod,7.5,,,,FALSE,FALSE,,34,,,,,,,,,,,,,,,,,,,,,,,,,,,,,,,,,,,,,FALSE,,,60 Kg,FALSE,,,,
35,06,00,10,00,1995,10,17,Ornu,Ashdod,18,,,N,FALSE,FALSE,,35,,,,,,,,,,,,,,,,,,,,,,,,,,,,,,,,,,,,,FALSE,,,10,FALSE,,,,
36,10,30,14,30,1995,10,17,Ornu,Jaffa,,,,,FALSE,FALSE,,36,,,,,,,,,,,,,,,,,,,,,,,,,,,,,3.5,,,,,,,,FALSE,,,6.5,FALSE,,,,
37,15,00,17,15,1995,10,17,Ornu,Bat-Yam,,,,S,FALSE,FALSE,,37,,,,,,,,,,,,,,,,,,,,,,,,,,,,,,,,,,,,,FALSE,,,4,FALSE,,,,
38,18,00,23,00,1995,10,17,Ornu,Ashdod,7.5,,,S,FALSE,FALSE,Tunisait,38,,,,,,,,,,,,,,,,,,,,,,,,,,,,,,,,,,,,,FALSE,,,60 Kg,FALSE,,,,
39,23,30,04,30,1995,10,17,Ornu,Ashdod,7.5,,,S,FALSE,FALSE,,39,,,,,,,,,,,,,,,,,,,,,,,,,,,,,,,,,,,,,FALSE,,,,FALSE,,,,
40,08,45,09,30,1995,10,18,Ornu,Ashdod,42,,,N,FALSE,FALSE,,40,,,,,,,,,,,,,,,,,,,,,,,,,,,,,,,,,,,,,FALSE,,,1,FALSE,,,,
41,10,00,14,00,1995,10,18,Ornu,Palmachim,42,,,N,FALSE,FALSE,,41,,,,,,,,,,,,,,,,,,,,,,,,,,,,,,,,,,,,,FALSE,,,3,FALSE,,,,
42,15,30,18,00,1995,10,18,Ornu,Hertzelia,29,,,N,FALSE,FALSE,,42,,,,,,,,,,,,,,,,,,,,,,,,,,,,,,,,,,,,,FALSE,,,4,FALSE,,,,
43,19,00,04,00,1995,10,18,Ornu,Michmoret,52,,,S,FALSE,FALSE,,43,,,,,,,,,,,,,,,50 Kg,,,,,,,,,,,,,,,,,,,,,,FALSE,,,,FALSE,,,,
44,06,00,10,00,1995,10,19,Ornu,Jaffa,,2.8,,N,FALSE,FALSE,,44,,,,,,,,,,,,,,,,,,,,,,,,,,,,,7,,,,,,,,FALSE,,,3,FALSE,,,,
45,10,30,14,30,1995,10,19,Ornu,Falik,,2.8,,S,FALSE,FALSE,,45,,,,,,,,,,,,,,,,,,,,,,,,,,,,,2,,,,,,,,FALSE,,,4,FALSE,,,,
46,15,00,17,30,1995,10,19,Ornu,Jaffa,,2.5,,S,FALSE,FALSE,,46,,,,,,,,,,,,,,,,,,,,,,,,,,,,,,,,,,,,,FALSE,,,,FALSE,,,,
47,18,30,00,00,1995,10,19,Ornu,Ashdod,6.5,,,S,FALSE,FALSE,,47,,,,,,,,,50 Kg,,,,,,,,,,,,,,,,,,,,,,,,,,,,FALSE,,,,FALSE,,,,
48,00,30,04,30,1995,10,20,Ornu,Ashdod,8.5,,,S,FALSE,FALSE,,48,,,,,,,,,50 Kg,,,,,,,,,,,,,,,,,,,,,,,,,,,,FALSE,,,,FALSE,,,,
49,07,30,11,30,1995,10,20,Ornu,Ashdod,,2.7,,N,FALSE,FALSE,,49,,,,,,,,,,,,,,,,2 L+,,,,,,,,,,,,,,,,,,,,,FALSE,,,10,FALSE,,,,
50,12,30,16,30,1995,10,20,Ornu,Jaffa,,,,,FALSE,FALSE,,50,,,,,,,,,,,,,1,,,,,,,,,,,,,,,,4,,,,,,,,FALSE,,1,4,FALSE,,,,
51,18,30,00,30,1995,10,20,Ornu,Falik,52,,,S,FALSE,FALSE,,51,,,,,,,,,,,,,,,80 Kg,,,,,,,,,,,,,,,,,,,,,,FALSE,,,,FALSE,,,,
52,01,15,06,00,1995,10,21,Ornu,Bat-Yam,52,,,N,FALSE,FALSE,,52,,,,,,,,,,,,,,,50 Kg,,,,,,,,,,,,,,,,,,,,,,FALSE,,,,FALSE,,,,
53,07,30,12,00,1995,10,21,Ornu,Falik,,,,N,FALSE,FALSE,,53,,,,,,,,,,,,,,,,,,,,,,,,,,,,,,,,,,,,,FALSE,,,4,FALSE,,,,
54,14,30,17,00,1995,10,21,Ornu,Hadera,,,,S,FALSE,FALSE,,54,,,,,,,,,,,,,,,,,,,,,,,,,,,,,,,,,,,,,FALSE,,,0,FALSE,,,,
55,18,30,00,00,1995,10,21,Ornu,Falik,,,,S,FALSE,FALSE,,55,,,,,,,,,,,,,,,50 Kg,,,,,,,,,,,,,,,,,,,,,,FALSE,,,,FALSE,,,,
56,00,30,05,00,1995,10,22,Ornu,Bat-Yam,50,,,N,FALSE,FALSE,,56,,1,,,,,,,,,,,,,10 Kg,,,,,,,,,,,,,,,,,,,,,,FALSE,,,,FALSE,2,,,
57,06,30,10,00,1995,10,22,Ornu,Falik,,2.8,,S,FALSE,FALSE,,57,,,,,,,,,,,,,,,,,,,,,,,,,,,,,,,,,,,,,FALSE,,,6,FALSE,,,,
58,10,30,13,30,1995,10,22,Ornu,Jaffa,,2.5,,N,FALSE,FALSE,,58,,,,,,,,,,,,,,,,,,,,,,,,,,,,,,,,,,,,,FALSE,,,10,FALSE,,,,
59,14,00,17,00,1995,10,22,Ornu,Bat-Yam,,2.5,,S,FALSE,FALSE,,59,,,,,,,,,,,,,,,,,,,,,,,,,,,,,,,,,,,,,FALSE,,,3,FALSE,,,,
60,23,00,05,30,1995,10,22,Ornu,North,8,,night,,FALSE,FALSE,,60,,,,,,,,3 L+3 S+1 B,80 Kg,,,,,,,,,,,,,,,,,,,,,,,,,,,,FALSE,,,,FALSE,,,,
61,06,30,11,00,1995,10,23,Ornu,Ashdod,18,,,N,FALSE,FALSE,,61,,,,,,2 M+,,2 B,,,,1,1,,,,,4,,,6,,,,,,,,2 B,,,,,,,,FALSE,,0.5,,FALSE,,,,
62,11,30,14,30,1995,10,23,Ornu,Jaffa,,,,Riding,FALSE,FALSE,,62,,,,,,,,2B,,,,1,,,,,,,,,,,,,,,,,3B,,,1,,,,,FALSE,,,,FALSE,,,,
63,15,00,17,30,1995,10,23,Ornu,Riding,,,,,FALSE,FALSE,,63,,,,,,,1,,,,,,,,,,,,,,,,,,,,,,,,,,,,,,FALSE,,,3,FALSE,,,,
64,18,30,00,00,1995,10,23,Ornu,Ashdod,5.5,,,N,FALSE,FALSE,,64,,,,,,,,,90 Kg,,,,,,,,,,,,,,,,,,,,,,,,,,,,FALSE,,,,FALSE,,,,
65,00,30,05,30,1995,10,24,Ornu,Ashdod,5.5,,,,FALSE,FALSE,,65,,,,,,,,,,,,,,,,,,,,,,,,,,,,,,,,,,,,,FALSE,,,,FALSE,,,,
66,06,30,07,30,1995,10,24,Ornu,Ashdod,18,,,N,FALSE,FALSE,,66,,,,,,,,,,,,,,,,,,,,,,,,,,,,,2B,,,,,,,,FALSE,,,1,FALSE,,,,
67,08,00,12,00,1995,10,24,Ornu,Ashdod,16,,,Riding,FALSE,FALSE,,67,,,,,,,,,,,,,,,,,,,,,,,,,,,,,,,,,,,,,FALSE,הרבה לבן,,15,FALSE,,,,
68,12,30,16,00,1995,10,24,Ornu,Riding,,2.8,,S,FALSE,FALSE,,68,,,,,,,,,,,,,,,,,,,,,,,,,,,,,,,,,,,,,FALSE,,,6,FALSE,,,,
69,,,,,1995,10,25,Cna'an,Palmachim,,1.8,night,N,FALSE,FALSE,,69,,,,,,,,,,,,,,,,,,,,,,,,,,,,,,,,,,,,,FALSE,,,15,FALSE,,,,
70,,,,,1995,10,25,Cna'an,Hertzelia,,2.8,,,FALSE,FALSE,,70,,,,,,,,,,,,,,,,,,,,,,,,,,,,,,,,,,,,,FALSE,,,10,FALSE,,,,
71,,,,,1995,10,25,Cna'an,North,,,night. Net torn.,,FALSE,FALSE,,71,,,,,,,,,,,,,,,,,,,,,,,,,,,,,,,,,,,,,FALSE,,,,FALSE,,,,
72,,,,,1995,10,26,Cna'an,Palmachim,,3.8,,N,FALSE,FALSE,,72,,,,,,,,,,,,,,,,,,,,,,,,,,,,,,,,,,,,,FALSE,Some sultan,,15,FALSE,,,,
73,,,,,1995,10,26,Cna'an,tel-baruch,,2.8,,,FALSE,FALSE,,73,,,,,,,,,,,,,,,,,,,,,,,,,,,,,,,,,,,,,FALSE,,,10,FALSE,,,,
74,,,,,1995,10,26,Cna'an,Palmachim,,,night,N,FALSE,FALSE,,74,,,,,,,,,,,,,,,,,,,,,,,,,,,,,,,,,,,,,FALSE,,,,FALSE,,,,
75,,,,,1995,10,27,Cna'an,Palmachim,,1.8,,N,FALSE,FALSE,,75,,,,,,,,,,,,,,,,,,,,,,,,,,,,,,,,,,,,,FALSE,,,,FALSE,,,,
76,,,,,1995,10,28,Cna'an,Ashdod,,1.8,,N,FALSE,FALSE,,76,,,,,,,,,,,,,,,,,,,,,,,,,,,,,,,,,,,,,FALSE,,,18,FALSE,,,,
77,,,,,1995,10,28,Cna'an,Hertzelia,40,,,N,FALSE,FALSE,,77,,,,,,,,,,,,,,,,,,,,,,,,,,,,,,,,,,,,,FALSE,sultan,,,FALSE,,,,
78,,,,,1995,10,29,Cna'an,Palmachim,,1.8,,N,FALSE,FALSE,,78,,,,,,,,,,,,,,,,,,,,,,,,,,,,,,,,,,,,,FALSE,,,12,FALSE,,,,
79,,,,,1995,10,29,Cna'an,Hertzelia,,3.8,,S,FALSE,FALSE,,79,,,,,,,,,,,,,,,,,,,,,,,,,,,,,,,,,,,,,FALSE,,,4,FALSE,,,,
80,16,30,,,1995,10,29,Cna'an,South,7,,night,,FALSE,FALSE,,80,,,,,,,,,,,,,,,,,,,,,,,,,,,,,,,,,,,,,FALSE,,,10,FALSE,,,,
81,,,,,1995,10,30,Cna'an,North,,,night,,FALSE,FALSE,,81,,,,,,,,,,,,,,,,,,,,,,,,,,,,,,,,,,,,,FALSE,,,30,FALSE,,,,
82,,,,,1995,10,30,Cna'an,Palmachim,,3.8,,N,FALSE,FALSE,,82,,,,,,,,,,,,,,,,,,,,,,,,,,,,,,,,,,,,,FALSE,,,10,FALSE,,,,
83,,,,,1995,10,30,Cna'an,Ga'ash,,2.8,,S,FALSE,FALSE,,83,,,,,,,,,,,,,,,,,,,,,,,,,,,,,,,,,,,,,FALSE,,,4,FALSE,,,,
84,08,00,,,1995,10,31,Ornu,North,,,night,,FALSE,FALSE,,84,,,,,,,,,,,,,,,,,,,,,,,,,,,,,,,,,,,,,FALSE,,,,FALSE,,,,
85,09,00,13,00,1995,10,31,Ornu,Ashdod,20,,,S,FALSE,FALSE,,85,,,,,,,,,,,,4,,,,,,,,,,,,,,,,,,,,,,,,,FALSE,,,,FALSE,,,,
86,14,00,17,30,1995,10,31,Ornu,Katzaa,27,,,N,FALSE,FALSE,,86,,,,,,,,,,,,,,,,,,,,,,,,,,,,,,,,,,,,,FALSE,very weak,,0,FALSE,,,,
87,18,30,00,00,1995,10,31,Ornu,Ashdod,12.5,,,S,FALSE,FALSE,,87,,,,,,,,,,,,,,,,,,,,,,,,,,,,,,,,,,,,,FALSE,,,80 Kg,FALSE,,,,
88,01,00,06,00,1995,11,01,Ornu,Ashdod,7,,,N,FALSE,FALSE,,88,,,,,,,,,,,,,,,,,,,,,,,,,,,,,,,,,,,,,FALSE,,,30 Kg,FALSE,,,,
89,07,00,11,00,1995,11,01,Ornu,Ashdod,,1.8,,Riding,FALSE,FALSE,,89,,,,,,,,,,,,5 B+ S+,,,,,,,,,,,,,,,,,2.5 S+ B+,,,,,,,,FALSE,,,12.5,FALSE,,,,
90,11,30,,,1995,11,01,Ornu,Riding,,2.8,,S,FALSE,FALSE,,90,,,,,,,,,,,,,,,,,,,,,,,,,,,,,,,,,,,,,FALSE,,,20,FALSE,,,,
91,19,30,01,00,1995,11,01,Ornu,Ashdod,10,,,N,FALSE,FALSE,,91,,,,,,,,,,,,,,,,,,,,,,,,,,,,,,,,,,,,,FALSE,,,20 Kg,FALSE,,,,
92,02,30,06,00,1995,11,02,Ornu,Ashdod,6,,,S,FALSE,FALSE,,92,,,,,,,,,,,,,,,,,,,,,,,,,,,,,,,,,,,,,FALSE,,,30 Kg,FALSE,,,,
93,07,00,11,30,1995,11,02,Ornu,Ashdod,,1.8,,Riding,FALSE,FALSE,,93,,,,,,,,,,,,,,,,,,,,,,,,,,,,,,,,,,,,,FALSE,,,18,FALSE,,,,
94,12,00,17,00,1995,11,02,Ornu,Riding,,2.5,,S,FALSE,FALSE,,94,,,,,,,,,,,,5 B+ S+,,,,,,,,,,,,,,,,,,,,,,,,,FALSE,,,20,FALSE,,,,
95,17,30,01,30,1995,11,02,Ornu,Ashdod,7,,,N,FALSE,FALSE,,95,,,,,,,,15,,,,,,,,,,,,,,,,,,,,,,,,,,,,,FALSE,,,15,FALSE,,,,
96,09,00,13,00,1995,11,03,Ornu,Ashdod,,1.8,,N,FALSE,FALSE,,96,,,,,,,,,,,,,,,,,,,,,,,,,,,,,,,,,,,,,FALSE,,,4,FALSE,,,,
97,14,00,17,00,1995,11,03,Ornu,Riding,12,2.8,,N,FALSE,FALSE,,97,,,,,,,,,,,,,,,,,,,,,,,,,,,,,4 B+ S+,,,,,,,,FALSE,,,3,FALSE,,,,
98,18,00,00,00,1995,11,03,Ornu,Falik,52,,,S,FALSE,FALSE,,98,,,,,,,,,,,,,,,70,,,,,,,,,,,,,,,,,,,,,,TRUE,,,,FALSE,,,,
99,00,30,06,00,1995,11,04,Ornu,Ashdod,52,,,S,FALSE,FALSE,,99,,,,,,,,,,,,,,,,,,,,,,,,,,,,,,,,,,,,,FALSE,very weak,,0,FALSE,,,,
100,07,00,11,00,1995,11,04,Ornu,Falik,,2.4,,N,FALSE,FALSE,,100,,,,,,,,,,,,,,,,,,4 L+,,,,,,,,,,,27,,,,,,,,FALSE,,,,FALSE,,,,
101,11,30,14,30,1995,11,04,Ornu,Falik,,,,S,FALSE,FALSE,,101,,,,,,,,,,,,,,,,,,2 L+,,,,,,,,,,,,,,,,,,,FALSE,,,1,FALSE,,,,
102,15,00,17,30,1995,11,04,Ornu,Natania,4,,,N,FALSE,FALSE,,102,,,,,,,,,,,,,,,,,,,,,,,,,,,,,,,,,,,,,FALSE,nice sultan,,10,FALSE,,,,
103,21,00,04,00,1995,11,04,Ornu,Hadera,52,,,S,FALSE,FALSE,,103,,,,,,,,,,,,,,,50,,,,,,,,,,,,,,,,,,,,,,FALSE,,,,FALSE,,,,
104,05,45,10,00,1995,11,05,Ornu,Ga'ash,4,,,N,FALSE,FALSE,,104,,,,,,,,,,,,,,,,,,,,,,,,,,,,,10,,,,,,,,FALSE,,,4,FALSE,,,,
105,10,30,13,30,1995,11,05,Ornu,Hadera,4,,,S,FALSE,FALSE,,105,,,,,,,,,,,,,,,,,,,,,,,,,,,,,15,,,,,,,,FALSE,,,5,FALSE,,,,
106,14,00,17,15,1995,11,05,Ornu,Falik,4,,,N,FALSE,FALSE,,106,,,,,,,,,,,,,,,,,,,,,,,,,,,,,18,,,,,,,,FALSE,,,7,FALSE,,,,
107,21,30,04,00,1995,11,05,Ornu,Hadera,42,,,S,FALSE,FALSE,,107,,,,,,,,,,,,,,,70 Kg,,,,,,,,,,,,,,,,,,,,,,FALSE,,,,FALSE,,,,
108,05,30,09,30,1995,11,06,Ornu,Falik,4,,,N,FALSE,FALSE,,108,,,,,,,,,,,,2,,,,2 B+2 S+,,3 L+,,,1,,,,,,,,4 L+,,,,,,,,FALSE,,,,FALSE,,,,
109,10,15,13,30,1995,11,06,Ornu,Hadera,4,,,S,FALSE,FALSE,,109,,,,,,,,,,,,,,,,,,,,,,,,,,,,,6,,,,,,,,FALSE,,,9,FALSE,,,,
110,14,00,17,15,1995,11,06,Ornu,Falik,4,,,N,FALSE,FALSE,,110,,,,,,,,,,,,,,,,,,,,,,,,,,,,,,,,,,,,,FALSE,,,5,FALSE,,,,
111,18,30,04,30,1995,11,06,Ornu,Hadera,52,,,S,FALSE,FALSE,,111,,,,,,,,,,,,,,,,10,,,,,,,,,,,,,,,,,,,,,FALSE,lavan boxes is based on report of >150 Kg,,,FALSE,,,,
112,05,45,10,00,1995,11,07,Ornu,Jaffa,,2.5,,S,FALSE,FALSE,,112,,,,,,,,,,,,,,,,,,,,,,,,,,,,,,,,,,,,,FALSE,,,6,FALSE,,,,
113,,,,,1995,11,08,,,,,,,TRUE,FALSE,,113,,,,,,,,,,,,,,,,,,,,,,,,,,,,,,,,,,,,,FALSE,,,,FALSE,,,,
114,,,,,1995,11,09,,,,,,,TRUE,FALSE,,114,,,,,,,,,,,,,,,,,,,,,,,,,,,,,,,,,,,,,FALSE,,,,FALSE,,,,
115,,,,,1995,11,10,,,,,,,TRUE,FALSE,,115,,,,,,,,,,,,,,,,,,,,,,,,,,,,,,,,,,,,,FALSE,,,,FALSE,,,,
116,08,30,,,1995,11,11,Cna'an,Ashdod,,1.8,,N,FALSE,TRUE,,116,,,,,,,,,,,,,,,,,,,,,,,,,,,,,,,,,,,,,FALSE,,,12,FALSE,,,,
117,13,00,,,1995,11,11,Cna'an,Jaffa,,2.8,,N,FALSE,TRUE,,117,,,,,,,,,,,,,,,,,,,,,,,,,,,,,,,,,,,,,FALSE,,,8,FALSE,,,,
118,,,,,1995,11,11,Cna'an,,51,,night,,FALSE,TRUE,,118,,,,,,,,,,,,,,,,,,,,,,,,,,,,,,,,,,,,,FALSE,very weak,,0,FALSE,,,,
119,07,00,11,00,1995,11,12,Cna'an,Natania,,3.8,,S,FALSE,FALSE,,119,,,,,,,,,,,,,,,,,,,,,,,,,,,,,2,,,,,,,,FALSE,,,9,FALSE,,,,
120,12,00,,,1995,11,12,Cna'an,Tel-Aviv,,2.8,,S,FALSE,FALSE,,120,,,,,,,,,,,,,,,,,15 B+ S+,,,,,,,,,,,,,,,,,,,,FALSE,,,,FALSE,,,,
121,,,,,1995,11,13,Cna'an,North,,,night,,FALSE,FALSE,,121,,,,,,,,,,,,,,,,,,,,,,,,,,,,,,,,,,,,,FALSE,,,8,FALSE,,,,
122,,,,,1995,11,13,Cna'an,Palmachim,,1.9,,N,FALSE,FALSE,,122,,,,,,,,,,,,,,,,,,,,,,,,,,,,,,,,,,,,,FALSE,,,12,FALSE,,,,
123,,,,,1995,11,13,Cna'an,Hertzelia,27,3.8,,S,FALSE,FALSE,,123,,,,,,,,,,,,,,,,,,,,,,,,,,,,,,,,,,,,,FALSE,,,10,FALSE,,,,
124,17,30,23,30,1995,11,13,Cna'an,Ashdod,,,,N,FALSE,FALSE,,124,,,,,,,,,3 L+4,,,,,,,,,,,,,,,,,,,,,,,,,,,,FALSE,,,,FALSE,,,,
125,00,00,05,30,1995,11,14,Cna'an,Ashdod,,,,N,FALSE,FALSE,,125,,,,,,,,,4,,,,,,,,,,,,,,,,,,,,,,,,,,,,FALSE,,,,FALSE,,,,
126,06,30,11,15,1995,11,14,Cna'an,Rishon,27,,,N,FALSE,FALSE,,126,,,,,,,,,,,,,,,,,,,,,,,,,,,,,2,,,,,,,,FALSE,,10 Kg,6,FALSE,,,,
127,12,00,16,20,1995,11,14,Cna'an,Shfa'im,27,,,Bat-yam,FALSE,FALSE,,127,,,,,,,,,,,,,,,,,,,,,,,,,,,,,,,,,,,,,FALSE,,,6,FALSE,,,,
128,20,00,00,30,1995,11,14,Cna'an,Ashdod,,,,N,FALSE,FALSE,,128,,,,,,,,,50 Kg,,,,,,,,,,,,,,,,,,,,,,,,,,,,FALSE,,,,FALSE,,,,
129,01,00,06,00,1995,11,15,Sarut,Ashdod,,,,N,FALSE,FALSE,,129,,,,,,,,,,,,,,,,,,,,,,,,,,,,,,,,,,,,,FALSE,,,30 Kg,FALSE,,,,
130,07,00,11,00,1995,11,15,Sarut,Jaffa,,4,,N,FALSE,FALSE,,130,,,,,,,,,,,,,,,,,,,,,,,,,,,,,,,,,,,,,FALSE,,,7,FALSE,,,,
131,12,00,16,30,1995,11,15,Sarut,Ga'ash,27,,,S,FALSE,FALSE,,131,,,,,,,,,,,,,,,,,,,,,,,,,,,,,,,,,,,,,FALSE,,,7,FALSE,,,,
132,15,30,21,30,1995,11,15,Sarut,Bat-Yam,,,,Ashdod,FALSE,FALSE,,132,,,,,,,,,,,,,,,,,,,,,,,,,,,,,,,,,,,,,FALSE,,,40 Kg,FALSE,,,,
133,04,00,06,00,1995,11,16,Sarut,Ashdod,,,,S,FALSE,FALSE,,133,,,,,,,,,,,,,,,,,,,,,,,,,,,,,,,,,,,,,FALSE,,,50 Kg,FALSE,,,,
134,09,00,13,00,1995,11,16,Sarut,Ashdod,,4,,N,FALSE,FALSE,,134,,,,,,,,,,,,,,,,,,,,,,,,,,,,,,,,,,,,,FALSE,,,7,FALSE,,,,
135,14,00,16,30,1995,11,16,Sarut,Jaffa,,2.55,,S,FALSE,FALSE,,135,,,,,,,,,,,,,,,,,,,,,,,,,,,,,,,,,,,,,FALSE,,,7,FALSE,,,,
136,18,00,23,30,1995,11,16,Sarut,Ashdod,,,,S,FALSE,FALSE,,136,,,,,,,,,55 Kg,,,,,,,,,,,,,,,,,,,,,,,,,,,,FALSE,,,,FALSE,,,,
137,00,00,06,00,1995,11,17,Sarut,Ashdod,,,,,FALSE,FALSE,,137,,,,,,,,,55 Kg,,,,,,,,,,,,,,,,,,,,,,,,,,,,FALSE,,,,FALSE,,,,
138,07,00,11,30,1995,11,17,Sarut,Ashdod,27,,,S,FALSE,FALSE,,138,,,,,,,,,,,,,,,,,,,,,,,,,,,,,,,,,,,,,FALSE,,,6,FALSE,,,,
139,12,00,16,00,1995,11,17,Sarut,Katzaa,,4,,N,FALSE,FALSE,,139,,,,,,,,,,,,,,,,,,,,,,,,,,,,,,,,,,,,,FALSE,,,2,FALSE,,,,
140,16,30,23,30,1995,11,17,Sarut,South,,,,,FALSE,FALSE,,140,,,,,,,,,,,,,,,,,,,,,,,,,,,,,,,,,,,,,FALSE,,,45 Kg,FALSE,,,,
141,00,00,06,00,1995,11,18,Sarut,South,,,,,FALSE,FALSE,,141,,,,,,,,,,,,,,,,,,,,,,,,,,,,,,,,,,,,,FALSE,,,40 Kg,FALSE,,,,
142,07,00,10,30,1995,11,18,Sarut,Ashdod,,1.85,,N,FALSE,FALSE,,142,,,,,,,,,,,,,,,,,,,,,,,,,,,,,,,,,,,,,FALSE,,,4,FALSE,,,,
143,13,30,16,00,1995,11,18,Sarut,Jaffa,42,,,S,FALSE,FALSE,,143,,,,,,,,,,,,,,,,,,,,,,,,,,,,,,,,,,,,,FALSE,,,6,FALSE,,,,
144,,,,,1995,11,18,Sarut,South,,,night,,FALSE,FALSE,,144,,,,,,,,,,,,,,,,,,,,,,,,,,,,,,,,,,,,,FALSE,,,80 Kg,FALSE,,,,
145,,,,,1995,11,19,Sarut,Ashdod,42,,,N,FALSE,FALSE,,145,,,,,,,,,,,,,,,,,,,,,,,,,,,,,,,,,,,,,FALSE,,,2,FALSE,,,,
146,,,,,1995,11,19,Sarut,Ashdod,42,,,S,FALSE,FALSE,,146,,,,,,,,,,,,,,,,,,,,,,,,,,,,,,,,,,,,,FALSE,,,3,FALSE,,,,
147,,,,,1995,11,19,Sarut,Ashdod,42,,,N,FALSE,FALSE,,147,,,,,,,,,,,,,,,,,,,,,,,,,,,,,,,,,,,,,FALSE,,,4,FALSE,,,,
148,,,,,1995,11,20,Sarut,Jaffa,42,,,S,FALSE,FALSE,A מוקטנת,148,,,,,,,,,,,,,,,,,,,,,,,,,,,,,,,,,,,,,FALSE,,,4,FALSE,,,,
149,,,,,1995,11,20,Sarut,Ashdod,2.5,,,N,FALSE,FALSE,A2 red,149,,,,,,,,,,,,,,,,,,,,,,,,,,,,,,,,,,,,,FALSE,,,15,FALSE,,,,
150,,,,,1995,11,20,Sarut,North,,,night,,FALSE,FALSE,,150,,,,,,,,,,,,,,,,,,,,,,,,,,,,,,,,,,,,,FALSE,,,90 Kg,FALSE,,,,
151,,,,,1995,11,22,Ornu,,,,,,TRUE,FALSE,,151,,,,,,,,,,,,,,,,,,,,,,,,,,,,,,,,,,,,,FALSE,,,,FALSE,,,,
152,,,,,1995,11,23,Ornu,,,,,,TRUE,FALSE,,152,,,,,,,,,,,,,,,,,,,,,,,,,,,,,,,,,,,,,FALSE,,,,FALSE,,,,
153,,,,,1995,11,24,Ornu,,,,,,TRUE,FALSE,,153,,,,,,,,,,,,,,,,,,,,,,,,,,,,,,,,,,,,,FALSE,,,,FALSE,,,,
154,09,30,13,00,1995,11,25,Ornu,Ashdod,,2.7,,Jaffa,FALSE,FALSE,A2 red,154,,,,,,,,,,,,,,,,,,,,,,,,,,,,,,,,,,,,,FALSE,,,10,FALSE,,,,
155,13,30,18,00,1995,11,25,Ornu,Jaffa,7.5,2.5,,Falik,FALSE,FALSE,,155,,,,,,,,,,,,,,,,,,,,,,,,,,,,,,,,,,,,,FALSE,,,40,FALSE,,,,
156,18,30,22,00,1995,11,25,Ornu,Falik,10,,,S,FALSE,FALSE,,156,,,,,,,,,,,,,,,,,,,,,,,,,,,,,,,,,,,,,FALSE,,,8,FALSE,,,,
157,23,00,03,30,1995,11,25,Ornu,Jaffa,,,,Ashdod,FALSE,FALSE,,157,,,,,,,,,50 Kg,,,,,,,,,,,,,,,,,,,,,,,,,,,,FALSE,,,,FALSE,,,,
158,10,30,14,15,1995,11,26,Ornu,Bat-Yam,26.5,,,N,FALSE,FALSE,,158,,,,,,,,,,,,,,,,,,,,,,,,,,,,,,,,,,,,,FALSE,,,13,FALSE,,,,
159,14,50,18,00,1995,11,26,Ornu,Hertzelia,35,,,,FALSE,FALSE,,159,,,,,,,,,,,,,,,,,,,,,,,,,,,,,,,,,,,,,FALSE,,,8,FALSE,,,,
160,19,00,01,00,1995,11,26,Ornu,Jaffa,6.5,,,Ashdod,FALSE,FALSE,,160,,,,,,,,,,,,,,,,,,,,,,,,,,,,,,,,,,,,,FALSE,,,45 Kg,FALSE,,,,
161,01,15,04,00,1995,11,27,Ornu,Ashdod,,,,,FALSE,FALSE,,161,,,,,,,,,,,,,,,,,,,,,,,,,,,,,,,,,,,,,FALSE,,,25 Kg,FALSE,,,,
162,08,00,12,00,1995,11,27,Ornu,Ashdod,,2.6,,N,FALSE,FALSE,,162,,,,,,,,,,,,,,,,,,30 S+,,,,,,,,,,,,,,,,,,,FALSE,,,,FALSE,,,,
163,13,30,17,00,1995,11,27,Ornu,Riding,40,,,N,FALSE,FALSE,,163,,,,,,,,,,,,,,,,,,,,,,,,,,,,,,,,,,,,,FALSE,,,7,FALSE,,,,
164,18,00,23,00,1995,11,27,Ornu,Michmoret,42,,,S,FALSE,FALSE,,164,,,,,,,,,,,,,,,,,,,,,,,,,,,,,,,,,,,,,FALSE,Very weak,,0,FALSE,,,,
165,00,30,05,30,1995,11,28,Ornu,Tel-Aviv,52,,,N,FALSE,FALSE,A2 red,165,,,,,,,,,,,,,,,,,,,,,,,,,,,,,,,,,,,,,FALSE,Very weak,,0,FALSE,,,,
166,06,45,10,30,1995,11,28,Ornu,Natania,43,,,N,FALSE,FALSE,,166,,,,,,,,,,,,,,,,,,3,,,,,,,,,,,5,,,,,,,5 B+,FALSE,,2 L+,,FALSE,,,,
167,11,00,14,30,1995,11,28,Ornu,Cesaria,,,,S,FALSE,FALSE,,167,,,,,,,,,,,,,,,,,,,,,,,,,,,,,5 M+,,,,,,,,FALSE,,,8,FALSE,,,,
168,15,00,17,30,1995,11,28,Ornu,Natania,42,,,S,FALSE,FALSE,,168,,,,,,,,,,,,,,,,,,,,,,,,,,,,,1,,,,,,,,FALSE,,,4,FALSE,,,,
169,05,30,10,00,1995,11,29,Cna'an,,42,7,,Bridge,FALSE,FALSE,,169,,,,,,,,,,,,,,,2,,,3,,,,,,,,,,1,9,,,,,,,,FALSE,,1 L+,,FALSE,,,,
170,11,45,14,15,1995,11,29,Cna'an,,41.5,8,Bridge,,FALSE,FALSE,,170,,,,,,,,,,,,,,,,,,3,,,,,,,,,,6,3,,,,,,,,FALSE,,,,FALSE,,,,
171,15,00,19,30,1995,11,29,Cna'an,Michmoret,42,7,,,FALSE,FALSE,,171,,,,,,,,,,,,,,,,,,,,,,,,,,,,,,,,,,,,,FALSE,Weak,,,FALSE,,,,
172,20,15,01,20,1995,11,29,Cna'an,Atlit,51,,,Michmoret,FALSE,FALSE,,172,,,,,,,,,,,,,,,,,,,,,,,,,,,,,0.5,,,,,,,,FALSE,,,,FALSE,,3,,
173,05,30,10,00,1995,11,30,Cna'an,Olga,42,,,,FALSE,FALSE,,173,,,,,,,,,,,,,,,20 Kg,,,,,,,,,,,,,,3,,,,,,,,FALSE,,,9,FALSE,,,,
174,11,00,02,00,1995,11,30,Cna'an,Atlit,,,,Olga 50,FALSE,FALSE,,174,,,,,,,,,,,,,,,,,,,,,,,,,,,,,,,,,,,,,FALSE,,,,FALSE,,,,
175,06,30,10,30,1995,12,01,Ornu,Ashdod,,3.1,,S,FALSE,FALSE,,175,,,,,,,,,,,,3,,,,,,,,,,0.5,,,,,,,0.5,,,,,,,,FALSE,,,,FALSE,,,,
176,11,00,16,30,1995,12,01,Ornu,Katzaa,,2.7,,N,FALSE,FALSE,,176,,,,,,,,,,,1,5,,,,,,,,,,,,,,,,,2,,,,,,,,FALSE,,1.5,,FALSE,,,,
177,12,00,18,00,1995,12,01,Ornu,Ashdod,,,,Bat-Yam,FALSE,FALSE,Tunisait,177,,,,,,,,,,,,,,,,,,,,,,,,,,,,,,,,,,,,,FALSE,,,15 Kg,FALSE,,,,
178,01,00,05,00,1995,12,02,Ornu,Ashdod,,,,Palmachim,FALSE,FALSE,,178,,,,,,,,,,,,,,,,,,,,,,,,,,,,,,,,,,,,,FALSE,,,30 Kg,FALSE,,,,
179,06,00,10,30,1995,12,02,Ornu,Ashdod,27,,,S,FALSE,FALSE,,179,,,,,,,,,,,,,,,,,,,,,,,,,,,,,,,,,,,,,FALSE,,,6,FALSE,,,,
180,11,00,16,30,1995,12,02,Ornu,Katzaa,27,,,N,FALSE,FALSE,,180,,,,,,,,,,,,,,,,,,,,,,,,,,,,,,,,,,,,,FALSE,,,,FALSE,,,,
181,,,,,1995,12,02,Ornu,South,,,night,,FALSE,FALSE,,181,,,,,,,,,2 S+3 L+,,,,,,,,,,,,,,,,,,,,,,,,,,,,FALSE,,,,FALSE,,,,
182,,,,,1995,12,03,Cna'an,Ashdod,45,,,South,FALSE,FALSE,,182,,,,,,,,,,,,,,,,,,,,,,,,,,,,,2,,,,,,,,FALSE,,,12,FALSE,,,,
183,,,,,1995,12,03,Cna'an,Gaza,49,,,,FALSE,FALSE,,183,,,,,,,,,,,,,,,,,,,,,,,,,,,,,1,,,,,,,,FALSE,,1 Ind,11,FALSE,,,,
184,,,,,1995,12,04,Cna'an,North,,,night,,FALSE,FALSE,,184,,,,,,,,,,,,,,,,,,,,,,,,,,,,,,,,,,,,,FALSE,,,40 Kg,FALSE,,,,
185,,,,,1995,12,04,Cna'an,Jaffa,,4,,N,FALSE,FALSE,,185,,,,,,,,,,,,,,,,,,,,,,,,,,,,,,,,,,,,,FALSE,,,8,FALSE,,,,
186,,,,,1995,12,04,Cna'an,Hertzelia,29,,,,FALSE,FALSE,,186,,,,,,,,,,,,,,,,,,,,,,,,,,,,,,,,,,,,,FALSE,,,6,FALSE,,,,
187,,,,,1995,12,04,Cna'an,Sidna Ali,32,,,S,FALSE,FALSE,,187,,,,,,,,,,,,,,,,,,,,,,,,,,,,,,,,,,,,,FALSE,,,4,FALSE,,,,
188,,,,,1995,12,04,Cna'an,Jaffa,,,,Ashdod,FALSE,FALSE,Herkules,188,,,,,,,,,,,,,,,,,,,,,,,,,,,,,,,,,,,,,FALSE,,,2 L+1 S+0.5 B+,FALSE,,,,
189,,,,,1995,12,05,Cna'an,Bat-Yam,,,,N,FALSE,FALSE,,189,,,,,,,,,,,,,,,,,,,,,,,,,,,,,3,,,,,,,,FALSE,,,8,FALSE,,,,
190,,,,,1995,12,05,Cna'an,Sidna Ali,,,,Bat-Yam,FALSE,FALSE,,190,,,,,,,,,,,,,,,,,,,,,,,,,,,,,,,,,,,,,FALSE,,,5,FALSE,,,,
215,,,,,1995,12,05,Cna'an,North,,,Night,,FALSE,FALSE,,191,,,,,,,,,,,,,,,,,,,,,,,,,,,,,,,,,,,,,FALSE,,,4,FALSE,,,,
191,,,,,1995,12,06,Sarut,Hertzelia,,4,,N,FALSE,FALSE,,192,,,,,,,,,,,,,,,,,,,,,,,,,,,,,,,,,,,,,FALSE,,,3,FALSE,,,,
192,,,,,1995,12,06,Sarut,Olga,,,,S,FALSE,FALSE,,193,,3,,,,,,,,,,,,,,,,,,,,,,,,,,,,,,,,,,,FALSE,,,,FALSE,,2,,
193,,,,,1995,12,06,Sarut,Tel-Aviv,,,,N,FALSE,FALSE,,194,,,,,,,,,,,,,,,,,,,,,,,,,,,,,,,,,,,,,FALSE,,,3,FALSE,,,,
194,,,,,1995,12,07,Sarut,Olga,,,,S,FALSE,FALSE,,195,,,,,,,,,,,,,,,,,12,,,,,,,,,,,,,,,,,,,,FALSE,,,,FALSE,,,,
195,,,,,1995,12,07,Sarut,Hertzelia,,3.4,,S,FALSE,FALSE,,196,,,,,,,,,,,,,,,,,15,,,,,,,,,,,,,,,,,,,,FALSE,,,,FALSE,,,,
196,,,,,1995,12,07,Sarut,Palmachim,,3.1,,N,FALSE,FALSE,,197,,,,,,,,3,,,,,,,3,,,,,,,,,,,,,,,,,,,,,,FALSE,,,,FALSE,,,,
197,,,,,1995,12,07,Sarut,Hertzelia,50,,,S,FALSE,FALSE,,198,,,,,,,,,,,,,,,,,,,,,,,,,,,,,,,,,,,,,FALSE,,,8,FALSE,,,,
198,,,,,1995,12,08,Sarut,Palmachim,,3.5,,N,FALSE,FALSE,Tunisait,199,,,,,,,,,,,,,,,,,,,,,,,,,,,,,,,,,,,,,FALSE,,,6,FALSE,,,,
199,,,,,1995,12,08,Sarut,,,,,,FALSE,FALSE,,200,,,,,,,,,,,,,,,,,,,,,,,,,,,,,,,,,,,,,FALSE,,,3,FALSE,,,,
200,,,,,1995,12,08,Sarut,Tel-Aviv,52,,,N,FALSE,FALSE,,201,,,,,,,,,,,,,,,,,,,,,,,,,,,,,,,,,,,,,FALSE,,,2,FALSE,,,,
201,,,,,1995,12,09,Sarut,Falik,42,,,Bridge,FALSE,FALSE,,202,,,,,,,,,,,,,,,,,,,,,,,,,,,,,,,,,,,,,FALSE,,,3,FALSE,,,,
202,,,,,1995,12,09,Sarut,Bridge,42,,,N,FALSE,FALSE,,203,,,,,,,,,,,,,,,,,,,,,,,,,,,,,,,,,,,,,FALSE,,,6,FALSE,,,,
203,,,,,1995,12,09,Sarut,Atlit,42,,,S,FALSE,FALSE,,204,,,,,,,,,,,,,,,,,,,,,,,,,,,,,,,,,,,,,FALSE,,,2,FALSE,,,,
204,,,,,1995,12,09,Sarut,Bridge,42,,,,FALSE,FALSE,,205,,,,,,,,,,,,,,,,,,,,,,,,,,,,,,,,,,,,,FALSE,,,10,FALSE,,,,
205,,,,,1995,12,09,Sarut,Tel-Aviv,27,,,S,FALSE,FALSE,,206,,,,,,,,,,,,,,,,,,,,,,,,,,,,,,,,,,,,,FALSE,,,,FALSE,,,,
206,,,,,1995,12,11,Sarut,Ashdod,27,,,N,FALSE,FALSE,שק גרמני,207,,,,,,,,,,,,,,,,,,,,,,,,,,,,,,,,,,,,,FALSE,,,,FALSE,,,,
207,,,,,1995,12,12,Sarut,,,,,,FALSE,TRUE,,208,,,,,,,,,,,1.5,3,,,,,,,,,,,,,,,,,1,,,,,,,,FALSE,,0.5,,FALSE,,,,
208,07,00,11,30,1995,12,13,Ornu,Jaffa,,4,,N,FALSE,FALSE,,209,,,,,,,,,,,,,,,,,,,,,,,,,,,,,2,,,,,,,,FALSE,,,4,FALSE,,,,
209,12,00,16,00,1995,12,13,Ornu,Falik,,4,,N,FALSE,FALSE,,210,,,,,,,,,,,,,,,3,,,,,,,,,,,,,,2,,,,,,,,FALSE,,,1,FALSE,,,,
210,17,30,00,00,1995,12,13,Ornu,Cesaria,52,,,S,FALSE,FALSE,,211,,,,,,,,,,,,,,,1,,,,,,,,,,,,,,1,,,,,,,,FALSE,,,,FALSE,,,,
211,01,00,06,30,1995,12,14,Ornu,Hertzelia,42,,,N,FALSE,FALSE,,212,,,,,,,,,,,,,,,,,,,,,,,,,,,,,4 L+,,,,,,,,FALSE,,,1,FALSE,,,,
212,07,30,12,00,1995,12,14,Ornu,Hadera,42,,,S,FALSE,FALSE,,213,,,,,,,,,,,,,,,,,,,,,,,,,,,,,4,,,,,,,,FALSE,,,,FALSE,,,,
213,12,45,17,30,1995,12,14,Ornu,Natania,,,,Hadera,FALSE,FALSE,,214,,,,,,,,,,,,,,,3,,,,,,,,,,,,,,,,,,,,,,FALSE,,,,FALSE,,,,
214,18,30,03,00,1995,12,14,Ornu,Michmoret,,,,S,FALSE,FALSE,,215,,,,,,,,,,,,,,,,,,,,,,,,,,,,,,,,,,,,,FALSE,,,8 kg,FALSE,,,,
216,07,00,12,00,1995,12,15,Ornu,Ashdod,,3.5,,N,FALSE,FALSE,,216,,,,,,,,,,,,14,,,,,,,,,,,,,,,,,,,,,,,,,FALSE,,,,FALSE,,,,
217,12,30,05,30,1995,12,15,Ornu,Riding,,3,,S,FALSE,FALSE,,217,,,,,,,,,,,,14,,,,,,,,,,,,,,,,,,,,,,,,,FALSE,,,,FALSE,,,,
218,06,15,00,30,1995,12,15,Ornu,Ashdod,6,,,Palmachim,FALSE,FALSE,Tunisait,218,,,,,,,,,60 Kg,,,,,,,,,,,,,,,,,,,,,,,,,,,,FALSE,,,,FALSE,,,,
219,01,00,06,30,1995,12,16,Ornu,Ashdod,5.5,,,,FALSE,FALSE,,219,,,,,,,,,40 Kg,,,,,,,,,,,,,,,,,,,,,,,,,,,,FALSE,gambari boxes: 3L+4M+4S+1B,,,FALSE,,,,
220,07,00,12,00,1995,12,16,Ornu,Jaffa,,,,N,FALSE,FALSE,,220,,,,,,,,,,,2,7,,,,,,,,,,,,,,,,,1 B+,,,,,,,,FALSE,,1 S+,,FALSE,,,,
221,13,00,17,00,1995,12,16,Ornu,Falik,,2.8,,S,FALSE,FALSE,,221,,,,,,,,,,,1,7,,,,,,,,,,,,,,,,,,,,,,,,,FALSE,,1 S+,,FALSE,,,,
222,18,15,00,00,1995,12,16,Ornu,Bat-Yam,6,,,Ashdod,FALSE,FALSE,Tunisait,222,,,,,,,,,70 Kg,,,,,,,,,,,,,,,,,,,,,,,,,,,,FALSE,,,,FALSE,,,,
223,00,30,06,00,1995,12,17,Ornu,Ashdod,,,,,FALSE,FALSE,,223,,,,,,,,,50 Kg,,,,,,,,,,,,,,,,,,,,,,,,,,,,FALSE,,,,FALSE,,,,
224,07,30,12,00,1995,12,17,Ornu,Ashdod,27,,,S,FALSE,FALSE,,224,,,,,,,,,,,,,,,,,,,,,,,,,,,,,,,,,,,,,FALSE,,,5,FALSE,,,,
225,12,30,16,30,1995,12,17,Ornu,Ashdod,,,,,FALSE,FALSE,,225,,,,,,,,,,,,,,,,,,,,,,,,,,,,,,,,,,,,,FALSE,,,4,FALSE,,,,
226,20,30,06,00,1995,12,17,Ornu,Ashdod,5.5,,,N,FALSE,FALSE,Tunisait,226,,,,,,,,,50 Kg,,,,,,,,,,,,,,,,,,,,,,,,,,,,FALSE,,,,FALSE,,,,
227,07,00,12,30,1995,12,18,Ornu,Palmachim,32,3.7,,N,FALSE,FALSE,,227,,,,,,,,,,,,,,,,,,,,,,,,,,,,,,,,,,,,,FALSE,,,10,FALSE,,,,
228,13,00,16,30,1995,12,18,Ornu,Riding,27,4.5,,S,FALSE,FALSE,,228,,,,,,,,,,,,,,,,,,,,,,,,,,,,,,,,,,,,,FALSE,,,14,FALSE,,,,
229,17,30,00,00,1995,12,18,Ornu,Ashdod,5.5,,,,FALSE,FALSE,,229,,,,,,,,,15 Kg,,,,,,,,,,,,,,,,,,,,,,,,,,,,FALSE,,,,FALSE,,,,
230,00,30,06,00,1995,12,19,Ornu,Bat-Yam,11,,,,FALSE,FALSE,,230,,,,,,,,,30 Kg,,,,,,,,,,,,,,,,,,,,,,,,,,,,FALSE,,,,FALSE,,,,
231,07,00,12,00,1995,12,19,Ornu,Palmachim,25.5,4.5,,N,FALSE,FALSE,A2,231,,,,,,,,,,,,13,,,,,,,,,,,,,,,,,1 B+,,,,,,,,FALSE,,1 S+,,FALSE,,,,
232,12,30,,,1995,12,19,Ornu,Riding,26,,,S,FALSE,FALSE,,232,,,,,,,,,,,,6,,,,,,,,,,,,,,,,,1,,,,,,,,FALSE,,1,,FALSE,,,,
233,,,,,1995,12,23,Cna'an,Sidna Ali,43,,,Bat Yam,FALSE,FALSE,,233,,,,,,,,,,,,,,,,,,,,,,,,,,,,,,,,,,,,,FALSE,,2 Ind,3,FALSE,,,,
234,,,,,1995,12,23,Cna'an,Rishon,43,,,Hertzelia,FALSE,FALSE,,234,,,,,,,,,,,,,,,,,,,,,,,,,,,,,,,,,,,,,FALSE,,,3,FALSE,,,,
235,,,,,1995,12,23,Cna'an,Falik,50,,night,Bat-Yam,FALSE,FALSE,,235,,,,,,,,,,,,,,,,,,,,,,,,,,,,,,,,,,,,,FALSE,,,2,FALSE,,,,
236,,,,,1995,12,23,Cna'an,Sidna Ali,34,,,,FALSE,FALSE,,236,,,,,,,,,,,,,,,,,,,,,,,,,,,,,,,,,,,,,FALSE,,,4,FALSE,,,,
237,,,,,1995,12,24,Cna'an,Sidna Ali,35,,,S,FALSE,FALSE,,237,,,,,,,,,,,,,,,,,,,,,,,,,,,,,,,,,,,,,FALSE,,,,FALSE,,,,
238,,,,,1995,12,26,Cna'an,South,,,"No fish at any depth. Nothing to write.
Night",,FALSE,FALSE,,238,,,,,,,,,30 Kg,,,,,,,,,,,,,,,,,,,,,,,,,,,,FALSE,,,,FALSE,,,,
239,16,00,22,00,1995,12,27,Sarut,Ashdod,200,,,S,FALSE,FALSE,,239,,4,,,,,,,,,,,,,,,,,,,,,,,,,,,,,,,,10,,,FALSE,,,,FALSE,,1,,
240,23,00,05,00,1995,12,27,Sarut,Gaza,,,,N,FALSE,FALSE,,240,,2,,,,,,,,,,,,,,,,,,,,,,,,,,,,,,,,5,,,FALSE,,,,FALSE,,3,,
241,06,30,10,45,1995,12,28,Sarut,Ashdod,190,,,N,FALSE,FALSE,,241,,,,,,,,,,,,,,,,,,,,,,,,,,,,,,,,,,,,,FALSE,,,12,FALSE,,,,
242,11,30,18,00,1995,12,28,Sarut,Bat-Yam,190,,,S,FALSE,FALSE,,242,,,,,,,,,,,,,,,,,,,,,,,,,,,,,,,,,,,,,FALSE,,,8,FALSE,,,,
243,23,30,06,00,1995,12,28,Sarut,Ashdod,200,,,S,FALSE,FALSE,,243,,4,,,,,,,,,,,,,,,,,,,,,,,,,,,,,,,,,,,FALSE,,,,FALSE,,2,,
244,11,00,07,00,1995,12,29,Sarut,Ashdod,190,,,N,FALSE,FALSE,,244,,,,,,,,,,,,,,,,,,,,,,,,,,,,,,,,,,,,,FALSE,,1,5,FALSE,,,,
245,12,00,18,00,1995,12,29,Sarut,Bat-Yam,200,,,S,FALSE,FALSE,,245,,,,,,,,,,,,,,,,,,,,,,,,,,,,,,,,,,,,,FALSE,,,6,FALSE,,,,
246,19,30,01,30,1995,12,29,Sarut,Ashdod,80,,,S,FALSE,FALSE,,246,,,,,,,,,,,,,,,2,,,,,,,,,,,,,,,,,,,,,,FALSE,,,5,FALSE,,,,
247,02,00,07,00,1995,12,30,Sarut,Gaza,80,,,N,FALSE,FALSE,,247,,,,,,,,,,,,,,,1,,,,,,,,,,,,,,,,,,,,,,FALSE,,,4,FALSE,,,,
248,08,30,14,00,1995,12,30,Sarut,Ashdod,200,,,S,FALSE,FALSE,,248,,,,,,,,,,,,,,,,,,,,,,,,,,,,,,,,,,,,,FALSE,,,10,FALSE,,,,
249,15,00,20,00,1995,12,30,Sarut,Gaza,210,,,N,FALSE,FALSE,,249,,,,,,,,,,,,,,,,,,,,,,,,,,,,,,,,,,,,,FALSE,,,9,FALSE,,,,
250,21,00,03,00,1995,12,30,Sarut,Ashdod,210,,,S,FALSE,FALSE,,250,,,,,,,,,,,,,,,,,,,,,,,,,,,,,,,,,,,,,FALSE,,,5,FALSE,,2,,
251,03,30,09,00,1995,12,31,Sarut,Gaza,210,,,N,FALSE,FALSE,,251,,,,,,,,,,,,,,,,,,,,,,,,,,,,,,,,,,,,,FALSE,,,2,FALSE,2,2,,
252,10,30,,,1995,12,31,Sarut,Ashdod,190,,,N,FALSE,FALSE,A2,252,,,,,,,,,,,,,,,,,,,,,,,,,,,,,,,,,,,,,FALSE,,,13,FALSE,,,,
253,23,00,06,30,1995,12,31,Sarut,Ashdod,210,,,S,FALSE,FALSE,,253,,3,,,,,,,,,,,,,,,,,,,,,,,,,,,,,,,,,,,FALSE,,,,FALSE,,2.5,,
254,07,30,13,00,1996,01,01,Sarut,Nitzanim,200,,,N,FALSE,FALSE,,254,,,,,,,,,,,,,,,,,,,,,,,,,,,,,,,,,,,,,FALSE,,,17,FALSE,,,,
255,14,00,18,30,1996,01,01,Sarut,Jaffa,200,,,S,FALSE,FALSE,,255,,,,,,,,,,,,,,,,,,,,,,,,,,,,,,,,,,,,,FALSE,,,8,FALSE,,,,
256,20,00,04,30,1996,01,01,Sarut,Ashdod,80,,,S,FALSE,FALSE,,256,,2,,,,,,,,,,,,,1,,,,,,,,,,,,,,,,,,,,,,FALSE,,,,FALSE,,,,
257,06,00,11,00,1996,01,02,Sarut,Ashdod,200,,,S,FALSE,FALSE,,257,,,,,,,,,,,,,,,,,,,,,,,,,,,,,,,,,,,,,FALSE,,,11,FALSE,,,,
258,12,30,,,1996,01,02,Sarut,Jaffa,27,,,S,FALSE,FALSE,,258,,,,,,,,,,,,,,,,,,,,,,,,,,,,,,,,,,,,,FALSE,,,,FALSE,,,,
259,,,06,00,1996,01,04,Ornu,,,,,,TRUE,FALSE,,259,,,,,,,,,35 Kg,,,,,,,,,,,,,,,,,,,,,,,,,,,,FALSE,,,,FALSE,,,,
260,,,,,1996,01,05,Ornu,,,,,,TRUE,FALSE,,260,,,,,,,,,,,,,,,,,,,,,,,,,,,,,,,,,,,,,FALSE,,,,FALSE,,,,
261,,,,,1996,01,06,Ornu,,,,,,TRUE,FALSE,,261,,,,,,,,,,,,,,,,,,,,,,,,,,,,,,,,,,,,,FALSE,,,,FALSE,,,,
262,,,,,1996,01,07,Ornu,,,,,,TRUE,FALSE,,262,,,,,,,,,,,,,,,,,,,,,,,,,,,,,,,,,,,,,FALSE,,,,FALSE,,,,
263,00,30,18,30,1996,01,08,Ornu,North,5.5,,,,TRUE,FALSE,,263,,,,,,,,,10 Kg,,,,,,,,,,,,,,,,,,,,,,,,,,,,FALSE,,,,FALSE,,,,
264,01,00,05,30,1996,01,08,Ornu,Natania,10,,,,FALSE,FALSE,,264,,,,,,,,,35 Kg,,,,,,,,,,,,,,,,,,,,,,,,,,,,FALSE,,,,FALSE,,,,
265,07,00,11,30,1996,01,08,Ornu,Ashdod,27,,,N,FALSE,FALSE,,265,,,,,,,,,,,,5,,,,,,,,,,,,,2,,,,0.5,,,,,,,,FALSE,,1,,FALSE,,,,
266,12,30,16,45,1996,01,08,Ornu,Riding,25,,,S,FALSE,FALSE,,266,,,,,,,,,,,,,,,,,,,,,,,,,,,,,1.5,,,,,,,,FALSE,,,8.5,FALSE,,,,
267,17,45,00,00,1996,01,08,Ornu,Ashdod,10,,,Bat-Yam,FALSE,FALSE,,267,,,,,,,,,35 Kg,,,,,,,,,,,,,,,,,,,,,,,,,,,,FALSE,,,,FALSE,,,,
268,00,30,05,15,1996,01,09,Ornu,North,10,,,,FALSE,FALSE,,268,,,,,,,,,20 Kg,,,,,,,,,,,,,,,,,,,,,,,,,,,,FALSE,,,,FALSE,,,,
269,09,00,13,00,1996,01,09,Ornu,Ashdod,200,,,N,FALSE,FALSE,,269,,4 L+,,,,,,,,,,,,,0.5,,,,,,,,,,,,,,,,,,,,,,FALSE,,,,FALSE,,0.5,,
270,14,15,17,15,1996,01,09,Ornu,Tel-Aviv,80,,,S,FALSE,FALSE,,270,,3 B+ S+,,,,,,,,,,,,,1,2,,,,,,,,,,,,,0.5,,,,,,,,FALSE,,,,FALSE,,,,
271,18,30,,,1996,01,09,Ornu,Ashdod,8,,,N,FALSE,FALSE,,271,,,,,,,,,,,,,,,,,,,,,,,,,,,,,,,,,,,,,FALSE,,,,FALSE,,,,
272,08,00,,,1996,01,10,Cna'an,Palmachim,26,,,N,FALSE,FALSE,,272,,,,,,,,,,,,,,,,,5,,,,,,,,,,,,,,,,,,,,FALSE,,,,FALSE,,,,
273,13,00,,,1996,01,10,Cna'an,Tel-Baruch,50,,,S,FALSE,FALSE,,273,,,,,,,,,,,,,,,,,,,,,,,,,,,,,1.5,,,,,,,,FALSE,,,1.5,FALSE,,,,
274,,,,,1996,01,10,Cna'an,,50,,night,,FALSE,FALSE,,274,,,,,,,,,,,,,,,,,,,,,,,,,,,,,2,,,,,,,,FALSE,,,3,FALSE,,,,
275,06,30,,,1996,01,11,Cna'an,"י""א",43,,,N,FALSE,FALSE,,275,,,,,,,,,,,,,,,,,,,,,,,,,,,,,2,,,,,,,,FALSE,,,3,FALSE,,,,
276,12,00,,,1996,01,11,Cna'an,South,42.5,,,,FALSE,FALSE,,276,,,,,,,,,,,,,,,,,,,,,,,,,,,,,1,,,,,,,,FALSE,,,2,FALSE,,,,
277,,,,,1996,01,11,Cna'an,Palmachim,46,,night,,FALSE,FALSE,,277,,,,,,,,,,,,,,,,3,,,,,,,,,,,,,,,,,,,,,FALSE,,,4,FALSE,,,,
278,08,30,,,1996,01,12,Cna'an,Ashdod,26.5,,,N,FALSE,FALSE,,278,,,,,,,,,,,,,,,,,,,,,,,,,,,,,,,,,,,,,FALSE,,,7.5,FALSE,,,,
279,12,30,,,1996,01,12,Cna'an,Tel-Aviv,24,,,S,FALSE,FALSE,,279,,,,,,,,,,,,,,,,,,,,,,,,,,,,,,,,,,,,,FALSE,,,7,FALSE,,,,
280,,,,,1996,01,12,Cna'an,South,12.5,,night,,FALSE,FALSE,,280,,,,,,,,,9 S+,,,,,,,,,,,,,,,,,,,,,,,,,,,,FALSE,,,,FALSE,,,,
281,07,30,,,1996,01,13,Cna'an,Ashdod,49,,,S,FALSE,FALSE,,281,,,,,,,,,,,,,,,,,,,,,,,,,,,,,1,,,,,,,,FALSE,,,4,FALSE,,,,
282,13,00,,,1996,01,13,Cna'an,,35,,,N,FALSE,FALSE,,282,,,,,,,,,,,,,,,,,,,,,,,,,,,,,,,,,,,,,FALSE,,,,FALSE,,,,
283,,,,,1996,01,13,Cna'an,South,12.5,,night,,FALSE,FALSE,,283,,,,,,,,,,,,,,,,,,,,,,,,,,,,,,,,,,,,,FALSE,,,6.5,FALSE,,,,
284,07,30,,,1996,01,14,Cna'an,Ashdod,26.5,,,S,FALSE,FALSE,,284,,,,,,,,,,,,,,,,,6,,,,,,,,,,,,,,,,,,,,FALSE,,,,FALSE,,,,
285,12,00,,,1996,01,14,Cna'an,Katzaa,22,,,N,FALSE,FALSE,,285,,,,,,,,,,,,,,,,,8,,,,,,,,,,,,,,,,,,,,FALSE,,,,FALSE,,,,
286,19,30,,,1996,01,14,Cna'an,South,,,night,,FALSE,FALSE,,286,,,,,,,,,4.5,,,,,,,,,,,,,,,,,,,,,,,,,,,,FALSE,,,,FALSE,,,,
287,07,15,,,1996,01,15,Cna'an,Ashdod,26,,,S,FALSE,FALSE,,287,,,,,,,,,,,,7,,,,,,,,,,,,,,,,,,,,,,,,,FALSE,,,,FALSE,,,,
288,12,00,,,1996,01,15,Cna'an,Katzaa,22.5,,,N,FALSE,FALSE,,288,,,,,,,,,,,,5,,,,,,,,,,,,,,,,,,,,,,,,,FALSE,,,,FALSE,,,,
289,,,,,1996,01,15,Cna'an,,12.5,,night,,FALSE,FALSE,,289,,,,,,,,,,,,,,,,,,,,,,,,,,,,,,,,,,,,,FALSE,,,5,FALSE,,,,
290,05,00,,,1996,01,16,Cna'an,Ashkelon,26,,,N,FALSE,FALSE,,290,,,,,,,,,,,,,,,,,,,,,,,,,,,,,,,,,,,,,FALSE,,,14,FALSE,,,,
291,11,45,,,1996,01,16,Cna'an,Roki,26,,,S,FALSE,FALSE,,291,,,,,,,,,,,,,,,,,,,,,,,,,,,,,,,,,,,,,FALSE,,,4,FALSE,,,,
292,,,,,1996,01,20,Sarut,Ashdod,,2.5,,N,FALSE,FALSE,,292,,,,,,,,,,,,,,,,,,,,,,,,,,,,,,,,,,,,,FALSE,,,4,FALSE,,,,
293,12,30,17,15,1996,01,20,Sarut,Hilton,,0.77,,N,FALSE,FALSE,,293,,,,,,,,,,,,,,,,,,,,,,,,,,,,,,,,,,,,,FALSE,,,35,FALSE,,,,
294,18,00,22,30,1996,01,20,Sarut,Natania,,1,,S,FALSE,FALSE,,294,,,,,,,,,,,,,,,,,,,,,,,,,,,,,,,,,,,,,FALSE,,,30,FALSE,,,,
295,07,30,12,00,1996,01,21,Ornu,Ashdod,22,2.2,,S,FALSE,FALSE,,295,,,,,,,,,,,,5,,,,,,,,,,,,,,,,,,,,,,,,,FALSE,,,2,FALSE,,,,
296,13,00,17,00,1996,01,21,Ornu,Gaza,42,,,N,FALSE,FALSE,,296,,,,,,,,,,,,,,,,,,,,,,,,,,,,,,,,,,,,,FALSE,,,4,FALSE,,,,
297,,,,,1996,01,21,Ornu,South,,,night,,FALSE,FALSE,,297,,,,,,,,,65 Kg,,,,,,,,,,,,,,,,,,,,,,,,,,,,FALSE,,,,FALSE,,,,
298,06,30,11,30,1996,01,22,Sarut,Ashdod,26.5,,,S,FALSE,FALSE,,298,,,,,,,,,,,,,,,,,,,,,,,,,,,,,,,,,,,,,FALSE,,,6,FALSE,,,,
299,12,00,17,00,1996,01,22,Sarut,Katzaa,27,,,N,FALSE,FALSE,,299,,,,,,,,,,,,,,,,,,,,,,,,,,,,,,,,,,,,,FALSE,,,6,FALSE,,,,
300,18,30,00,00,1996,01,22,Sarut,Ashdod,9.5,,,Ashkelon,FALSE,FALSE,,300,,,,,,,,,30 Kg,,,,,,,,,,,,,,,,,,,,,,,,,,,,FALSE,,,,FALSE,,,,
301,00,30,06,00,1996,01,22,Sarut,Ashdod,,,,Ashkelon,FALSE,FALSE,,301,,,,,,,,,30 Kg,,,,,,,,,,,,,,,,,,,,,,,,,,,,FALSE,,,,FALSE,,,,
302,07,00,,,1996,01,23,Sarut,Palmachim,,3.2,,N,FALSE,TRUE,,302,,,,,,,,,,,,,,,,,,,,,,,,,,,,,,,,,,,,,FALSE,,,,FALSE,,,,
303,13,00,17,00,1996,01,24,Ornu,Ashdod,22,2.2,,S,FALSE,FALSE,,303,,,,,,,,,,,,5,,,,,,,,,,,,,,,,,,,,,,,,,FALSE,,,,FALSE,,,,
304,18,00,06,00,1996,01,24,Ornu,South,6,,,,FALSE,FALSE,,304,,,,,,,,,40 Kg,,,,,,,,,,,,,,,,,,,,,,,,,,,,FALSE,,,,FALSE,,,,
305,07,00,11,30,1996,01,25,Ornu,Nitzanim,22.5,,,N,FALSE,FALSE,,305,,,,,,,,,,,,,,,,,,,,,,,,,,,,,,,,,,,,,FALSE,,,5,FALSE,,,,
306,12,00,17,00,1996,01,25,Ornu,Palmachim,42,,,S,FALSE,FALSE,,306,,,,,,,,,,,,,,,,,,,,,,,,,,,,,1,,,,,,,,FALSE,,,2,FALSE,,,,
307,05,00,06,00,1996,01,26,Ornu,South,9,0.5,,,FALSE,FALSE,,307,,,,,,,,,40 Kg,,,,,,,,,,,,,,,,,,,,,,,,,,,,FALSE,,,,FALSE,,,,
308,09,00,12,30,1996,01,26,Ornu,Ashdod,85,,,N,FALSE,FALSE,,308,,,,,,,,,,,,,,,,,,,,,,,,,,,,,1,,,,,,,,FALSE,,,2,FALSE,,,,
309,13,30,17,30,1996,01,26,Ornu,Jaffa,85,,,Ashdod,FALSE,FALSE,,309,,1.5,,,,,,,,,,,,,,,,,,,,,,,,,,,1.5 L+,,,,,,,,FALSE,,,1,FALSE,,,,
310,19,00,01,00,1996,01,26,Ornu,Ashdod,200,,,S,FALSE,FALSE,,310,,1.5,,,,,,,,,,,,,,,,,,,,,,,,,,,,,,,,,,,FALSE,,,0.5,FALSE,,6,,
311,02,30,08,30,1996,01,27,Ornu,Gaza,200,,,N,FALSE,FALSE,,311,,1.5,,,,,,,,,,,,,,,,,,,,,,,,,,,,,,,,,,,FALSE,,,0.5,FALSE,,4,,
312,09,30,14,00,1996,01,27,Ornu,Ashdod,200,,,N,FALSE,FALSE,,312,,3,,,,,,,,,,,,,,,,,,,,,,,,,,,,,,,,,,,FALSE,,1 L+,,FALSE,,,,
313,15,30,20,00,1996,01,27,Ornu,Bat-Yam,85,,,S,FALSE,FALSE,,313,,,,,,,,,,,,,,,,,,,,,,,,,,,,,0.5,,,,,,,,FALSE,,,3.5,FALSE,,,,
314,21,30,07,00,1996,01,27,Ornu,Ashdod,8,,,Roki,FALSE,FALSE,,314,,,,,,,,,45 Kg,,,,,,,,,,,,,,,,,,,,,,,,,,,,FALSE,,,,FALSE,,,,
315,08,00,12,30,1996,01,28,Ornu,Jaffa,21.5,,,,FALSE,TRUE,,315,,,,,,,,,,,,,,,,,,,,,,,,,,,,,,,,,,,,,FALSE,,,,FALSE,,,,
316,19,00,06,30,1996,01,28,Ornu,Ashdod,6,,,Roki,FALSE,FALSE,,316,,,,,,,,,40 Kg,,,,,,,,,,,,,,,,,,,,,,,,,,,,FALSE,,,,FALSE,,,,
317,08,00,12,30,1996,01,29,Ornu,Palmachim,42,4,,N,FALSE,FALSE,,317,,,,,,,,,,,,2,,,,2,,,,,,,,,,,,,0.5,,,,,,,,FALSE,,,1.5,FALSE,,,,
318,13,30,18,00,1996,01,29,Ornu,Palmachim,,,,,FALSE,FALSE,,318,,,,,,,,,,,,,,,,,,,,,,,,,,,,,,,,,,,,,FALSE,,2 Ind,6,FALSE,,,,
319,19,00,06,30,1996,01,29,Ornu,Ashdod,8,,,Roki,FALSE,FALSE,,319,,,,,,,,,45 Kg,,,,,,,,,,,,,,,,,,,,,,,,,,,,FALSE,,,,FALSE,,,,
320,08,00,14,30,1996,01,30,Ornu,Ashdod,85,,,N,FALSE,FALSE,,320,,3,,,,,,,,,,,,,0.5,,,,,,,,,,1,,,,2 L+,,,,,1,,3,FALSE,,,,FALSE,,,,
321,16,00,17,30,1996,01,30,Ornu,Natania,,1.4,,Ashdod,FALSE,FALSE,,321,,,,,,,,,,,,,,,,,,,,,,,,,,,,,,,,,,,,,FALSE,,,0.5,FALSE,,,,
322,,,,,1996,02,04,Cna'an,Ashdod,50,,night,,FALSE,FALSE,,322,,,,,,,,3,,,,,,,,,,,,,,,,,,,,,1,,,,,,,,FALSE,,,,FALSE,,,,
323,,,,,1996,02,05,Cna'an,Hertzelia,54,,,,FALSE,FALSE,,323,,,,,,,,,,,,,,,,,,,,,,,,,,,,,4,,,,,,,,FALSE,,,,FALSE,,,,
324,,,,,1996,02,05,Cna'an,Cesaria,53,,,S,FALSE,FALSE,,324,,,,,,,,,,,,,,,,,,,,,,,,,,,,,2.5,,,,,,,,FALSE,,,,FALSE,,,,
325,,,,,1996,02,05,Cna'an,Natania,85,,night,N,FALSE,FALSE,,325,,2.5,,,,,,,,,,,,,,,,,,,,,,,,,,,.5,,,,,,,2.5,FALSE,,,,FALSE,,,,
326,,,,,1996,02,06,Cna'an,Falik,50,,,Tel-Aviv,FALSE,FALSE,,326,,,,,,,,,,,,,,,,,,,,,,,,,,,,,1,,,,,,,,FALSE,,2 Ind,,FALSE,,,,
327,,,,,1996,02,06,Cna'an,Tel-Aviv,24.5,,,Palmachim,FALSE,FALSE,,327,,,,,,,,,,,,,,,,,,,,,,,,,,,,,,,,,,,,,FALSE,,,5,FALSE,,,,
328,21,00,06,00,1996,02,06,Ornu,North,10,,,,FALSE,FALSE,,328,,,,,,,,,16 Kg,,,,,,,,,,,,,,,,,,,,,,,,,,,,FALSE,,,,FALSE,,,,
329,08,00,13,00,1996,02,07,Ornu,Bat-Yam,85,,,S,FALSE,FALSE,,329,,3,,,,,,,,,,,,,,2 B+,,,,,,,,,,,,,2,,,,,,,,FALSE,,,,FALSE,,,,
330,14,00,18,00,1996,02,07,Ornu,,85,,,,FALSE,FALSE,,330,,3,,,,,,,,,,,,,,1,,,,,,,,,1,,,,1.5,,,,,,,,FALSE,,,,FALSE,,,,
331,00,00,08,00,1996,02,08,Ornu,Gaza,102,,,S,FALSE,FALSE,,331,,,,,,,,,,,,,,,,,,,,,,,,,,,,,,,,,,,,,FALSE,,,10,FALSE,,,,
332,09,00,13,00,1996,02,08,Sarut,Rafiach,102,,,,FALSE,TRUE,,332,,,,,,,,,,,,,,,,,,,,,,,,,,,,,1,,,,,,,,FALSE,,,4,FALSE,,,,
333,,,,,1996,02,09,Sarut,,,,,,TRUE,FALSE,,333,,,,,,,,,,,,,,,,,,,,,,,,,,,,,,,,,,,,,FALSE,,,,FALSE,,,,
334,20,00,,,1996,02,11,Sarut,Ashdod,10,,,S,FALSE,FALSE,,334,,,,,,,,,30 Kg,,,,,,,,,,,,,,,,,,,,,,,,,,,,FALSE,,,,FALSE,,,,
335,00,15,06,00,1996,02,12,Sarut,Ashdod,10,,,Ashkelon,FALSE,FALSE,,335,,,,,,,,3 Kg,25 Kg,,,,,,,,,,,,,,,,,,,,,,,,,,,,FALSE,,,,FALSE,,,,
336,07,30,11,30,1996,02,12,Sarut,Ashdod,,2.55,,N,FALSE,FALSE,,336,,,,,,,,,,,,,,,,,,,,,,,,,,,,,,,,,,,,,FALSE,,,2,FALSE,,,,
337,12,15,17,00,1996,02,12,Sarut,Jaffa,27,,,S,FALSE,FALSE,,337,,,,,,,,,,,,,,,,,,,,,,,,,,,,,,,,,,,,,FALSE,,,4,FALSE,,,,
338,18,30,00,30,1996,02,12,Sarut,Ashdod,9.5,,,Ashkelon,FALSE,FALSE,,338,,,,,,,,,25 Kg,,,,,,,,,,,,,,,,,,,,,,,,,,,,FALSE,,,,FALSE,,,,
339,01,00,06,00,1996,02,13,Sarut,Ashdod,,,,Ashkelon,FALSE,FALSE,,339,,,,,,,,,15 Kg,,,,,,,,,,,,,,,,,,,,,,,,,,,,FALSE,,,,FALSE,,,,
340,09,00,14,00,1996,02,13,Sarut,Ashdod,100,,,S,FALSE,FALSE,,340,,2.5,,,,,,,,,,,,,,,,,,,,,,,,,,,0.5,,,,,,,2.5,FALSE,,,,FALSE,,,,
341,14,45,,,1996,02,13,Sarut,Katzaa,100,,,S,FALSE,FALSE,,341,,,,,,,,,,,,,,,,,,,,,,,,,,,,,,,,,,,,,FALSE,,,,FALSE,,,,
342,21,30,06,00,1996,02,14,Ornu,South,,,,,FALSE,FALSE,,342,,,,,,,,,32 Kg,,,,,,,,,,,,,,,,,,,,,,,,,,,,FALSE,,,,FALSE,,,,
343,08,30,13,30,1996,02,15,Ornu,Ashkelon,120,,,N,FALSE,FALSE,,343,,4,,,,,,,,,,,,,0.25,,,,,,,,,,,,,,0.5,,,,,2,,3,FALSE,,,,FALSE,2,,,
344,14,30,18,00,1996,02,15,Ornu,,85,,,,FALSE,FALSE,,344,,3 S+ B+,,,,,,,,,,,,,,1,,,,,,,,,,,,,1,,,,,,,,FALSE,,,,FALSE,,,,
345,19,30,,,1996,02,15,Ornu,Bat-Yam,16,,,Ashdod,FALSE,FALSE,,345,,,,,,,,,35 Kg,,,,,,,,,,,,,,,,,,,,,,,,,,,,FALSE,,,,FALSE,,,,
346,08,30,13,30,1996,02,16,Ornu,Ashdod,82,,,S,FALSE,FALSE,,346,,1,,,,,,,,,,,,,,,,,,,,,,,,,,,1,,,,,,,8,FALSE,,,,FALSE,,,,
347,14,15,20,00,1996,02,16,Ornu,Gaza,100,,,N,FALSE,FALSE,,347,,,,,,,,,,,,,,,,,,,,,,,,,,,,,,,,,,,,,FALSE,very weak,,0,FALSE,,,,
348,21,00,03,00,1996,02,16,Ornu,Ashdod,200,,,S,FALSE,FALSE,,348,,2,,,,,,,,,,,,,,,,,,,,,,,,,,,,,,,,,,,FALSE,,,,FALSE,2,5,,
349,04,00,10,30,1996,02,17,Ornu,Gaza,,,,N,FALSE,FALSE,,349,,7,,,,,,,,,,,,,,,,,,,,,,,,,,,,,,,,,,,FALSE,,,,FALSE,,7,,
350,11,30,18,30,1996,02,17,Ornu,Ashdod,210,,,S,FALSE,FALSE,,350,,2.5,,,,,,,,,,,,,,,,,,,,,,,,,,,,,,,,,,,FALSE,,,,FALSE,4,,,
351,19,30,02,00,1996,02,17,Ornu,Gaza,200,,,N,FALSE,FALSE,,351,,2,,,,,,,,,,,,,,,,,,,,,,,,,,,,,,,,,,,FALSE,,,,FALSE,2,6,,
352,03,00,08,30,1996,02,18,Ornu,Ashdod,200,,,S,FALSE,FALSE,,352,,2,,,,,,,,,,,,,,,,,,,,,,,,,,,,,,,,,,,FALSE,,,,FALSE,2,6,,
353,09,30,13,00,1996,02,18,Ornu,Gaza,200,,,N,FALSE,FALSE,,353,,2,,,,,,,,,,,,,,,,,,,,,,,,,,,,,,,,,,,FALSE,,,,FALSE,1,5,,
354,14,00,16,30,1996,02,18,Ornu,Nitzanim,200,,,N,FALSE,FALSE,,354,,3,,,,,,,,,,,,,,,,,,,,,,,,,,,,,,,,,,,FALSE,,,,FALSE,2,5,,
355,21,30,06,00,1996,02,18,Ornu,,6,,,,FALSE,FALSE,,355,,,,,,,,,40 Kg,,,,,,,,,,,,,,,,,,,,,,,,,,,,FALSE,,,,FALSE,,,,
356,08,00,13,30,1996,02,19,Ornu,Ashkelon,200,,,N,FALSE,FALSE,,356,,6,,,,,,,,,,,,,,,,,,,,,,,,,,,,,,,,,,,FALSE,,,,FALSE,2,5,,
357,14,30,20,00,1996,02,19,Ornu,Palmachim,200,,,S,FALSE,FALSE,,357,,5,,,,,,,,,,,,,,,,,,,,,,,,,,,,,,,,,,,FALSE,,,,FALSE,2,8,,
358,21,45,03,00,1996,02,19,Ornu,Katzaa,200,,,N,FALSE,FALSE,,358,,6,,,,,,,,,,,,,,,,,,,,,,,,,,,,,,,,,,,FALSE,,,,FALSE,4,3.5,,
359,03,45,10,30,1996,02,20,Ornu,Ashdod,200,,,S,FALSE,FALSE,,359,,4.5,,,,,,,,,,,,,,,,,,,,,,,,,,,,,,,,,,,FALSE,,,,FALSE,2,4.5,,
360,12,30,16,30,1996,02,20,Ornu,Katzaa,200,,,N,FALSE,FALSE,,360,,5,,,,,,,,,,,,,,,,,,,,,,,,,,,,,,,,,,,FALSE,,,,FALSE,2,5,,
361,08,00,12,30,1996,02,27,Sarut,Ashdod,,4,,N,FALSE,FALSE,,361,,,,,,,,,,,,,,,,,,,,,,,,,,,,,,,,,,,,,FALSE,,,5,FALSE,,,,
362,13,00,17,00,1996,02,27,Sarut,Jaffa,25,,,N,FALSE,FALSE,,362,,,,,,,,,,,,,,,,,,,,,,,,,,,,,,,,,,,,,FALSE,,,3,FALSE,,,,
363,,,,,1996,02,27,Sarut,North,,1.5,night,,FALSE,FALSE,,363,,,,,,,,,40 Kg,,,,,,,,,,,,,,,,,,,,,,,,,,,,FALSE,,,,FALSE,,,,
364,07,30,11,00,1996,02,28,Sarut,Bat-Yam,110,,,S,FALSE,FALSE,,364,,,,,,,,,,,,,,,,,,,,,,,,,,,,,,,,,,,,,FALSE,,4,1,FALSE,,,,
365,12,00,,,1996,02,28,Sarut,Ashdod,120,,,S,FALSE,FALSE,,365,,,,,,,,,,,,,,,,,,,,,,,,,,,,,,,,,,,,,FALSE,,,2,FALSE,,,,
366,,,,,1996,02,28,Sarut,South,,,night,,FALSE,FALSE,,366,,,,,,,,,35 Kg,,,,,,,,,,,,,,,,,,,,,,,,,,,,FALSE,,,,FALSE,,,,
367,07,00,11,00,1996,02,29,Sarut,Ashdod,,4,,N,FALSE,FALSE,Tunisait,367,,,,,,,,,,,,,,,,,,,,,,,,,,,,,,,,,,,,,FALSE,,,,FALSE,,,,
368,18,00,06,00,1996,02,29,Sarut,South,,,,,FALSE,FALSE,,368,,,,,,,,,22 Kg,,,,,,,,,,,,,,,,,,,,,,,,,,,,FALSE,,,,FALSE,,,,
369,18,00,00,00,1996,03,01,Sarut,Ashdod,,1.5,,N,FALSE,TRUE,,369,,,,,,,,,,,,,,,,,,,,,,,,,,,,,,,,,,,,,FALSE,,,5 Kg,FALSE,,,,
370,07,00,11,00,1996,03,03,Sarut,Ashdod,27,,,N,FALSE,FALSE,,370,,,,,,,,,,,,,,,,,,,,,,,,,,,,,,,,,,,,,FALSE,,,3,FALSE,,,,
371,12,00,17,00,1996,03,03,Sarut,Hilton,,0.77,,N,FALSE,FALSE,,371,,,,,,,,,,,,,,,,,,,,,,,,,,,,,,,,,,,,,FALSE,,,10,FALSE,,,,
372,19,00,00,00,1996,03,03,Sarut,Natania,140,,,S,FALSE,FALSE,,372,,,,,,,,,,,,,,,,,,,,,,,,,,,,,,,,,,,,,FALSE,,,1,FALSE,,2,,
373,02,30,08,30,1996,03,04,Sarut,Tel-Aviv,200,,,S,FALSE,FALSE,,373,,,,,,,,,,,,,,,,,,,,,,,,,,,,,,,,,,,,,FALSE,,,8,FALSE,,,,
374,09,30,15,30,1996,03,04,Sarut,Ashdod,200,,,N,FALSE,FALSE,,374,,,,,,,,,,,,,,,,,,,,,,,,,,,,,,,,,,,,,FALSE,,,15,FALSE,,,,
375,18,30,06,00,1996,03,04,Sarut,North,,,,,FALSE,FALSE,,375,,,,,,,,,30 Kg,,,,,,,2,,,,,,,,,,,,,,,,,,,,,FALSE,,,,FALSE,,,,
376,07,00,11,30,1996,03,05,Sarut,Palmachim,42,,,N,FALSE,FALSE,,376,,,,,,,,,,,,,,,,,,,,,,,,,,,,,,,,,,,,,FALSE,,,,FALSE,,,,
377,12,30,,,1996,03,05,Sarut,Riding,42,,,S,FALSE,FALSE,,377,,,,,,,,,,,,,,,,,,,,,,,,,,,,,,,,,,,,,FALSE,,,,FALSE,,,,
378,22,30,06,00,1996,03,05,Ornu,South,12,,,,FALSE,FALSE,,378,,,,,,,,,,,,,,,,,,,,,,,,,,,,,,,,,,,,,FALSE,,,30 Kg,FALSE,,,,
379,07,00,11,30,1996,03,06,Ornu,Ashdod,19,,,S,TRUE,FALSE,,379,,,,,,,,,,,,,,,,,,,,,,,,,,,,,,,,,,,,,FALSE,,,7,FALSE,,,,
380,,,,,1996,03,07,Ornu,,,,,,TRUE,FALSE,,380,,,,,,,,,,,,,,,,,,,,,,,,,,,,,,,,,,,,,FALSE,,,,FALSE,,,,
381,19,00,00,00,1996,03,08,Ornu,Bank,8,,,Natania,TRUE,FALSE,A2 red,381,,,,,,,,,,,,,,,,,,,,,,,,,,,,,,,,,,,,,FALSE,,,50,FALSE,,,,
382,01,00,06,00,1996,03,09,Ornu,Natania,8,,,Tel-Aviv,FALSE,FALSE,,382,,,,,,,,,,,,,,,,,,,,,,,,,,,,,,,,,,,,,FALSE,,,40,FALSE,,,,
383,07,15,12,00,1996,03,09,Ornu,,,3,,,FALSE,FALSE,,383,,,,,,,,,,,,,,,,,,,,,,,,,,,,,,,,,,,,,FALSE,,,8,FALSE,,,,
384,16,30,22,00,1996,03,09,Ornu,Tel-Aviv,,,,Falik,FALSE,FALSE,,384,,,,,,,,,,,,,,,,,,,,,,,,,,,,,,,,,,,,,FALSE,,,20,FALSE,,,,
385,23,30,06,00,1996,03,09,Ornu,North,20,,,,FALSE,FALSE,,385,,,,,,,,,30 Kg,,,,,,,,,,,,,,,,,,,,,,,,,,,,FALSE,,,,FALSE,,,,
386,08,00,12,00,1996,03,10,Ornu,Palmachim,80,,,N,FALSE,FALSE,,386,,,,,,,,,,,,,,,,,,,,,,,,,,,,,0.75,,,,,,,,FALSE,,,,FALSE,,,,
387,14,00,17,00,1996,03,10,Ornu,Tel-Aviv,48,,,S,FALSE,FALSE,,387,,,,,,,,,,,,,,,,,,,,,,,,,,,,,1,,,,,,,,FALSE,,,3,FALSE,,,,
388,22,00,06,30,1996,03,10,Ornu,South,12,,,,FALSE,FALSE,,388,,,,,,,,,35 Kg,,,,,,,,,,,,,,,,,,,,,,,,,,,,FALSE,,,,FALSE,,,,
389,08,00,12,30,1996,03,11,Ornu,Nitzanim,18,,,N,FALSE,FALSE,,389,,,,,,,,,,,,,,,,,,,,,,,,,,,,,1,,,,,,,,FALSE,,,10 B+4,FALSE,,,,
390,13,30,18,30,1996,03,11,Ornu,Palmachim,27,,,S,FALSE,FALSE,,390,,,,,,,,,,,,,,,,,,,,,,,,,,,,,2,,,,,,,,FALSE,,,8,FALSE,,,,
391,20,30,06,30,1996,03,11,Ornu,South,12,,,,FALSE,FALSE,,391,,,,,,,,,65 Kg,,,,,,,,,,,,,,,,,,,,,,,,,,,,FALSE,,,,FALSE,,,,
392,08,00,12,30,1996,03,12,Ornu,Ashdod,27,,,N,FALSE,FALSE,,392,,,,,,,,,,,,,,,,,,,,,,,,20 B+,,,,,,,,,,,,,FALSE,no soltan,,5,FALSE,,,,
393,13,30,17,15,1996,03,12,Ornu,Tel-Aviv,,3.2,,S,FALSE,FALSE,,393,,,,,,,,,,,,8,,,,4,,,,,,,,,2,,,,,,,,,,,,FALSE,,1 S+,,FALSE,,,,
394,21,30,05,15,1996,03,12,Cna'an,South,11.5,,,,FALSE,FALSE,,394,,,,,,,,,50 Kg,,,,,,,,,,,,,,,,,,,,,,,,,,,,FALSE,,,,FALSE,,,,
395,,,,,1996,03,13,Cna'an,Ashdod,42,,,N,FALSE,FALSE,,395,,,,,,,,,,,,,,,,,,,,,,,,,,,,,,,,,,,,,FALSE,,,5,FALSE,,,,
396,,,,,1996,03,13,Cna'an,Hertzelia,42,,,S,FALSE,FALSE,,396,,,,,,,,,,,,,,,,,,,,,,,,,,,,,,,,,,,,,FALSE,,,5,FALSE,,,,
397,,,,,1996,03,13,Cna'an,South,,,night,,FALSE,FALSE,,397,,,,,,,,,50 Kg,,,,,,,,,,,,,,,,,,,,,,,,,,,,FALSE,,,,FALSE,,,,
398,,,,,1996,03,14,Cna'an,Palmachim,,3.2,,N,FALSE,FALSE,,398,,,,,,,,,,,,,,,,,,,,,,,,,,,,,,,,,,,,,FALSE,,,8,FALSE,,,,
399,,,,,1996,03,14,Cna'an,Hertzelia,,3.6,,S,FALSE,FALSE,,399,,,,,,,,,,,,,,,,,,,,,,,,,,,,,,,,,,,,,FALSE,,,12,FALSE,,,,
400,,,,,1996,03,14,Cna'an,South,12.5,,night,,FALSE,FALSE,,400,,,,,,,,,45 Kg,,,,,,,,,,,,,,,,,,,,,,,,,,,,FALSE,,,,FALSE,,,,
401,,,,,1996,03,15,Cna'an,Ashkelon,26.5,,,N,FALSE,FALSE,,401,,,,,,,,,,,,,,,,,,,,,,,,,,,,,0.5,,,,,,,,FALSE,,,6.5,FALSE,,,,
402,,,,,1996,03,15,Cna'an,North,,1.5,night,,FALSE,FALSE,,402,,,,,,,,,40 Kg,,,,,,,,,,,,,,,,,,,,,,,,,,,,FALSE,,,,FALSE,,,,
403,,,,,1996,03,16,Cna'an,Ashdod,32,,,S,FALSE,FALSE,,403,,,,,,,,,,,,,,,,,,,,,,,,,,,,,1,,,,,,,,FALSE,,,2,FALSE,,,,
404,,,,,1996,03,16,Cna'an,Gaza,27,,,N,FALSE,FALSE,,404,,,,,,,,,,,,,,,,,,,,,,,3,,,,,,,,,,,,,,FALSE,,,5,FALSE,,,,
405,,,,,1996,03,16,Cna'an,South,12.5,,night,,FALSE,FALSE,,405,,,,,,,,,40 Kg,,,,,,,,,,,,,,,,,,,,,,,,,,,,FALSE,,,,FALSE,,,,
406,,,,,1996,03,17,Cna'an,Ashdod,26,,,N,FALSE,FALSE,,406,,,,,,,,,,,,,,,,,,,,,,,,,,,,,,,,,,,,,FALSE,,,,FALSE,,,,
407,19,30,,,1996,03,17,Cna'an,South,11,,night,,FALSE,FALSE,,407,,,,,,,,,35 Kg,,,,,,,,,,,,,,,,,,,,,,,,,,,,FALSE,,,,FALSE,,,,
408,,,,,1996,03,18,Cna'an,,,,,,FALSE,TRUE,,408,,,,,,,,,35 Kg,,,,,,,,,,,,,,,,,,,,,,,,,,,,FALSE,,,,FALSE,,,,
409,07,00,,,1996,03,19,Cna'an,Ashdod,26,,,N,FALSE,FALSE,,409,,,,,,,,,,,,,,,,,,,,,,,,,,,,,,,,,,,,,FALSE,,,7,FALSE,,,,
410,12,30,,,1996,03,19,Cna'an,Jaffa,82,,,S,FALSE,FALSE,,410,,,,,,,,,,,,,,,,,,,,,,,,,,,,,2,,,,,,,,FALSE,,,,FALSE,,,,
411,,,,,1996,03,19,Cna'an,South,,,night,,FALSE,FALSE,,411,,,,,,,,,45 Kg,,,,,,,,,,,,,,,,,,,,,,,,,,,,FALSE,,,,FALSE,,,,
412,,,,,1996,03,20,Sarut,Ashdod,85,,,N,FALSE,FALSE,,412,,,,,,,,,,,,,,,,,,,,,,,,,,,,,0.5,,,,,,,,FALSE,,,,FALSE,,,,
413,,,,,1996,03,20,Sarut,Tel-Aviv,85,,,S,FALSE,FALSE,,413,,,,,,,,,,,,,,,,,,,,,,,,,,,,,0.5,,,,,,,,FALSE,,,,FALSE,,,,
414,,,,,1996,03,20,Sarut,South,,,night,,FALSE,FALSE,,414,,,,,,,,,40 Kg,,,,,,,,,,,,,,,,,,,,,,,,,,,,FALSE,,,,FALSE,,,,
415,09,00,14,00,1996,03,21,Sarut,Nitzanim,200,,,N,FALSE,FALSE,,415,,,,,,,,,,,,,,,,,,,,,,,,,,,,,,,,,,,,,FALSE,,,4,FALSE,,,,
416,15,00,19,00,1996,03,21,Sarut,Bat-Yam,180,,,S,FALSE,FALSE,,416,,,,,,,,,,,,,,,,,,,,,,,,,,,,,,,,,,,,,FALSE,,,10,FALSE,,,,
417,20,30,01,30,1996,03,21,Sarut,Ashdod,180,,,S,FALSE,FALSE,,417,,,,,,,,,,,,,,,,,,,,,,,,,,,,,,,,,,,,,FALSE,,,2,FALSE,,,,
418,02,30,08,00,1996,03,22,Sarut,Katzaa,110,,,N,FALSE,FALSE,,418,,,,,,,,,,,,,,,,,,,,,,,,,,,,,,,,,,,,,FALSE,,,5,FALSE,,,,
419,09,00,14,00,1996,03,22,Sarut,Ashdod,110,,,S,FALSE,FALSE,,419,,,,,,,,,,,,,,,,,,,,,,,,,,,,,,,,,,,,,FALSE,,,2,FALSE,,,,
420,15,00,19,00,1996,03,22,Sarut,Katzaa,140,,,N,FALSE,FALSE,,420,,,,,,,,,,,,,,,,,,,,,,,,,,,,,,,,,,,,,FALSE,,,5,FALSE,,,,
421,,,,,1996,03,22,Sarut,South,,,night,,FALSE,FALSE,,421,,,,,,,,,25 Kg,,,,,,,,,,,,,,,,,,,,,,,,,,,,FALSE,,,,FALSE,,,,
422,08,30,14,30,1996,03,23,Sarut,Ashdod,180,,,N,FALSE,FALSE,,422,,,,,,,,,,,,,,,,,,,,,,,,,,,,,,,,,,,,,FALSE,,,8,FALSE,,,,
423,15,30,,,1996,03,23,Sarut,Bat-Yam,140,,,S,FALSE,FALSE,,423,,,,,,,,,,,,,,,,,,,,,,,,,,,,,,,,,,,,,FALSE,,,,FALSE,,,,
424,,,,,1996,03,24,Sarut,,,,,,TRUE,FALSE,,424,,,,,,,,,,,,,,,,,,,,,,,,,,,,,,,,,,,,,FALSE,,,,FALSE,,,,
425,,,,,1996,03,25,Sarut,,,,,,TRUE,FALSE,,425,,,,,,,,,,,,,,,,,,,,,,,,,,,,,,,,,,,,,FALSE,,,,FALSE,,,,
426,,,,,1996,03,26,Sarut,,,,,,TRUE,FALSE,,426,,,,,,,,,,,,,,,,,,,,,,,,,,,,,,,,,,,,,FALSE,,,,FALSE,,,,
427,08,00,13,00,1996,03,27,Sarut,Riding,,,,S,FALSE,TRUE,,427,,,,,,,,,,,,,,,,,,,,,,,,,,,,,,,,,,,,,FALSE,,,20,FALSE,,,,
428,21,00,01,00,1996,03,27,Sarut,Hertzelia,42,,,N,FALSE,FALSE,,428,,,,,,,,,,,,,,,,,,,,,,,,,,,,,,,,,,,,,FALSE,,,15,FALSE,,,,
429,02,00,07,30,1996,03,28,Ornu,Natania,42,,,S,FALSE,FALSE,,429,,,,,,,,,,,,,,,,,,,,,,,,,,,,,,,,,,,,,FALSE,,,6,FALSE,,,,
430,08,30,12,30,1996,03,28,Ornu,Hertzelia,80,,,S,FALSE,FALSE,,430,,,,,,,,,,,,,,,,,,,,,,,,,,,,,,,,,,,,,FALSE,,,4,FALSE,,,,
431,14,00,18,30,1996,03,28,Ornu,Bat-Yam,180,,,S,FALSE,FALSE,,431,,,,,,,,,,,,,,,,,,,,,,,,,,,,,,,,,,,,,FALSE,,,,FALSE,,,,
432,22,00,04,30,1996,03,28,Ornu,North,,,,,FALSE,FALSE,,432,,,,,,,,,15 Kg,,,,,,,,,,,,,,,,,,,,,,,,,,,,FALSE,,,,FALSE,,,,
433,08,00,12,30,1996,03,29,Ornu,Ashdod,180,,,N,FALSE,FALSE,,433,,4,,,,,,,,,,,,,,,,,,,,,,,,,,,,,,,,,,,FALSE,,1 Ind,,FALSE,,,,
434,13,45,20,00,1996,03,29,Ornu,Jaffa,110,,,N,FALSE,FALSE,,434,,4 S+,,,,,,,,,,,,,,,,,,,,,,,,,,,1,,,,,,,3,FALSE,,,,FALSE,,,,
435,21,00,03,00,1996,03,29,Ornu,Michmoret,,,,S,FALSE,FALSE,,435,,,,,,,,,,,,,,,,,,,,,,,,,,,,,0.5,,,,,,,,FALSE,,,,FALSE,,1,,
436,04,00,09,45,1996,03,30,Ornu,Jaffa,115,,,N,FALSE,FALSE,,436,,,,,,,,,,,,,,,,,,,,,,,,,,,,,0.75,,,,,,,,FALSE,,,5.25,FALSE,,,,
437,11,00,17,00,1996,03,30,Ornu,Michmoret,42,,,N,FALSE,FALSE,,437,,,,,,,,,,,,,,,,,,,,,,,,,,,,,0.5,,,,,,,,FALSE,,,6.5,FALSE,,,,
438,18,00,00,30,1996,03,30,Ornu,Cesaria,82,,,S,FALSE,FALSE,,438,,4,,,,,,,,,,,,,,,,,,,,,,,,,,,1,,,,,,,,FALSE,,,4,FALSE,,,,
439,01,00,07,00,1996,03,31,Ornu,Falik,50,,,S,FALSE,FALSE,,439,,,,,,,,,,,,,,,,,,,,,,,,,,,,,,,,,,,,,FALSE,,,5 S+,FALSE,,,,
440,08,00,14,00,1996,03,31,Ornu,Bat-Yam,180,,,S,FALSE,FALSE,,440,,6 L+,,,,,,,,,,,,,,,,,,,,,,,,,,,,,,,,,,,FALSE,,,1,FALSE,,,,
441,15,00,17,45,1996,03,31,Ornu,Ashdod,180,,,N,FALSE,FALSE,,441,,,,,,,,,,,,,,,,,3,,,,,,,,,,,,,,,,,,,,FALSE,,,,FALSE,,,,
442,22,00,06,30,1996,03,31,Ornu,Ashdod,14,,,Jaffa,FALSE,FALSE,,442,,,,,,,,,35 Kg,,,,,,,,,,,,,,,,,,,,,,,,,,,,FALSE,,,,FALSE,,,,
443,08,30,14,00,1996,04,01,Ornu,Bat-Yam,180,,,S,FALSE,FALSE,,443,,6 L+,,,,,,,,,,,,,,,,,,,,,,,,,,,,,,,,,,,FALSE,,,,FALSE,,,,
444,15,30,18,00,1996,04,01,Ornu,Ashkelon,110,,,N,FALSE,FALSE,Short,444,,,,,,,,,,,,,,,,,,,,,,,,,,,,,,,,,,,,,FALSE,Very weak,,0,FALSE,,,,
445,20,00,04,30,1996,04,01,Ornu,North,15,,,,FALSE,FALSE,,445,,,,,,,,,30 Kg,,,,,,,,,,,,,,,,,,,,,,,,,,,,FALSE,,,,FALSE,,,,
446,08,00,12,30,1996,04,02,Ornu,Palmachim,27,,,S,FALSE,TRUE,,446,,,,,,,,,,,,,,,,,,,,,,,,,,,,,,,,,,,,,FALSE,Garbage,,30,FALSE,,,,
447,13,30,18,00,1996,04,02,Ornu,Ashkelon,,1.5,,Ashdod,FALSE,FALSE,,447,,,,,,,,,,,,,,,,,,,,,,,,,,,,,,,,,,,,,FALSE,Garbage,,15,FALSE,,,,
448,19,30,06,30,1996,04,02,Ornu,North,15,,,,FALSE,FALSE,,448,,,,,,,,,35 Kg,,,,,,,,,,,,,,,,,,,,,,,,,,,,FALSE,,,,FALSE,,,,
449,04,00,,,1996,04,05,Cna'an,Palmachim,82,,,N,FALSE,FALSE,,449,,,,,,,,,,,,,,,,,,,,,,,,,,,,,1,,,,,,,,FALSE,,,3,FALSE,,,,
450,09,30,,,1996,04,05,Cna'an,Shfa'im,82,,,S,FALSE,FALSE,,450,,,,,,,,,,,,,,,,,,,,,,,,,,,,,.75,,,,,,,,FALSE,,,2.25,FALSE,,,,
451,,,,,1996,04,05,Cna'an,North,,1.6,night,,FALSE,FALSE,,451,,,,,,,,,20 Kg,,,,,,,,,,,,,,,,,,,,,,,,,,,,FALSE,,,,FALSE,,,,
452,02,00,,,1996,04,05,Cna'an,South,,,,,FALSE,FALSE,,452,,,,,,,,,15 Kg,,,,,,,,,,,,,,,,,,,,,,,,,,,,FALSE,,,,FALSE,,,,
453,09,00,14,30,1996,04,06,Cna'an,Hasi,100,,,N,FALSE,FALSE,,453,,,,,,,,,,,,,,,,,,,,,,,,,,,,,,,,,,,,,FALSE,Weak,,3,FALSE,,,,
454,15,00,,,1996,04,06,Cna'an,Ashdod,113.5,,,N,FALSE,FALSE,,454,,,,,,,,,,,,,,,,,,,,,,,,,,,,,,,,,,,,,FALSE,Weak,,,FALSE,,,,
455,20,30,,,1996,04,06,Cna'an,Gaza,205,,,Ashdod,FALSE,FALSE,,455,,,,,,,,,,,,,,,,,,,,,,,,,,,,,,,,,,,,,FALSE,,,3,FALSE,,1,,
456,06,00,11,00,1996,04,07,Cna'an,Palmachim,82,,,N,FALSE,FALSE,,456,,,,,,,,,,,,,,,,,,,,,,,,,,,,,3.5,,,,,,,,FALSE,,,,FALSE,,,,
457,12,00,,,1996,04,07,Cna'an,Hertzelia,82,,,S,FALSE,FALSE,,457,,,,,,,,,,,,,,,,,,,,,,,,,,,,,2,,,,,,,,FALSE,,,,FALSE,,,,
458,,,,,1996,04,08,Cna'an,North,80,,,,FALSE,FALSE,,458,,,,,,,,,,,,,,,,,,,,,,,,,,,,,.75,,,,,,,,FALSE,,,,FALSE,,,,
459,,,,,1996,04,08,Cna'an,North,,1.34,night. Net tore,Hose,FALSE,FALSE,,459,,,,,,,,,,,,,,,,,,,,,,,,,,,,,,,,,,,,,FALSE,,,,FALSE,,,,
460,,,,,1996,04,11,Cna'an,South,,,night,,TRUE,FALSE,,460,,,,,,,,,40 Kg,,,,,,,,,,,,,,,,,,,,,,,,,,,,FALSE,,,,FALSE,,,,
461,,,,,1996,04,14,Sarut,Ashdod,82,,,S,FALSE,FALSE,,461,,,,,,,,,,,,,,,,,,,,,,,,,,,,,1,,,,,,,,FALSE,,,3,FALSE,,,,
462,,,,,1996,04,14,Sarut,Katzaa,50,,,N,FALSE,FALSE,,462,,,,,,,,,,,,,,,,,,,,,,,,,,,,,1,,,,,,,,FALSE,,,2,FALSE,,,,
463,,,,,1996,04,14,Sarut,South,,,night,,FALSE,FALSE,,463,,,,,,,,,36 Kg,,,,,,,,,,,,,,,,,,,,,,,,,,,,FALSE,,,,FALSE,,,,
464,08,30,13,00,1996,04,15,Sarut,Ashdod,82,,,N,FALSE,FALSE,,464,,,,,,,,,,,,,,,,,,,,,,,,,,,,,0.5,,,,,,,,FALSE,,,5,FALSE,,,,
465,14,00,18,15,1996,04,15,Sarut,Tel-Aviv,180,,,S,FALSE,FALSE,,465,,6 L+,,,,,,,,,,,,,,,,,,,,,,,,,,,,,,,,,,,FALSE,,,,FALSE,,,,
466,,,,,1996,04,15,Sarut,South,,,night,,FALSE,FALSE,,466,,,,,,,,,28 Kg,,,,,,,,,,,,,,,,,,,,,,,,,,,,FALSE,,,,FALSE,,,,
467,08,00,13,00,1996,04,16,Sarut,Ashdod,180,,,N,FALSE,FALSE,,467,,,,,,,,,,,,,,,,,,,,,,,,,,,,,,,,,,,,,FALSE,,,6,FALSE,,,,
468,14,00,20,00,1996,04,16,Sarut,Tel-Aviv,180,,,N,FALSE,FALSE,,468,,,,,,,,,,,,,,,,,,,,,,,,,,,,,,,,,,,,,FALSE,,,6,FALSE,,,,
469,21,00,03,00,1996,04,16,Sarut,Natania,115,,,S,FALSE,FALSE,,469,,,,,,,,,,,,,,,,,,,,,,,,,,,,,,,,,,,,,FALSE,,,6,FALSE,,,,
470,04,00,09,00,1996,04,17,Sarut,South,180,,,,FALSE,FALSE,,470,,,,,,,,,,,,,,,,,,,,,,,,,,,,,,,,,,,,,FALSE,,,5,FALSE,,,,
471,10,00,,,1996,04,17,Sarut,Ashdod,120,,,N,FALSE,FALSE,,471,,,,,,,,,,,,,,,,,,,,,,,,,,,,,,,,,,,,,FALSE,,,,FALSE,,,,
472,05,30,07,30,1996,04,18,Ornu,South,,1.4,,,FALSE,FALSE,,472,,,,,,,,,36 Kg,,,,,,,,,,,,,,,,,,,,,,,,,,,,FALSE,,,,FALSE,,,,
473,08,30,13,30,1996,04,19,Ornu,Palmachim,85,,,N,FALSE,FALSE,,473,,3,,,,,,,,,,,,,,2,,,,,,,,,,,,,1,,,,,,,,FALSE,,,,FALSE,2,,,
474,14,30,19,00,1996,04,19,Ornu,Hertzelia,85,,,S,FALSE,FALSE,,474,,,,,,,,,,,,,,,,,,,,,,,,,,,,,0.5,,,,,,,,FALSE,,,4.5,FALSE,,,,
475,21,00,06,00,1996,04,19,Ornu,South,12,,,,FALSE,FALSE,,475,,,,,,,,,35 Kg,,,,,,,,,,,,,,,,,,,,,,,,,,,,FALSE,,,,FALSE,,,,
476,08,00,12,30,1996,04,20,Ornu,Ashdod,180,,,N,FALSE,FALSE,,476,,3,,,,,,,,,,,,,,,,,,,,,,,,,,,,,,,,,,,FALSE,,,,FALSE,,,,
477,13,30,19,00,1996,04,20,Ornu,Bat-Yam,180,,,S,FALSE,FALSE,,477,,5,,,,,,,,,,,,,,,,,,,,,,,,,,,,,,,,,,,FALSE,,,,FALSE,,,,
478,06,00,22,30,1996,04,20,Ornu,South,,,,,FALSE,FALSE,,478,,,,,,,,,20 Kg,,,,,,,,,,,,,,,,,,,,,,,,,,,,FALSE,,,,FALSE,,,,
479,07,30,12,00,1996,04,21,Ornu,Ashdod,,4,,N,FALSE,FALSE,,479,,,,,,,,,,,,2,,,,,,,,,,,,,,,,,,,,,,,,,FALSE,Weak,0.5,,FALSE,,,,
480,,,,,1996,04,21,Ornu,,18,,,,FALSE,FALSE,,480,,,,,,,,,,,,,,,,,,,,,,,,,,,,,,,,,,,,,FALSE,Very weak,,0,FALSE,,,,
481,20,00,06,00,1996,04,21,Ornu,South,,,,,FALSE,FALSE,,481,,,,,,,,,30 Kg,,,,,,,,,,,,,,,,,,,,,,,,,,,,FALSE,,,,FALSE,,,,
482,19,00,06,00,1996,04,22,Ornu,North,,,,,FALSE,FALSE,,482,,,,,,,,3,40 Kg,,,,,,,,,,,,,,,,,,,,,,,,,,,,FALSE,,,,FALSE,,,,
483,03,00,08,00,1996,04,25,Ornu,Tel-Aviv,110,,,N,FALSE,FALSE,,483,,4,,,,,,,,,,,,,,,,,,,,,,,,,,,0.5,,,,,,,,FALSE,,,,FALSE,3,,,
484,09,15,14,15,1996,04,25,Ornu,Falik,56,,,N,FALSE,FALSE,,484,,,,,,,,,,,,,,,,,,,,,,,,,,,,,1,,,,,,,,FALSE,,,1,FALSE,,,,
485,15,00,20,30,1996,04,25,Ornu,Cesaria,80,,,S,FALSE,FALSE,,485,,2,,,,,,,,,,,,,,,,,,,,,,,,,,,2,,,,,,,,FALSE,,,1,FALSE,,,,
486,23,30,05,30,1996,04,25,Ornu,Bat-Yam,12,,,N,FALSE,FALSE,,486,,,,,,,,,25 Kg,,,,,,,,,,,,,,,,,,,,,,,,,,,,FALSE,,,,FALSE,,,,
487,22,00,,,1996,05,02,Cna'an,South,,1.4,,,FALSE,FALSE,,487,,,,,,,,,16 Kg,,,,,,,,,,,,,,,,,,,,,,,,,,,,FALSE,,,,FALSE,,,,
488,08,00,13,30,1996,05,03,Sarut,Ashdod,180,,,N,FALSE,FALSE,,488,,,,,,,,,,,,,,,,,,,,,,,,,,,,,,,,,,,,,FALSE,,,5,FALSE,,,,
489,14,30,21,00,1996,05,03,Sarut,Jaffa,115,,,N,FALSE,FALSE,,489,,,,,,,,,,,,,,,,,,,,,,,,,,,,,1,,,,,,,,FALSE,,,7,FALSE,,,,
490,22,00,05,30,1996,05,03,Sarut,Olga,115,,,S,FALSE,FALSE,,490,,,,,,,,,,,,,,,,,,,,,,,,,,,,,,,,,,,,,FALSE,,,8,FALSE,,1,,
491,07,15,13,15,1996,05,04,Sarut,Tel-Aviv,115,,,N,FALSE,FALSE,,491,,,,,,,,,,,,,,,,,,,,,,,,,,,,,,,,,,,,,FALSE,,,3,FALSE,,,,
492,14,15,20,00,1996,05,04,Sarut,Michmoret,84,,,S,FALSE,FALSE,,492,,,,,,,,,,,,,,,,,,,,,,,,,,,,,1,,,,,,,,FALSE,,,3,FALSE,,,,
493,21,00,02,00,1996,05,04,Sarut,Tel-Aviv,115,,,N,FALSE,FALSE,,493,,,,,,,,,,,,,,,,,,,,,,,,,,,,,,,,,,,,,FALSE,,,3,FALSE,,1,,
494,03,15,08,00,1996,05,05,Sarut,Michmoret,200,,,S,FALSE,FALSE,,494,,,,,,,,,,,,,,,,,,,,,,,,,,,,,,,,,,,,,FALSE,,,3,FALSE,,,,
495,09,15,16,00,1996,05,05,Sarut,Tel-Aviv,190,,,S,FALSE,FALSE,,495,,,,,,,,,,,,,,,,,,,,,,,,,,,,,,,,,,,,,FALSE,,,6,FALSE,,,,
496,,,,,1996,05,05,Sarut,South,,,night,,FALSE,FALSE,,496,,,,,,,,,20 Kg,,,,,,,,,,,,,,,,,,,,,,,,,,,,FALSE,,,,FALSE,,,,
497,07,30,13,30,1996,05,06,Sarut,Ashdod,120,,,N,FALSE,FALSE,,497,,,,,,,,,,,,,,,,,,,,,,,,,,,,,,,,,,,,,FALSE,,,3,FALSE,,,,
498,14,30,,,1996,05,06,Sarut,Tel-Aviv,100,,,N,FALSE,FALSE,,498,,,,,,,,,,,,,,,,,,,,,,,,,,,,,,,,,,,,,FALSE,,,,FALSE,,,,
499,19,30,01,00,1996,05,06,Sarut,Hilton,,0.77,,Natania,FALSE,FALSE,,499,,,,,,,,,15 Kg,,,,,,,,,,,,,,,,,,,,,,,,,,,,FALSE,,,,FALSE,,,,
500,01,30,06,00,1996,05,07,Sarut,Natania,,,,Hilton,FALSE,FALSE,,500,,,,,,,,4,15 Kg,,,,,,,,,,,,,,,,,,,,,,,,,,,,FALSE,,,,FALSE,,,,
501,07,30,12,30,1996,05,07,Sarut,Hertzelia,100,,,S,FALSE,FALSE,,501,,,,,,,,,,,,,,,,,,,,,,,,,,,,,1,,,,,,,,FALSE,,,4,FALSE,,,,
502,14,00,17,00,1996,05,07,Sarut,Tel-Aviv,180,,,S,FALSE,FALSE,,502,,,,,,,,,,,,,,,,,,,,,,,,,,,,,1,,,,,,,,FALSE,,,3,FALSE,,,,
503,,,,,1996,05,07,Sarut,South,,,night,,FALSE,FALSE,,503,,,,,,,,,10 Kg,,,,,,,,,,,,,,,,,,,,,,,,,,,,FALSE,,,,FALSE,,,,
504,07,00,11,00,1996,05,08,Sarut,Ashdod,,4,,N,FALSE,FALSE,,504,,,,,,,,,,,,,,,,,,,,,,,,,,,,,,,,,,,,,FALSE,,,3,FALSE,,,,
505,11,30,15,00,1996,05,08,Sarut,Jaffa,,2.85,,N,FALSE,FALSE,,505,,,,,,,,,,,,,,,,,,,,,,,,,,,,,,,,,,,,,FALSE,,,1,FALSE,,,,
506,15,30,19,00,1996,05,08,Sarut,Shfa'im,27,,,N,FALSE,FALSE,,506,,,,,,,,,,,,,,,,,,,,,,,,,,,,,,,,,,,,,FALSE,,,4,FALSE,,,,
507,20,00,,,1996,05,08,Sarut,Michmoret,8,,,S,FALSE,FALSE,,507,,,,,,,,,15 Kg,,,,,,,,,,,,,,,,,,,,,,,,,,,,FALSE,,,2,FALSE,,,,
508,01,30,06,30,1996,05,09,Sarut,Hertzelia,8,,,N,FALSE,FALSE,,508,,,,,,,,,10 Kg,,,,,,,,,,,,,,,,,,,,,,,,,,,,FALSE,,,,FALSE,,,,
509,07,30,12,30,1996,05,09,Sarut,Natania,,,,S,FALSE,TRUE,,509,,,,,,,,,,,,,,,,,,,,,,,,,,,,,,,,,,,,,FALSE,,,3,FALSE,,,,
510,20,30,05,30,1996,05,09,Ornu,North,14,,,,FALSE,FALSE,,510,,,,,,,,,25 Kg,,,,,,,,,,,,,,,,,,,,,,,,,,,,FALSE,,,,FALSE,,,,
511,12,30,17,30,1996,05,10,Ornu,Palmachim,110,,,N,FALSE,FALSE,,511,,3,,,,,,,,,,,,,,,,,,,,,,,,,,,0.5,,,,,,,,FALSE,,,0.5,FALSE,,,,
512,18,30,00,00,1996,05,10,Ornu,Hadera,110,,,N,FALSE,FALSE,,512,,2,,,,,,,,,,,,,,,,,,,,,,,,,,,,,,,,,,,FALSE,,,1,FALSE,,1,,
513,01,30,07,00,1996,05,11,Ornu,Hadera,160,,,S,FALSE,FALSE,,513,,3,,,,,,,,,,,,,,,,,,,,,,,,,,,,,,,,,,,FALSE,,,,FALSE,1,,,
514,08,30,12,30,1996,05,11,Ornu,Hertzelia,110,,,N,FALSE,FALSE,,514,,,,,,,,,,,,,,,,,,,,,,,,,,,,,,,,,,,,,FALSE,Very weak,,0,FALSE,,,,
515,14,00,19,00,1996,05,11,Ornu,Natania,,2.5,,Riding,FALSE,FALSE,,515,,,,,,,,,,,1,1,,,,,,,,,,,,,,,,,0.5,,,,,,,,FALSE,,2 Ind,,FALSE,,,,
516,20,00,06,00,1996,05,11,Ornu,Jaffa,14,,,S,FALSE,FALSE,,516,,,,,,,,,35 Kg,,,3 Ind,,,,,,,,,,,,,,,,,,,,,,,,,FALSE,,,,FALSE,,,,
517,07,00,11,00,1996,05,12,Ornu,Jaffa,,2,,Tel-Aviv,FALSE,FALSE,,517,,,,,,,0.5,,,,,1,,,,,,,,,,,,,,,,,0.5,,,,,,,,FALSE,,1,,FALSE,,,,
518,11,30,15,20,1996,05,12,Ornu,Tel-Aviv,,2,,N,FALSE,FALSE,,518,,,,,,,0.5,,,,,1,,,,,,,,,,,,,,,,,,,,,,,,,FALSE,,1,,FALSE,,,,
519,16,00,18,30,1996,05,12,Ornu,Jaffa,,2.45,,S,FALSE,FALSE,,519,,,,,,,,,,,,,,,,,,,,,,,,,,,,,,,,,,,,,FALSE,Weak,,,FALSE,,,,
520,20,30,,,1996,05,12,Ornu,North,,,,,FALSE,FALSE,,520,,,,,,,,,30 Kg,,,,,,,,,,,,,,,,,,,,,,,,,,,,FALSE,,,,FALSE,,,,
521,07,00,10,00,1996,05,13,Ornu,Ashdod,,2.7,,N,FALSE,FALSE,,521,,,,,,,,,,,,,,,,,,,,,,,,,,,,,,,,,,,,,FALSE,30 B+ back to the sea,,7,FALSE,,,,
522,10,30,14,15,1996,05,13,Ornu,Jaffa,,3.7,,Hertzelia,FALSE,FALSE,,522,,,,,,,,,,,,,,,,,,,,,,,,,,,,,,,,,,,,,FALSE,,0.5,2.5,FALSE,,,,
523,15,00,19,00,1996,05,13,Ornu,Hertzelia,,1.4,,Falik,FALSE,FALSE,,523,,,,,,,,,,,,,,,,,,,,,,,,,,,,,,,,,,,,,FALSE,,1,1,FALSE,,,,
524,20,30,06,00,1996,05,13,Ornu,North,16,,,,FALSE,FALSE,,524,,,,,,,,,20 Kg,,,,,,,,,,,,,,,,,,,,,,,,,,,,FALSE,,,,FALSE,,,,
525,06,30,10,30,1996,05,14,Ornu,Bat-Yam,,2.5,,N,FALSE,FALSE,,525,,,,,,,,,,,,,,,,,,,,,,,,,,,,,,,,,,,,,FALSE,,0.5,3.5,FALSE,,,,
526,11,00,15,00,1996,05,14,Ornu,Tel-Aviv,23,,,,FALSE,FALSE,,526,,,,,,,,,,,,,,,,,,,,,,,,,,,,,,,,,,,,,FALSE,,0.5,3,FALSE,,,,
527,15,30,19,00,1996,05,14,Ornu,Tel-Aviv,27,,,S,FALSE,FALSE,,527,,,,,,,,,,,,,,,,,,,,,,,,,,,,,,,,,,,,,FALSE,,0.5,2.5,FALSE,,,,
528,20,00,05,30,1996,05,14,Ornu,North,,,,,FALSE,FALSE,,528,,,,,,,,,32 Kg,,,,,,,,,,,,,,,,,,,,,,,,,,,,FALSE,,,,FALSE,,,,
529,08,00,12,30,1996,05,15,Ornu,Ashdod,27,,,N,FALSE,FALSE,,529,,,,,,,,,,,,3,,,,,,,,,,,,,,,,,,,,,,,,,FALSE,,1 Ind,,FALSE,,,,
530,14,00,18,30,1996,05,15,Ornu,Jaffa,180,,,S,FALSE,FALSE,,530,,5 Ind,,,,,,,,,,,,,,,,,,,,,,,,,,,,,,,,2 Ind,,,FALSE,,,,FALSE,,,,
531,20,30,22,30,1996,05,15,Ornu,North,5.5,,,,FALSE,FALSE,,531,,,,,,,,,4 Kg,,,,,,,,,,,,,,,,,,,,,,,,,,,,FALSE,,,,FALSE,,,,
532,23,00,06,00,1996,05,15,Ornu,North,16,,,,FALSE,FALSE,,532,,,,,,,,,,,,,,,,,,,,,,,,,,,,,,,,,,,,,FALSE,,,,FALSE,,,,
533,,,,,1996,05,25,Sarut,Ashdod,27,,,N,FALSE,FALSE,,533,,,,,,,,,,,,,,,,,,,,,,,,,,,,,,,,,,,,,FALSE,,,3,FALSE,,,,
534,,,,,1996,05,25,Sarut,Hilton,,0.77,,N,FALSE,FALSE,,534,,,,,,,,,,,,,,,,,,,,,,,,,,,,,,,,,,,,,FALSE,,,7,FALSE,,,,
535,,,,,1996,05,25,Sarut,Natania,,1,,Hertzelia,FALSE,FALSE,,535,,,,,,,,,,,,,,,,,,,,,,,,,,,,,,,,,,,,,FALSE,,,3,FALSE,,,,
536,08,30,13,30,1996,05,26,Sarut,Hertzelia,180,,,S,FALSE,FALSE,,536,,,,,,,,,,,,,,,,,,,,,,,,,,,,,,,,,,,,,FALSE,,1 Ind,8,FALSE,,,,
537,14,30,21,00,1996,05,26,Sarut,Palmachim,180,,,S,FALSE,FALSE,,537,,,,,,,,,,,,,,,,,,,,,,,,,,,,,,,,,,,,,FALSE,,,5,FALSE,,,,
538,22,00,03,00,1996,05,26,Sarut,Katzaa,140,,,N,FALSE,FALSE,,538,,,,,,,,,,,,,,,,,,,,,,,,,,,,,,,,,,,,,FALSE,,,2,FALSE,,,,
539,04,30,10,30,1996,05,27,Sarut,Ashdod,190,,,N,FALSE,FALSE,,539,,,,,,,,,,,,,,,,,,,,,,,,,,,,,,,,,,,,,FALSE,,,10,FALSE,,,,
540,11,30,17,30,1996,05,27,Sarut,Hertzelia,180,,,N,FALSE,FALSE,,540,,,,,,,,,,,,,,,,,,,,,,,,,,,,,,,,,,,,,FALSE,,,5,FALSE,,,,
541,19,45,03,00,1996,05,27,Sarut,Michmoret,8,,,S,FALSE,FALSE,,541,,,,,,,,,,,,,,,,,,,,,,,,,,,,,,,,,,,,,FALSE,,,10,FALSE,,,,
542,08,30,13,30,1996,05,28,Sarut,Ashdod,190,,,N,FALSE,FALSE,,542,,,,,,,,,,,,,,,,,,,,,,,,,,,,,,,,,,,,,FALSE,,,6,FALSE,,,,
543,14,30,18,30,1996,05,28,Sarut,Jaffa,190,,,S,FALSE,FALSE,,543,,,,,,,,,,,,,,,,,,,,,,,,,,,,,,,,,,,,,FALSE,,,6,FALSE,,,,
544,21,00,05,00,1996,05,28,Sarut,Ashdod,7,,,,FALSE,FALSE,,544,,,,,,,,,18 Kg,,,,,,,,,,,,,,,,,,,,,,,,,,,,FALSE,,,,FALSE,,,,
545,19,00,00,30,1996,05,29,Sarut,Hilton,0.77,,,N,FALSE,FALSE,,545,,,,,,,,,,,,,,,,,,,,,,,,,,,,,,,,,,,,,FALSE,,,18,FALSE,,,,
546,01,00,06,00,1996,05,30,Sarut,Natania,,0.72,,S,FALSE,FALSE,,546,,,,,,,,,,,,,,,,,,,,,,,,,,,,,,,,,,,,,FALSE,,,12,FALSE,,,,
547,08,30,12,30,1996,05,30,Sarut,Tel-Aviv,200,,,S,FALSE,FALSE,,547,,,,,,,,,,,,,,,,,,,,,,,,,,,,,,,,,,,,,FALSE,,,6,FALSE,,,,
548,13,30,17,30,1996,05,30,Sarut,Ashdod,190,,,N,FALSE,FALSE,,548,,,,,,,,,,,,,,,,,,,,,,,,,,,,,,,,,,,,,FALSE,,,8,FALSE,,,,
549,20,00,02,30,1996,05,30,Sarut,Tel-Aviv,,0.64,,Ga'ash,FALSE,FALSE,,549,,,,,,,,,,,,,,,,,,,,,,,,,,,,,,,,,,,,,FALSE,,,20,FALSE,,,,
550,08,30,15,00,1996,05,31,Sarut,Ashdod,200,,,N,FALSE,FALSE,,550,,7,,,,,,,,,,,,,,,,,,,,,,,,,,,,,,,,,,,FALSE,,,,FALSE,,,,
551,17,00,22,00,1996,05,31,Sarut,Tel-Aviv,,0.64,,Ga'ash,FALSE,FALSE,,551,,,,,,,,,,,,,,,,,,,,,,,,,,,,,,,,,,,,,FALSE,,,27,FALSE,,,,
552,09,00,16,00,1996,06,01,Ornu,Ashdod,180,,,Riding,FALSE,FALSE,,552,,11,,,,,,,,,,,,,,,,,,,,,,,,,,,,,,,,,,,FALSE,,,,FALSE,,,,
553,18,00,00,00,1996,06,01,Ornu,Riding,8,0.57,,Ga'ash,FALSE,FALSE,,553,,,,,,,,,,,,,,,,,,,,,,,,,,,,,,,,,,,,,FALSE,,,35,FALSE,,,,
554,01,00,06,00,1996,06,02,Ornu,Riding,8,0.57,,Ga'ash,FALSE,FALSE,,554,,,,,,,,,,,,,,,,,,,,,,,,,,,,,,,,,,,,,FALSE,,,11,FALSE,,,,
555,12,15,17,00,1996,06,02,Ornu,Ashdod,18,,,Jaffa,FALSE,FALSE,,555,,,,,,,,,,,,4,,,,2,,,,,,1,,,,,,,,,,,,,,,FALSE,,2,,FALSE,,,,
556,17,30,23,30,1996,06,02,Ornu,Tel-Aviv,12,,,N,FALSE,FALSE,,556,,,,,,,,,,,,,,,,,,,,,,,,,,,,,,,,,,,,,FALSE,,,12,FALSE,,,,
557,00,30,06,00,1996,06,03,Ornu,Tel-Aviv,,,,Falik,FALSE,FALSE,,557,,,,,,,,,,,,,,,,,,,,,,,,,,,,,,,,,,,,,FALSE,,,8,FALSE,,,,
558,07,00,12,00,1996,06,03,Ornu,Hertzelia,16,,,Falik,FALSE,FALSE,,558,,,,,,,,,,,,3,,,,,,,,,,,,,,,,,1,,,0.5,,,,,FALSE,,,0.5,FALSE,,,,
559,13,00,18,00,1996,06,03,Ornu,Natania,,2.4,,Hadera,FALSE,FALSE,,559,,,,,,,,,,,,2,,,,,,,,,,,,,,,,,1.5,,,,,,,,FALSE,,,0.5,FALSE,,,,
560,18,30,01,00,1996,06,03,Ornu,Hadera,8,,,S,FALSE,FALSE,,560,,,,,,,,,,,,,,,,,,,,,,,,,,,,,,,,,,,,,FALSE,,,10,FALSE,,,,
561,02,30,07,00,1996,06,04,Ornu,Falik,40,,,S,FALSE,FALSE,,561,,,,,,,,,,,,,,,,,,,,,,,,,,,,,,,,,,,,,FALSE,Weak,,,FALSE,,,,
562,08,30,13,00,1996,06,04,Ornu,Jaffa,,2.5,,Hose,FALSE,FALSE,,562,,,,,,,,,,,,2,,,,,,,,,,,,,,,,,,,,,,,,,FALSE,,4,,FALSE,,,,
563,13,30,17,30,1996,06,04,Ornu,Jaffa,,2.5,,Ashdod,FALSE,FALSE,,563,,,,,,,,,,,,3,,,,,,1,,,,,15.5,,,,,,1,,,,,,,3,FALSE,,1.5,,FALSE,,,,
564,23,00,06,00,1996,06,04,Ornu,Bank,,,,Falik,FALSE,FALSE,,564,,,,,,,,,,,,,,,,,,,,,,,,,,,,,,,,1,,,,,FALSE,,,7,FALSE,,,,
565,06,30,11,30,1996,06,05,Ornu,Hertzelia,16,,,Falik,FALSE,FALSE,,565,,,,,,,,,,,,,,,,,,,,,,,,,,,,,,,,,,,,,FALSE,"Weak, no specials",,,FALSE,,,,
566,14,00,19,30,1996,06,05,Ornu,Tel-Aviv,180,,,S,FALSE,FALSE,,566,,7,,,,,,,,,,,,,,,,,,,,,,,,,,,,,,,,,,,FALSE,,,,FALSE,,,,
567,20,30,02,00,1996,06,05,Ornu,Ashdod,210,,,S,FALSE,FALSE,,567,,3,,,,,,,,,,,,,,,,,,,,,,,,,,,,,,,,,,,FALSE,,,,FALSE,,,,
568,02,45,08,00,1996,06,06,Ornu,Gaza,,,,N,FALSE,FALSE,,568,,8,,,,,,,,,,,,,,,,,,,,,,,,,,,,,,,,,,,FALSE,,,,FALSE,,,,
569,09,00,14,30,1996,06,06,Ornu,Ashdod,215,,,S,FALSE,FALSE,,569,,8,,,,,,,,,,,,,,,,,,,,,,,,,,,,,,,,,,,FALSE,,,,FALSE,,,,
570,15,30,20,30,1996,06,06,Ornu,Gaza,210,,,N,FALSE,FALSE,,570,,6,,,,,,,,,,,,,,,,,,,,,,,,,,,,,,,,,,,FALSE,,,,FALSE,,,,
571,23,30,,,1996,06,06,Ornu,Ashdod,6,,,N,FALSE,FALSE,,571,,,,,,,,,,,,,,,,,,,,,,,,,,,,,,,,,,,,,FALSE,,,,FALSE,,,,
572,,,,,1996,06,13,Cna'an,Ashdod,180,,night,,FALSE,FALSE,,572,,,,,,,,,,,,,,,,,,,,,,,,,,,,,,,,,,,,,FALSE,,,3,FALSE,,2,,
573,,,,,1996,06,13,Cna'an,Ashdod,180,,,,FALSE,FALSE,,573,,4.5,,,,,,,,,,,,,,,,,,,,,,,,,,,,,,,,,,,FALSE,,,,FALSE,,,,
574,09,00,16,00,1996,06,14,Ornu,Ashdod,180,,,N,FALSE,FALSE,,574,,9.5,,,,,,,,,,,,,,,,,,,,,,,,,,,,,,,,,,,FALSE,,,0.5,FALSE,,,,
575,17,00,00,00,1996,06,14,Ornu,Ashdod,180,,,S,FALSE,FALSE,,575,,8,,,,,,,,,,,,,,,,,,,,,,,,,,,,,,,,,,,FALSE,,,2,FALSE,,,,
576,01,00,07,00,1996,06,15,Ornu,Ashdod,180,,,,FALSE,FALSE,,576,,5,,,,,,,,,,,,,,,,,,,,,,,,,,,,,,,,,,,FALSE,,,,FALSE,,,,
577,08,00,14,30,1996,06,15,Ornu,Tel-Aviv,180,,,S,FALSE,FALSE,,577,,8,,,,,,,,,,,,,,,,,,,,,,,,,,,,,,,,,,,FALSE,,,1,FALSE,,,,
578,15,30,23,00,1996,06,15,Ornu,Ashdod,180,,,N,FALSE,FALSE,,578,,,,,,,,,,,,,,,,,,,,,,,,,,,,,,,,,,,,,FALSE,,,7,FALSE,,,,
579,00,00,07,00,1996,06,16,Ornu,Tel-Aviv,180,,,N,FALSE,FALSE,,579,,,,,,,,,,,,,,,,,,,,,,,,,,,,,,,,,,,,,FALSE,,,4,FALSE,,,,
580,08,00,14,00,1996,06,16,Ornu,Tel-Aviv,180,,,S,FALSE,FALSE,,580,,7,,,,,,,,,,,,,,,,,,,,,,,,,,,,,,,,,,,FALSE,,,,FALSE,,,,
581,15,00,17,00,1996,06,16,Ornu,Ashdod,180,,,N,FALSE,FALSE,,581,,,,,,,,,,,,,,,,,,,,,,,,,,,,,,,,,,,,,FALSE,,,2.5,FALSE,,,,
582,21,00,05,15,1996,06,16,Ornu,North,16,,,,FALSE,FALSE,,582,,,,,,,,,22 Kg,,,,,,,,,,,,,,,,,,,,,,,,,,,,FALSE,,,,FALSE,,,,
583,08,00,14,00,1996,06,17,Ornu,Tel-Aviv,180,,,S,FALSE,FALSE,,583,,,,,,,,,,,,,,,,,,,,,,,,,,,,,,,,,,,,,FALSE,,,6,FALSE,,,,
584,15,00,22,00,1996,06,17,Ornu,Ashdod,180,,,N,FALSE,FALSE,,584,,,,,,,,,,,,,,,,,,,,,,,,,,,,,,,,,,,,,FALSE,,,6,FALSE,,,,
585,23,00,05,00,1996,06,17,Ornu,Tel-Aviv,180,,,N,FALSE,FALSE,,585,,,,,,,,,,,,,,,,,,,,,,,,,,,,,,,,,,,,,FALSE,,,4,FALSE,,,,
586,08,00,12,00,1996,06,18,Ornu,Hadera,28,,,S,FALSE,FALSE,,586,,,,,,,,,,,,,,,,,,,,,,,,,,,,,,,,,,,,,FALSE,,,1,FALSE,,,,
587,13,00,16,30,1996,06,18,Ornu,Falik,,2.75,,S,FALSE,FALSE,,587,,,,,,,,,,,,,,,,,,,,,,,,,,,,,,,,,,,,,FALSE,,1,1,FALSE,,,,
588,18,00,01,00,1996,06,18,Ornu,Riding,180,,,S,FALSE,FALSE,,588,,,,,,,,,,,,,,,,,,,,,,,,,,,,,,,,,,,,,FALSE,,,5,FALSE,,,,
589,02,00,08,00,1996,06,19,Ornu,Ashdod,180,,,N,FALSE,FALSE,,589,,,,,,,,,,,,,,,,,,,,,,,,,,,,,,,,,,,,,FALSE,,,5,FALSE,,,,
590,09,00,16,30,1996,06,19,Ornu,Riding,180,,,S,FALSE,FALSE,,590,,,,,,,,,,,,,,,,,,,,,,,,,,,,,,,,,,,,,FALSE,,,7,FALSE,,,,
591,22,00,05,00,1996,06,19,Ornu,North,16,,,,FALSE,FALSE,,591,,,,,,,,,20 Kg,,,,,,,,,,,,,,,,,,,,,,,,,,,,FALSE,,,,FALSE,,,,
592,06,00,10,30,1996,06,20,Ornu,Bat-Yam,18.5,,,N,FALSE,FALSE,,592,,,,,,,,,,,,,,,,,,,,,,,4,,,,,,1 B+,,,,,,,,FALSE,,,2,FALSE,,,,
593,13,30,20,00,1996,06,20,Ornu,Tel-Aviv,180,,,S,FALSE,FALSE,,593,,5,,,,,,,,,,,,,,,,,,,,,,,,,,,,,,,,,,,FALSE,,,,FALSE,,,,
594,23,00,04,30,1996,06,20,Ornu,North,10,,,,FALSE,FALSE,,594,,,,,,,,,12 Kg,,,,,,,,,,,,,,,,,,,,,,,,,,,,FALSE,,,,FALSE,,,,
595,09,00,14,00,1996,06,21,Sarut,Bat-Yam,,2.75,,N,FALSE,FALSE,,595,,,,,,,,,,,,,,,,,,,,,,,,,,,,,,,,,,,,,FALSE,,,3,FALSE,,,,
596,14,30,19,30,1996,06,21,Sarut,Ga'ash,,2.75,,S,FALSE,FALSE,,596,,,,,,,,,,,,,,,,,,,,,,,,,,,,,,,,,,,,,FALSE,,,3,FALSE,,,,
597,20,30,02,30,1996,06,21,Sarut,Bat-Yam,50,,,N,FALSE,FALSE,,597,,,,,,,,1,,,,,,,,,,,,,,,,,,,,,,,,,,,,,FALSE,,,1,FALSE,6,,,
598,04,00,10,00,1996,06,22,Sarut,Natania,180,,,S,FALSE,FALSE,,598,,,,,,,,,,,,,,,,,,,,,,,,,,,,,,,,,,,,,FALSE,,,3,FALSE,,,,
599,11,30,16,30,1996,06,22,Sarut,Tel-Aviv,180,,,S,FALSE,FALSE,,599,,,,,,,,,,,,,,,,,,,,,,,,,,,,,,,,,,,,,FALSE,,1 Ind,5,FALSE,,,,
600,17,30,23,00,1996,06,22,Sarut,Ashdod,200,,,S,FALSE,FALSE,,600,,,,,,,,,,,,,,,,,,,,,,,,,,,,,,,,,,,,,FALSE,,,3,FALSE,,,,
601,00,00,05,00,1996,06,23,Sarut,Gaza,200,,,N,FALSE,FALSE,,601,,,,,,,,,,,,,,,,,,,,,,,,,,,,,,,,,,,,,FALSE,,,2,FALSE,,,,
602,06,00,11,00,1996,06,23,Sarut,Ashdod,180,,,S,FALSE,FALSE,,602,,,,,,,,,,,,,,,,,,,,,,,,,,,,,,,,,,,,,FALSE,,,3,FALSE,,,,
603,13,30,18,30,1996,06,23,Sarut,Katzaa,27,,,N,FALSE,FALSE,,603,,,,,,,,,,,,,,,,,,,,,,,,,,,,,,,,,,,,,FALSE,,3 Ind,3,FALSE,,,,
604,,,,,1996,06,23,Sarut,North,,,night,,FALSE,FALSE,,604,,,,,,,,,12 Kg,,,,,,,,,,,,,,,,,,,,,,,,,,,,FALSE,,,,FALSE,,,,
605,07,00,11,30,1996,06,24,Sarut,Jaffa,,2.75,,N,FALSE,FALSE,,605,,,,,,,,,,,,,,,,,,,,,,,,,,,,,,,,,,,,,FALSE,,,2,FALSE,,,,
606,12,00,15,30,1996,06,24,Sarut,Tel-Aviv,,3.5,,,FALSE,FALSE,,606,,,,,,,,,,,,,,,,,,,,,,,,,,,,,,,,,,,,,FALSE,,,2,FALSE,,,,
607,18,00,00,00,1996,06,24,Sarut,Tel-Aviv,200,,,N,FALSE,FALSE,,607,,,,,,,,,,,,,,,,,,,,,,,,,,,,,,,,,,,,,FALSE,,,2,FALSE,,,,
608,01,00,07,00,1996,06,25,Sarut,Michmoret,180,,,S,FALSE,FALSE,,608,,,,,,,,,,,,,,,,,,,,,,,,,,,,,,,,,,,,,FALSE,,,3,FALSE,,,,
609,08,00,13,30,1996,06,25,Sarut,Tel-Aviv,120,,,N,FALSE,FALSE,,609,,,,,,,,,,,,,,,,,,,,,,,,,,,,,,,,,,,,,FALSE,,,5,FALSE,,,,
610,15,00,20,30,1996,06,25,Sarut,Olga,27,,,S,FALSE,FALSE,,610,,,,,,,,,,,,,,,,,,,,,,,,,,,,,,,,,,,,,FALSE,,,3,FALSE,,,,
611,22,30,05,00,1996,06,25,Sarut,Bat-Yam,1.5,,,Ashdod,FALSE,FALSE,,611,,,,,,,,,2,,,,,,,,,,,,,,,,,,,,,,,,,,,,FALSE,,,,FALSE,,,1,
612,00,00,05,30,1996,06,27,Sarut,Palmachim,50,,,N,FALSE,FALSE,,612,,,,,,,,,,,,,,,2,,,,,,,,,,,,,,,,,,,,,,FALSE,,,10,FALSE,,,,
613,07,30,,,1996,06,27,Sarut,Hertzelia,190,,,S,FALSE,FALSE,,613,,,,,,,,,,,,,,,,,,,,,,,,,,,,,,,,,,,,,FALSE,,,,FALSE,,,,
614,,,,,1996,07,04,Cna'an,,,,,,FALSE,FALSE,,614,,,,,,,,,,,,,,,,,,,,,,,,,,,,,,,,,,,,,TRUE,,,,FALSE,,,,
615,15,00,19,00,1996,07,05,Ornu,Ashdod,,2.2,,Ashkelon,FALSE,FALSE,,615,,,,,,,,,,,,1,,,,,,,,,,1,,,,,,,,,,,,,,,FALSE,,1,,FALSE,,,,
616,20,00,05,00,1996,07,05,Ornu,South,,,,,FALSE,FALSE,,616,,,,,,,,,20 Kg,,,,,,,,,,,,,,,,,,,,,,,,,,,,FALSE,,,,FALSE,,,,
617,06,00,11,00,1996,07,06,Ornu,Ashdod,21,,,N,FALSE,FALSE,,617,,,,,,,,,,,,1,,,,2,,,,,,,,,,,,,0.5,,,,,,,,FALSE,,1,0.5,FALSE,,,,
618,11,30,16,00,1996,07,06,Ornu,Jaffa,,2.75,,N,FALSE,FALSE,,618,,,,,,,2.5,,,,,1,,,,,,,,,,1,,,,,,,,,,,,,,,FALSE,,,1.5,FALSE,,,,
619,16,30,20,00,1996,07,06,Ornu,Falik,,2.75,,Bank,FALSE,FALSE,,619,,,,,,,,,,,,,,,,,,,,,,,,,,,,,0.5,,,,,,,,FALSE,,1,0.5,FALSE,,,,
620,21,30,04,00,1996,07,06,Ornu,Tel-Aviv,50,,,S,FALSE,FALSE,,620,,,,,,,,,,,,,,,,,,,,,,,,,,,,,,,,,,,,,FALSE,Weak,,,FALSE,,,,
621,05,30,11,00,1996,07,07,Ornu,Palmachim,,3,,N,FALSE,FALSE,,621,,,,,,,,,,,,,,,,,,,,,,,,,,,,,,,,,,,,,FALSE,,,6,FALSE,,,,
622,11,30,16,00,1996,07,07,Ornu,Palmachim,,,,N,FALSE,FALSE,,622,,,,,,,,,,,,,,,,,,,,,,,,,,,,,,,,,,,,,FALSE,,,5,FALSE,,,,
623,19,00,04,00,1996,07,07,Ornu,South,12,,,,FALSE,FALSE,,623,,,,,,,,,20 Kg,,,,,,,,,,,,,,,,,,,,,,,,,,,,FALSE,,,,FALSE,,,,
624,09,30,14,00,1996,07,19,Ornu,Ashdod,,3.75,,N,FALSE,FALSE,,624,,,,,,,,,,,,2,,,,,,1,,,,,1 B+,,,,,,3,,,,,,,,FALSE,,1,1,FALSE,,,,
625,14,30,19,00,1996,07,19,Ornu,Riding,2.75,,,N,FALSE,FALSE,,625,,,,,,,,,,,,2,,,,,,,,,,,,,,,,,,,,1,,,,,FALSE,,,,FALSE,,,,
626,20,00,01,00,1996,07,19,Ornu,Natania,,,,S,FALSE,FALSE,,626,,,,,,,,,,,,3,,,,2 S+,,,,,,,,,,,,,,,,,,,,,FALSE,,,,FALSE,,,,
627,01,30,07,00,1996,07,20,Ornu,Hertzelia,29.5,,,S,FALSE,FALSE,,627,,,,,,,,,,,,2,,,,2,,,,,,,,,,,,,,,,,,,,,FALSE,,,,FALSE,,,,
628,08,00,12,30,1996,07,20,Ornu,Ashdod,,3.65,,N,FALSE,FALSE,,628,,,,,,,,,,,,2,,,,1,,0.5,,,,2,,,,,,,1 B+,,,0.5,,,,,FALSE,,,,FALSE,,,,
629,13,00,16,30,1996,07,20,Ornu,Riding,,3.6,,S,FALSE,FALSE,,629,,,,,,,,,,,,1,,,,,,,,,,,,,,,,,1,,,0.5,,,,2,FALSE,,,1.5,FALSE,,,,
630,17,30,20,30,1996,07,20,Ornu,Hose,16.5,,,N,FALSE,FALSE,,630,,,,,,,,,30 Kg,,,,,,,3 B+ 2 S+,,,,,,,,,,,,,7 B+,,,0.5,,,,,FALSE,,,0.5,FALSE,,,,
631,22,00,06,00,1996,07,20,Ornu,South,8,,,,FALSE,FALSE,,631,,,,,,,,,30 Kg,,,,,,,,,,,,,,,,,,,,,,,,,,,,FALSE,,,,FALSE,,,,
632,06,30,10,00,1996,07,21,Ornu,Ashdod,,3.5,,S,FALSE,FALSE,,632,,,,,,,,,,,,,,,,,,7 L+1 S+,,,,,,,,,,,,,,0.5,,,,,FALSE,,,2,FALSE,,,,
633,10,30,,,1996,07,21,Ornu,Ashdod,,2,,S,FALSE,FALSE,,633,,,,,,,,,,,,,,,,,,,,,,,,,,,,,,,,,,,,,FALSE,,,,FALSE,,,,
634,,,,,1996,07,21,Ornu,South,,,night,,FALSE,FALSE,,634,,,,,,,,,30 Kg,,,,,,,,,,,,,,,,,,,,,,,,,,,,FALSE,,,,FALSE,,,,
635,06,30,10,30,1996,07,22,Sarut,Ashdod,,3.7,,N,FALSE,FALSE,,635,,,,,,,,,,,,,,,,,,,,,,,,,,,,,,,,,,,,,FALSE,,,7,FALSE,,,,
636,11,30,15,00,1996,07,22,Sarut,Jaffa,,2.55,,S,FALSE,FALSE,,636,,,,,,,,,,,,,,,,,,,,,,,,,,,,,,,,,,,,,FALSE,,,20,FALSE,,,,
637,15,30,19,00,1996,07,22,Sarut,Hose,,1.85,,S,FALSE,FALSE,,637,,,,,,,,,,,,,,,,,,,,,,,,,,,,,,,,,,,,,FALSE,,,3,FALSE,,,,
638,,,,,1996,07,22,Sarut,South,10,,night,,FALSE,FALSE,,638,,,,,,,,,,,,,,,,,,,,,,,,,,,,,,,,,,,,,FALSE,,,,FALSE,,,,
639,06,30,10,30,1996,07,23,Sarut,Ashdod,,4,,S,FALSE,FALSE,,639,,,,,,,,,,,,,,,,,,,,,,,,,,,,,,,,,,,,,FALSE,,1 Ind,3,FALSE,,,,
640,11,30,15,30,1996,07,23,Sarut,Ashdod,,4,,N,FALSE,FALSE,,640,,,,,,,,,,,,,,,,,,,,,,,,,,,,,,,,,,,,,FALSE,,,6,FALSE,,,,
641,16,00,20,00,1996,07,23,Sarut,Jaffa,,,,Bank,FALSE,FALSE,,641,,,,,,,,,,,,,,,,,,,,,,,,,,,,,,,,,,,,,FALSE,,,6,FALSE,,,,
642,22,00,04,30,1996,07,23,Sarut,Jaffa,,,,Ashdod,FALSE,FALSE,,642,,,,,,,,,16 Kg,,,,,,,,,,,,,,,,,,,,,,,,,,,,FALSE,,,12,FALSE,,,,
643,08,30,13,30,1996,07,24,Sarut,Ashdod,,3.9,,N,FALSE,FALSE,,643,,,,,,,,,,,,,,,,,,,,,,,,,,,,,,,,,,,,,FALSE,,,6,FALSE,,,,
644,14,30,19,00,1996,07,24,Sarut,Jaffa,,2.65,,S,FALSE,FALSE,,644,,,,,,,,,,,,,,,,,,,,,,,,,,,,,,,,,,,,,FALSE,,,25,FALSE,,,,
645,,,,,1996,07,24,Sarut,South,,,night,,FALSE,FALSE,,645,,,,,,,,,,,,,,,,,,,,,,,,,,,,,,,,,,,,,FALSE,,,3,FALSE,,,,
646,07,00,,,1996,07,25,Sarut,Ashdod,,,,S,FALSE,FALSE,,646,,,,,,,,,,,,,,,,,,,,,,,,,,,,,,,,,,,,,FALSE,,,27,FALSE,,,,
647,08,30,,,1996,07,26,Cna'an,Ashdod,26,,,S,FALSE,FALSE,,647,,,,,,,,,,,,,,,,,2.5,,,,,,,,,,,,2.5,,,,,,,,FALSE,,20 Kg,,FALSE,,,,
648,13,30,,,1996,07,26,Cna'an,Katzaa,26,,,N,FALSE,FALSE,,648,,,,,,,,,,,,,,,,,3,,,,,,,,,,,,3,,,,,,,,FALSE,,,,FALSE,,,,
649,,,,,1996,07,26,Cna'an,North,,,night,,FALSE,FALSE,,649,,,,,,,,,,,,,,,,,,,,,,,,,,,,,,,,,,,,,FALSE,,,,FALSE,,,,
650,07,15,12,30,1996,07,27,Cna'an,Palmachim,26,,,S,FALSE,FALSE,,650,,,,,,,,,,,,,,,,,,,,,,,,,,,,,,,,,,,,,FALSE,,1 Ind,6,FALSE,,,,
651,13,15,,,1996,07,27,Cna'an,Ashkelon,39,,,Palmachim,FALSE,FALSE,,651,,,,,,,,,,,,,,,,,,,,,,,,,,,,,6,,,,,,,,FALSE,,1 Ind,,FALSE,,,,
652,19,10,,,1996,07,27,Cna'an,Rishon,32,,,N,FALSE,FALSE,,652,,,,,,,,,,,,,,,,,,,,,,,,,,,,,,,,,,,,,FALSE,,1 Ind,5,FALSE,,,,
653,01,00,,,1996,07,28,Cna'an,,,,למחוק,,FALSE,FALSE,,653,,,,,,,,,,,,,,,,,,,,,,,,,,,,,,,,,,,,,FALSE,,,,FALSE,,,,
654,02,00,07,30,1996,07,28,Cna'an,Falik,32,,,S,FALSE,FALSE,,654,,,,,,,,,,,,,,,,,,,,,,,,,,,,,,,,,,,,,FALSE,,,4,FALSE,,,,
655,08,00,12,30,1996,07,28,Cna'an,Bat-Yam,29,,,N,FALSE,FALSE,,655,,,,,,,,,,,,,,,,,,,,,,,,,,,,,,,,,,,,,FALSE,,1 Ind,5,FALSE,,,,
656,13,30,16,45,1996,07,28,Cna'an,Falik,24,,,S,FALSE,FALSE,,656,,,,,,,,,,,,,,,,,,,,,,,,,,,,,,,,,,,,,FALSE,,1,3,FALSE,,,,
657,,,,,1996,07,28,Cna'an,,8.5,,night,,FALSE,FALSE,,657,,,,,,,,7,18 Kg,,,,,,,,,,,,,,,,,,,,,,,,,,,,FALSE,,,,FALSE,,,,
658,06,30,11,00,1996,07,29,Cna'an,Palmachim,,2.3,,N,FALSE,FALSE,,658,,,,,,,,,,,,,,,,12,,,,,,,,,,,,,,,,,,,,,FALSE,,,,FALSE,,,,
659,11,45,15,45,1996,07,29,Cna'an,Hertzelia,,3.6,,Natania,FALSE,FALSE,,659,,,,,,,,3,,,1,,,,,,,,,,,,,,,,,,,,,1.5,,,,,FALSE,,,,FALSE,,,,
660,16,00,19,30,1996,07,29,Cna'an,Natania,23,3.6,,Bridge,FALSE,FALSE,,660,,,,,,,,,,,,,,,,,,,,,,,,,,,,,,,,,,,,,FALSE,soltan very weak,,4,FALSE,,,,
661,20,00,01,00,1996,07,29,Cna'an,Bridge,8,,,Ga'ash,FALSE,FALSE,,661,,,,,,,,,,,,,,,,,,,,,,,,,,,,,3,,,1,,,,,FALSE,,,11,FALSE,,,,
662,02,40,06,30,1996,07,30,Cna'an,Ga'ash,42,,,Bat Yam,FALSE,FALSE,,662,,,,,,,,,,,,,,,2,,,,,,,,,,,,,,,,,,,,,,FALSE,,,,FALSE,5,,,
663,08,00,11,30,1996,07,30,Cna'an,Palmachim,17,2.6,,N,FALSE,FALSE,,663,,,,,,,,,,,,,,,,,,,,,,,,,,,,,,,,,,,,,FALSE,,,12,FALSE,,,,
664,12,15,16,00,1996,07,30,Cna'an,Tel-Aviv,,3.8,,S,FALSE,FALSE,,664,,,,,,,,,,,,,,,,,7,,,,,,,,,,,,,,,,,,,,FALSE,,,,FALSE,,,,
665,16,30,19,30,1996,07,30,Cna'an,Palmachim,,1.8,,N,FALSE,FALSE,,665,,,,,,,,,,,,,,,,8,,,,,,,,,,,,,,,,,,,,,FALSE,,,,FALSE,,,,
666,20,00,,,1996,07,30,Cna'an,North,,1.4,,,FALSE,FALSE,,666,,,,,,,,,30 Kg,,,,,,,,,,,,,,,,,,,,,,,,,,,,FALSE,,,,FALSE,,,,1
667,09,30,,,1996,07,31,Cna'an,Ashdod,,4.1,,N,FALSE,FALSE,,667,,,,,,,,,,,,,,,,,,,,,,,,,,,,,,,,,,,,,FALSE,,,7,FALSE,,,,
668,,,,,1996,07,31,Cna'an,Jaffa,,3.75,,Ashdod,FALSE,FALSE,,668,,,,,,,,,,,,,,,,,,,,,,,,,,,,,,,,,,,,,FALSE,,,8,FALSE,,,,
669,,,,,1996,07,31,Cna'an,North,,1.6,night,,FALSE,FALSE,,669,,,,,,,,,,,,,,,,,,,,,,,,,,,,,,,,,,,,,FALSE,,,,FALSE,,,,
670,,,,,1996,08,01,Cna'an,Hose,20,,,Jaffa,FALSE,FALSE,,670,,,,,,,,,,,,,,,,,,,,,,,,,,,,,,,,,,,,,FALSE,,,7,FALSE,,,,
671,,,,,1996,08,01,Cna'an,Ashdod,,3.9,,N,FALSE,FALSE,,671,,,,,,,,,,,,,,,,,,,,,,,,,,,,,,,,,,,,,FALSE,,,9,FALSE,,,,
672,20,00,03,30,1996,08,01,Cna'an,North,,1.6,,,FALSE,FALSE,,672,,,,,,,,,28 Kg,,,,,,,,,,,,,,,,,,,,1,,,1,,,,,FALSE,,,,FALSE,,,,
673,08,30,13,00,1996,08,02,Ornu,Ashdod,,3.75,,N,FALSE,FALSE,,673,,,,,,,,,,,,2.5,,,,1,,,,,,,,,,,,,2.5,,,0.5,,,,,FALSE,,,,FALSE,,,,
674,13,40,16,30,1996,08,02,Ornu,Tel-Aviv,,,,S,FALSE,FALSE,,674,,,,,,,,,,,,2,,,,1,,,,,,,,,,,,,1,,,,,,,,FALSE,,,,FALSE,,,,
675,17,30,19,30,1996,08,02,Ornu,Tel-Aviv,,,,S,FALSE,FALSE,Labkonia,675,,,,,,,,,,,,2,,,,1,,,,,,,,,,,,,1,,,,,,,,FALSE,,,,FALSE,,,,
676,20,45,01,00,1996,08,02,Ornu,North,16,,,,FALSE,FALSE,,676,,,,,,,,,12 Kg,,,,,,,,,,,,,,,,,,,,1 B+,,,,,,,,FALSE,,,,FALSE,,,,
677,01,30,06,00,1996,08,03,Ornu,North,16,,,,FALSE,FALSE,,677,,,,,,,,,12 Kg,,,,,,,,,,,,,,,,,,,,1 B+,,,,,,,,FALSE,,,,FALSE,,,,
678,06,45,10,30,1996,08,03,Ornu,Palmachim,,4,,N,FALSE,FALSE,,678,,,,,,,,1.5,,,,6,,,,,,,,,,,,,,,,,2.5,,,,,,,,FALSE,,,,FALSE,,,,
679,11,00,15,30,1996,08,03,Ornu,Riding,,3,,,FALSE,FALSE,,679,,,,,,,,,,,,5,,,,,,,,,,,,,,,,,0.5,,,,,,,,FALSE,,,0.5,FALSE,,,,
680,16,00,19,30,1996,08,03,Ornu,Palmachim,,3.2,,N,FALSE,FALSE,,680,,,,,,,,,,,,,,,,,,,,,,,,,,,,,,,,,,,,,FALSE,,,8,FALSE,,,,
681,20,00,21,30,1996,08,03,Ornu,Bat-Yam,16,,,S,FALSE,FALSE,,681,,,,,,,,,,,,,,,,,,,,,,,,,,,,,,,,,,,,,FALSE,Weak,,,FALSE,,,,
682,22,30,06,00,1996,08,03,Ornu,North,8,,,,FALSE,FALSE,,682,,,,,,,,4 Ind,8 Kg,,,,,,,,,,,,,,,,,,,,,,,,,,,,FALSE,Gambary very weak,,,FALSE,,,,
683,06,45,11,15,1996,08,04,Ornu,Roki,,3,,Hertzelia,FALSE,FALSE,,683,,,,,,,,,,,,4,,,,,,5 S+1 L+,,,,2,,,,,,,,,,,,,,,FALSE,,,1,FALSE,,,,
684,11,45,17,15,1996,08,04,Ornu,Hertzelia,,,,S,FALSE,FALSE,,684,,,,,,,,,,,,5,,,,1,,2,,,,,,,,,,,2,,,0.5,,,,,FALSE,,,,FALSE,,,,
685,,,,,1996,08,04,Ornu,South,,,night,,FALSE,FALSE,,685,,,,,,,,,15 Kg,,,,,,,,,,,,,,,,,,,,,,,,,,,,FALSE,,,,FALSE,,,,
686,08,30,13,30,1996,08,05,Ornu,Ashdod,,3.2,,Riding,FALSE,FALSE,,686,,,,,,,,,,,,3.5,,,,1,,1 S+,,,,1 M+,,,,,,,0.5,,,0.5,,,,,FALSE,,0.5,,FALSE,,,,
687,14,00,16,00,1996,08,05,Ornu,Riding,,2.75,,Falik,FALSE,FALSE,,687,,,,,,,,,,,,,,,,,,,,,,,,,,,,,,,,,,,,,FALSE,,1,2,FALSE,,,,
688,17,30,20,00,1996,08,05,Ornu,Falik,,,,N,FALSE,FALSE,,688,,,,,,,,,,,,,,,,,,,,,,,,,,,,,,,,,,,,,FALSE,,,5,FALSE,,,,
689,21,00,06,00,1996,08,05,Ornu,Hadera,42,,,S,FALSE,FALSE,,689,,,,,,,,,,,,,,,25 Kg,6 B+,,,,,,,,,,,,,,,,,,,,,FALSE,,,,FALSE,8,,,
690,07,00,11,00,1996,08,06,Ornu,Tel-Aviv,,3.6,,S,FALSE,FALSE,,690,,,,,,,,,,,,5,,,,,,,,,,,,,,,,,1,,,,,,,,FALSE,,1,1,FALSE,,,,
691,11,30,15,30,1996,08,06,Ornu,Tel-Aviv,,,,S,FALSE,FALSE,,691,,,,,,,,,,,,6,,,,,,,,,,,,,,,,,,,,,,,,,FALSE,,,4,FALSE,,,,
692,16,00,19,30,1996,08,06,Ornu,Bat-Yam,,,,Hoze,FALSE,FALSE,,692,,,,,,,,,,,,3,,,,2,,2 B+,,,,,,,,,,,1 S+2 B+,,,,,,,,FALSE,,,,FALSE,,,,
693,21,00,04,00,1996,08,06,Ornu,Hose,,1.7,,Bat Yam,FALSE,FALSE,,693,,,,,,,,,20 Kg,,,,,,,,,,,,,,,,,,,,2 B+,,,,,,,,FALSE,,,,FALSE,,,,
694,08,00,11,30,1996,08,07,Ornu,Ashdod,,2.75,,S,FALSE,FALSE,,694,,,,,,,,,,,,,,,,,,,,,,,,,,,,,,,,,,,,,FALSE,,,14,FALSE,,,,
695,12,30,16,00,1996,08,07,Ornu,Jaffa,,3.2,,N,FALSE,FALSE,,695,,,,,,,,,,,,,,,,,,,,,,,,,,,,,,,,,,,,,FALSE,,,8,FALSE,,,,
696,17,00,20,00,1996,08,07,Ornu,Ashdod,,1.8,,S,FALSE,FALSE,,696,,,,,,,,,,,,,,,,,,10 B+,,,,,,,,,,,14 B+1 S+,,,,,,,,FALSE,,,5,FALSE,,,,
697,20,30,02,30,1996,08,07,Ornu,Hose,,2.15,,Bat Yam,FALSE,FALSE,,697,,,,,,,,,10 Kg,,,,,,,,,,,,,,,,,,,,,,,,,,,,FALSE,,,,FALSE,,,,5 Kg
698,05,00,06,30,1996,08,08,Ornu,Hose,,2.05,,Bat Yam,FALSE,FALSE,,698,,,,,,,,,10 Kg,,,,,,,,,,,,,,,,,,,,,,,,,,,,FALSE,,,,FALSE,,,,3 Kg
699,07,00,11,00,1996,08,08,Ornu,Riding,,1.8,,Ashdod,FALSE,FALSE,,699,,,,,,,,,,,,,,,,,,,,,,,,,,,,,,,,,,,,,FALSE,mud. All sultan bizri back to sea for the mud,,15,FALSE,,,,
700,11,30,14,00,1996,08,08,Ornu,Ashdod,18,,,Hose,FALSE,FALSE,Labkonia,700,,,,,,,,,,,,,,,,,,,,,,,,,,,,,,,,,,,,,FALSE,net tore,,,FALSE,,,,
701,16,30,19,30,1996,08,08,Ornu,Ashdod,,2.5,,Bat Yam,FALSE,FALSE,A2,701,,,,,,,,,,,,,,,,,,,,,,,,,,,,,,,,,,,,,FALSE,,,15,FALSE,,,,
702,21,00,04,00,1996,08,08,Ornu,North,17,,,,FALSE,FALSE,,702,,,,,,,,,,,,,,,,,,,,,,,,,,,,,,,,,,,,,FALSE,,,,FALSE,,,,
703,07,45,11,00,1996,08,09,Sarut,Ashdod,,1.85,,N,FALSE,FALSE,,703,,,,,,,,,,,,,,,,,,,,,,,,,,,,,,,,,,,,,FALSE,,,20,FALSE,,,,
704,11,30,15,30,1996,08,09,Sarut,Bat-Yam,,1.85,,Hose,FALSE,FALSE,,704,,,,,,,,,,,,,,,,,,,,,,,,,,,,,,,,,,,,,FALSE,,,20,FALSE,,,,
705,16,00,19,30,1996,08,09,Sarut,Bat-Yam,,1.85,,Hose,FALSE,FALSE,,705,,,,,,,,,,,,,,,,,,,,,,,,,,,,,,,,,,,,,FALSE,,,10,FALSE,,,,
706,20,00,06,00,1996,08,09,Sarut,Bat-Yam,,1.7,,Hose,FALSE,FALSE,,706,,,,,,,,,25 Kg,,,,,,,,,,,,,,,,,,,,,,,,,,,,FALSE,,,,FALSE,,,,
707,07,00,10,30,1996,08,10,Sarut,Bat-Yam,,1.85,,Ashdod,FALSE,FALSE,,707,,,,,,,,,,,,,,,,,,,,,,,,,,,,,,,,,,,,,FALSE,,,10,FALSE,,,,
708,11,30,14,30,1996,08,10,Sarut,Ashdod,,1.55,,Bat Yam,FALSE,FALSE,,708,,,,,,,,,,,,,,,,,,,,,,,,,,,,,,,,,,,,,FALSE,,,8,FALSE,,,,
709,18,00,19,00,1996,08,10,Sarut,Bat-Yam,,3.75,,Ashdod,FALSE,FALSE,,709,,,,,,,,,,,,,,,,,,,,,,,,,,,,,,,,,,,,,FALSE,,,8,FALSE,,,,
710,,,,,1996,08,10,Sarut,South,,,night,,FALSE,FALSE,,710,,,,,,,,,,,,,,,,,,,,,,,,,,,,,,,,,,,,,FALSE,,,1,FALSE,,,,
711,07,45,11,30,1996,08,11,Sarut,Ashdod,,3.75,,N,FALSE,FALSE,,711,,,,,,,,,,,,,,,,,,,,,,,,,,,,,,,,,,,,,FALSE,,,10,FALSE,,,,
712,12,00,15,30,1996,08,11,Sarut,Tel-Aviv,,2.7,,N,FALSE,FALSE,,712,,,,,,,,,,,,,,,,,,,,,,,,,,,,,,,,,,,,,FALSE,,,7,FALSE,,,,
713,16,00,20,00,1996,08,11,Sarut,Falik,27,,,S,FALSE,FALSE,,713,,,,,,,,,,,,,,,,,,,,,,,,,,,,,,,,,,,,,FALSE,,,4,FALSE,,,,
714,,,,,1996,08,11,Sarut,,,1.7,night,,FALSE,FALSE,,714,,,,,,,,,22 Kg,,,,,,,,,,,,,,,,,,,,,,,,,,,,FALSE,,,,FALSE,,,,
715,08,00,12,00,1996,08,12,Sarut,Ashdod,,3.75,,N,FALSE,FALSE,,715,,,,,,,,,,,,,,,,,,,,,,,,,,,,,,,,,,,,,FALSE,,,12,FALSE,,,,
716,12,30,16,00,1996,08,12,Sarut,Jaffa,,3.5,,S,FALSE,FALSE,,716,,,,,,,,,,,,,,,,,,,,,,,,,,,,,,,,,,,,,FALSE,,,10,FALSE,,,,
717,16,30,19,30,1996,08,12,Sarut,Hose,,1.85,,Bat Yam,FALSE,FALSE,,717,,,,,,,,,,,,,,,,,,,,,,,,,,,,,,,,,,,,,FALSE,,,5,FALSE,,,,
718,21,00,06,00,1996,08,12,Sarut,Palmachim,50,,,N,FALSE,FALSE,,718,,,,,,,,,,,,,,,70 Kg,1,,,,,,,,,,,,,2,,,,,,,,FALSE,,,,FALSE,5,,,
719,07,00,12,00,1996,08,13,Sarut,Bat-Yam,,1.85,,Hose,FALSE,FALSE,,719,,,,,,,,,,,,,,,,,,,,,,,,,,,,,,,,,,,,,FALSE,,,10,FALSE,,,,
720,12,30,17,30,1996,08,13,Sarut,Jaffa,,3.5,,N,FALSE,FALSE,,720,,,,,,,,,,,,,,,,,,,,,,,,,,,,,,,,,,,,,FALSE,,,7,FALSE,,,,
721,18,30,23,00,1996,08,13,Sarut,Ashdod,5,,,N,FALSE,FALSE,,721,,,,,,,,,,,,,,,,,,,,,,,,,,,,,,,,,,,,,FALSE,,,16,FALSE,,,,
722,00,00,04,00,1996,08,14,Sarut,Jaffa,6,,,S,FALSE,FALSE,,722,,,,,,,,,,,,,,,,,,,,,,,,,,,,,,,,,,,,,FALSE,,,14,FALSE,,,,
723,09,00,13,00,1996,08,14,Sarut,Ashdod,,3.75,,N,FALSE,FALSE,,723,,,,,,,,,,,,,,,,,,,,,,,,,,,,,,,,,,,,,FALSE,,,12,FALSE,,,,
724,14,00,19,30,1996,08,14,Sarut,Tel-Aviv,,3.8,,N,FALSE,FALSE,,724,,,,,,,,,,,,,,,,,,,,,,,,,,,,,,,,,,,,,FALSE,,,4,FALSE,,,,
725,20,30,05,30,1996,08,14,Sarut,Natania,52,,,S,FALSE,FALSE,,725,,,,,,,,8,100 Kg,,,,,,,,,,,,,,,,,,,,,,,,,,,,FALSE,,,,FALSE,,,,
726,07,00,12,00,1996,08,15,Sarut,Ashdod,27,,,S,FALSE,FALSE,,726,,,,,,,,,,,,,,,,,,,,,,,,,,,,,,,,,,,,,FALSE,,,7,FALSE,,,,
727,13,00,17,30,1996,08,15,Sarut,Katzaa,22,1.4,,N,FALSE,FALSE,,727,,,,,,,,,,,,,,,,,,,,,,,,,,,,,,,,,,,,,FALSE,,,20,FALSE,,,,
728,18,30,22,45,1996,08,15,Sarut,Ashdod,6,,,N,FALSE,FALSE,,728,,,,,,,,,,,,,,,,,,,,,,,,,,,,,,,,,,,,,FALSE,,,15,FALSE,,,,
729,23,30,04,00,1996,08,15,Sarut,Jaffa,6,,,S,FALSE,FALSE,,729,,,,,,,,,,,,,,,,,,,,,,,,,,,,,,,,,,,,,FALSE,,,15,FALSE,,,,
730,,,,,1996,08,16,Cna'an,Ashdod,6.5,,,N,FALSE,FALSE,,730,,,,,,,,,,,,,,,,,,,,,,,,,,,,,,,,,,,,,FALSE,,,8,FALSE,,,,
731,18,00,21,30,1996,08,16,Cna'an,Ashdod,6.5,,,N,FALSE,FALSE,,731,,,,,,,,,,,,,,,,,,,,,,,,,,,,,,,,,,,,,FALSE,,,7,FALSE,,,,
732,23,00,,,1996,08,16,Cna'an,Bat-Yam,58,,,Michmoret,FALSE,FALSE,,732,,,,,,,,,,,,,,,,,,,,,,,,,,,,,,,,,,,,,FALSE,,,,FALSE,,,,
733,,,,,1996,08,17,Cna'an,Olga,28,,,N,FALSE,FALSE,,733,,,,,,,,,,,,,,,,,,,,,,,,,,,,,,,,,,,,,FALSE,,,9,FALSE,,,,
734,,,,,1996,08,17,Cna'an,Atlit,27.5,,,S,FALSE,FALSE,,734,,,,,,,,,,,,,,,,,,,,,,,,,,,,,9,,,,,,,,FALSE,third was trown back to sea,,17,FALSE,,,,
735,19,30,00,00,1996,08,17,Cna'an,Bridge,7.5,,,,FALSE,FALSE,,735,,,,,,,,,,,,,,,,,,,,,,,,,,,,,,,,,,,,,FALSE,,,8,FALSE,,,,
736,,,,,1996,08,18,Cna'an,Ma'agan Michael,28,,,S,FALSE,FALSE,,736,,,,,,,,,,,,,,,,,,,,,,,,,,,,,,,,,,,,,FALSE,,,4,FALSE,,,,
737,,,,,1996,08,18,Cna'an,Michmoret,26,,,Hertzelia,FALSE,FALSE,,737,,,,,,,,,,,,,,,,,,,,,,,,,,,,,,,,,,,,,FALSE,,,3,FALSE,,,,
738,,,,,1996,08,19,Cna'an,Ashdod,49,,night,N,FALSE,FALSE,,738,,,,,,,,,,,,,,,80,,,,,,,,,,,,,,,,,,,,,,FALSE,,,,FALSE,,,,
739,,,,,1996,08,19,Cna'an,Herzelia marina,,3.2,,Jaffa,FALSE,FALSE,,739,,,,,,,,,,,,,,,,,,,,,,,,,,,,,,,,,,,,,FALSE,,,12,FALSE,,,,
740,,,,,1996,08,19,Cna'an,Palmachim,,3.2,,,FALSE,FALSE,,740,,,,,,,,,,,,,,,,,,,,,,,,,,,,,,,,,,,,,FALSE,,,15,FALSE,,,,
741,,,,,1996,08,19,Cna'an,Tel-Aviv,,2.7,,S,FALSE,FALSE,,741,,,,,,,,,,,,,,,,,,,,,,,,,,,,,,,,,,,,,FALSE,,,8,FALSE,,,,
742,22,00,,,1996,08,19,Cna'an,South,12,,,,FALSE,FALSE,,742,,,,,,,,,15 kg,,,,,,,,,,,,,,,,,,,,,,,,,,,,FALSE,,,,FALSE,,,,
743,,,,,1996,08,20,Cna'an,Ashdod,49,,,Hertzelia,FALSE,FALSE,,743,,,,,,,,,,,,,,,60 Kg,,,,,,,,,,,,,,1,,,,,,,,FALSE,,,,FALSE,,,,
744,,,,,1996,08,21,Cna'an,Hertzelia,,2.8,,Bat Yam,FALSE,FALSE,,744,,,,,,,,,,,,,,,,,,,,,,,,,,,,,,,,,,,,,FALSE,,,10,FALSE,,,,
745,,,,,1996,08,21,Cna'an,Bat-Yam,3.2,,,Hertzelia,FALSE,FALSE,,745,,,,,,,,,,,,,,,,,,,,,,,,,,,,,,,,,,,,,FALSE,,,12,FALSE,,,,
746,,,,,1996,08,21,Cna'an,Hertzelia,,3.6,,Bat Yam,FALSE,FALSE,,746,,,,,,,,,,,,,,,,,,,,,,,,,,,,,,,,,,,,,FALSE,,,7,FALSE,,,,
747,,,,,1996,08,21,Cna'an,North,,,night,,FALSE,FALSE,,747,,,,,,,,5,15 Kg,,,,,,,,,,,,,,,,,,,,,,,,,,,,FALSE,,,,FALSE,,,,
748,,,,,1996,08,22,Cna'an,Palmachim,,3.2,,,FALSE,FALSE,,748,,,,,,,,,,,,,2,,,,1,,,,,,,,,,,,4,,,,,,,,FALSE,,,,FALSE,,,,
749,19,00,,,1996,08,22,Cna'an,Natania,57,,,S,FALSE,FALSE,,749,,,,,,,,,,,,,,,50 Kg,,,,,,,,,,,,,,,,,,,,,,FALSE,,,,FALSE,,,,
750,08,00,12,00,1996,08,23,Ornu,Ashdod,,3.4,,Palmachim,FALSE,FALSE,,750,,,,,,,,,,,,2,2,,,1,,,,,,,,,,,,,4,,,,1,,,,FALSE,,,,FALSE,,,,
751,12,45,17,30,1996,08,23,Ornu,Tel-Aviv,,2.75,,N,FALSE,FALSE,,751,,,,,,,,,,,,,,,,,,,,,,,,,,,,,12,,,1,,,,,FALSE,,,5,FALSE,,,,
752,18,00,20,30,1996,08,23,Ornu,Falik,,4,,N,FALSE,FALSE,,752,,,,,,,,,,,,2,,,,,,,,,,,,,,,,,5,,,,,,,,FALSE,,,3,FALSE,,,,
753,21,30,05,30,1996,08,23,Ornu,Olga,52,,,S,FALSE,FALSE,,753,,,,,,,,,,,,,,,50 Kg,,,,,,,,,,,,,,,,,,,,,,FALSE,,,,FALSE,,,,
754,06,30,10,45,1996,08,24,Ornu,Jaffa,,2.8,,Falik,FALSE,FALSE,,754,,,,,,,0.5,,,,1,1.5,2,,,,,3,,1,,,,,,,,,9,,,,1,,,,FALSE,,0.5,,FALSE,,,,
755,11,15,16,00,1996,08,24,Ornu,Falik,,2.8,,S,FALSE,FALSE,,755,,,,,,,,,,,,,,,,,,,,,,,,,,,,,,,,,,,,,FALSE,,,10,FALSE,,,,
756,16,30,19,30,1996,08,24,Ornu,Jaffa,,2.75,,N,FALSE,FALSE,,756,,,,,,,,,,,,,,,,,,,,,,,,,,,,,,,,,,,,,FALSE,,,15,FALSE,,,,
757,20,00,01,00,1996,08,24,Ornu,Bank,,0.57,,Natania,FALSE,FALSE,,757,,,,,,,,,,,,,,,,,,,,,,,,,,,,,,,,,,,,,FALSE,,,12,FALSE,,,,
758,01,30,06,30,1996,08,25,Ornu,Natania,12.5,,,Tel-Aviv,FALSE,FALSE,,758,,,,,,,,,,,,,,,,,,,,,,,,,,,,,,,,,,,,,FALSE,,,7,FALSE,,,,
759,07,30,11,30,1996,08,25,Ornu,Tel-Aviv,,2.8,,Falik,FALSE,FALSE,,759,,,,,,,0.5,,,,1,0.5,2,,,,,1.5 L+,,,,,,,,,,,5,,,,1,,,,FALSE,,0.5,,FALSE,,,,
760,12,00,17,00,1996,08,25,Ornu,Falik,,3.5,,S,FALSE,FALSE,,760,,,,,,,,,,,,,,,,,,,,,,,,,,,,,,,,,,,,,FALSE,,,6,FALSE,,,,
761,22,30,06,00,1996,08,25,Ornu,Ashdod,50,,,N,FALSE,FALSE,,761,,,,,,,,,,,,,,,80 Kg,,,,,,,,,,,,,,,,,,,,,,FALSE,,,,FALSE,,,,
762,07,00,11,00,1996,08,26,Ornu,Ga'ash,,2.8,,S,FALSE,FALSE,,762,,,,,,,,,,,,1,2,,,,,1,,,,4,,,,,,,2,,,,,,,,FALSE,soltan=red soltan,,,FALSE,,,,
763,11,30,15,30,1996,08,26,Ornu,Riding,26,3,,S,FALSE,FALSE,,763,,,,,,,,,,,,,,,,,,,,,,,,,,,,,4,,,,,,,,FALSE,,,,FALSE,,,,
764,16,00,19,30,1996,08,26,Ornu,Ashdod,,3.6,,N,FALSE,FALSE,,764,,,,,,,,,,,,2,2,,,,,,,,,,,,,,,,11,,,,,,,,FALSE,,,,FALSE,,,,
765,21,00,05,00,1996,08,26,Ornu,Jaffa,50,,,S,FALSE,FALSE,,765,,,,,,,,,,,,,,,60 Kg,,,,,,,,,,,,,,,,,,,,,,FALSE,,,,FALSE,,,,
766,06,30,11,00,1996,08,27,Ornu,Hertzelia,,2.75,,Palmachim,FALSE,FALSE,,766,,,,,,,,,,,,,,,,,,,,,,,,,,,,,,,,,,,,,FALSE,,,20,FALSE,,,,
767,11,30,16,00,1996,08,27,Ornu,Palmachim,,2.2,,N,FALSE,FALSE,,767,,,,,,,,,,,,,,,,,,,,,,,,,,,,,,,,,,,,,FALSE,,,18,FALSE,,,,
768,16,30,19,30,1996,08,27,Ornu,Hertzelia,,2.75,,Bank,FALSE,FALSE,,768,,,,,,,,,,,,,,,,,,,,,,,,,,,,,,,,,,,,,FALSE,,,7,FALSE,,,,
769,20,00,02,30,1996,08,27,Ornu,Riding,7,,,Ga'ash,FALSE,FALSE,,769,,,,,,,,,,,,,,,,,,,,,,,,,,,,,,,,,,,,,FALSE,,,15,FALSE,,,,
770,10,30,14,30,1996,08,28,Ornu,Bridge,,3.65,,N,FALSE,FALSE,,770,,,,,,,,,,,,,,,,,,,,,,,,,,,,,,,,,,,,,FALSE,,,12,FALSE,,,,
771,15,00,19,00,1996,08,28,Ornu,Tel-Aviv,,2.75,,Natania,FALSE,FALSE,,771,,,,,,,,,,,,,,,,,,,,,,,,,,,,,,,,,,,,,FALSE,,,14,FALSE,,,,
772,20,00,01,00,1996,08,28,Ornu,Natania,7,,,Tel-Aviv,FALSE,FALSE,,772,,,,,,,,,,,,,,,,,,,,,,,,,,,,,,,,,,,,,FALSE,,,12,FALSE,,,,
773,02,00,06,00,1996,08,29,Ornu,Tel-Aviv,,,2 nets,Ga'ash,FALSE,FALSE,,773,,,,,,,3,11,,,,,,,,,,,,,,,,,,,,,,,,,,,,,FALSE,,1,,FALSE,,,,
774,07,00,11,30,1996,08,29,Ornu,Riding,,3.4,,Falik,FALSE,FALSE,,774,,,,,,,,,,,,,,,,,,,,,,,,,,,,,,,,,,,,,FALSE,,,10,FALSE,,,,
775,13,30,18,30,1996,08,29,Ornu,Bank,,2.75,,Bat Yam,FALSE,FALSE,,775,,,,,,,1,,,,1,1.5,1,,,,,2,,,,,,,,,,,5,,,,,,,,FALSE,,1.5,1,FALSE,,,,
776,20,00,04,30,1996,08,29,Ornu,Ashdod,,14.5,,Hose,FALSE,FALSE,,776,,,,,,,,,20 Kg,,,,,,,,,,,,,,,,,,,,,,,,,,,,FALSE,,,,FALSE,,,,
777,20,00,03,30,1996,08,30,Sarut,Hilton,8,,,N,FALSE,FALSE,,777,,,,,,,,,,,,,,,,,,,,,,,,,,,,,,,,,,,,,FALSE,,,15,FALSE,,,,
778,08,00,11,00,1996,08,31,Sarut,Tel-Aviv,,2.65,,S,FALSE,FALSE,,778,,,,,,,,,,,,,,,,,,,,,,,,,,,,,,,,,,,,,FALSE,,,17,FALSE,,,,
779,12,00,15,00,1996,08,31,Sarut,Hose,,2.2,,N,FALSE,FALSE,,779,,,,,,,,,,,,,,,,,,,,,,,,,,,,,,,,,,,,,FALSE,,,22,FALSE,,,,
780,16,00,19,00,1996,08,31,Sarut,Jaffa,,2.55,,S,FALSE,FALSE,,780,,,,,,,,,,,,,,,,,,,,,,,,,,,,,,,,,,,,,FALSE,,,5,FALSE,,,,
781,,,,,1996,08,31,Sarut,North,,,night,,FALSE,FALSE,,781,,,,,,,,,,,,,,,,,,,,,,,,,,,,,,,,,,,,,FALSE,,,5,FALSE,,,,
782,06,30,10,00,1996,09,01,Sarut,Ashdod,,2.55,,N,FALSE,FALSE,,782,,,,,,,,,,,,,,,,,,,,,,,,,,,,,,,,,,,,,FALSE,,,11,FALSE,,,,
783,11,40,14,30,1996,09,01,Sarut,Jaffa,,3.5,,S,FALSE,FALSE,,783,,,,,,,,,,,,,,,,,,,,,,,,,,,,,,,,,,,,,FALSE,,,10,FALSE,,,,
784,15,30,,,1996,09,01,Sarut,Bat-Yam,,2.55,,S,FALSE,FALSE,,784,,,,,,,,,,,,,,,,,,,,,,,,,,,,,,,,,,,,,FALSE,,,3,FALSE,,,,
785,07,00,11,00,1996,09,02,Sarut,Ashdod,,3.8,,N,FALSE,FALSE,,785,,,,,,,,,,,,,,,,,,,,,,,,,,,,,,,,,,,,,FALSE,,,18,FALSE,,,,
786,12,00,17,00,1996,09,02,Sarut,Hertzelia,,3.5,,S,FALSE,FALSE,,786,,,,,,,,,,,,,,,,,,,,,,,,,,,,,,,,,,,,,FALSE,,,12,FALSE,,,,
787,,,,,1996,09,02,Sarut,South,,,night,,FALSE,FALSE,,787,,,,,,,,,20 Kg,,,,,,,,,,,,,,,,,,,,,,,,,,,,FALSE,,,,FALSE,,,,
788,07,00,10,30,1996,09,03,Sarut,Ashdod,,4,,N,FALSE,FALSE,,788,,,,,,,,,,,,,,,,,,,,,,,,,,,,,,,,,,,,,FALSE,,,18,FALSE,,,,
789,11,30,15,30,1996,09,03,Sarut,Jaffa,,2.85,,N,FALSE,FALSE,,789,,,,,,,,,,,,,,,,,,,,,,,,,,,,,,,,,,,,,FALSE,,,12,FALSE,,,,
790,16,00,19,00,1996,09,03,Sarut,Ga'ash,,2.85,,S,FALSE,FALSE,,790,,,,,,,,,,,,,,,,,,,,,,,,,,,,,,,,,,,,,FALSE,,,10,FALSE,,,,
791,20,30,02,40,1996,09,03,Sarut,Bank,,,,Ga'ash,FALSE,FALSE,,791,,,,,,,,,,,,,,,,,,,,,,,,,,,,,,,,,,,,,FALSE,,,15,FALSE,,,,
792,09,30,14,30,1996,09,04,Sarut,Ashdod,,3.7,,N,FALSE,FALSE,,792,,,,,,,,,,,,,,,,,,,,,,,,,,,,,,,,,,,,,FALSE,,,15,FALSE,,,,
793,15,00,19,00,1996,09,04,Sarut,Riding,,3.3,,S,FALSE,FALSE,,793,,,,,,,,,,,,,,,,,,,,,,,,,,,,,,,,,,,,,FALSE,,,12,FALSE,,,,
794,20,30,05,30,1996,09,04,Sarut,Jaffa,52,,,N,FALSE,FALSE,,794,,,,,,,,,,,,,,,4,,,,,,,,,,,,,,,,,,,,,,FALSE,,,,FALSE,,,,
795,06,30,10,00,1996,09,05,Sarut,Jaffa,25.5,,,S,FALSE,FALSE,,795,,,,,,,,,,,,,,,,,,,,,,,,,,,,,,,,,,,,,FALSE,,,12,FALSE,,,,
796,11,00,15,30,1996,09,05,Sarut,Ashdod,25,,,S,FALSE,FALSE,,796,,,,,,,,,,,,,,,,,,,,,,,,,,,,,,,,,,,,,FALSE,,,15,FALSE,,,,
797,15,30,19,00,1996,09,05,Sarut,Jaffa,,2.75,,N,FALSE,FALSE,,797,,,,,,,,,,,,,,,,,,,,,,,,,,,,,,,,,,,,,FALSE,,,12,FALSE,,,,
798,20,00,02,00,1996,09,05,Sarut,Natania,11,,,S,FALSE,FALSE,,798,,,,,,,,,,,,,,,,,,,,,,,,,,,,,,,,,,,,,FALSE,,,5,FALSE,,,,
