Net,Start_Time_hh,Start_Time_mm,End_Time_hh,End_Time_mm,Year(XXXX),Month(XX),Day(XX),Fishermen,Fishing_field,Depth,Distance_to_Shore,Commants,Fishing_field_text,Storm,Speed,High_Sea,Net_Type,Net,Anshubi,Bakala,Barbon,Ben_Gurion,Crab,Denis,Farida,Fish,Gambari,Gerbida,Hazir,Hulim,Intias,Jelly_Fish,Kalamari,Lavan,Makarunim,Malitta,Marmir,Musar,Palamud,Pas_Tzahov,Rofus,Rofus_Fake,Sabida,Saragus,Sardin,Scombri,Soltan,Soltan_Fake,Soltan_Mix,Special,Tarachun,Taref,Televisia,Trulus,Missing,Comments,Lokus,Muslach,Gitara,Box_General,Tziporot,Varod,Vest,Shed Yam,Very_weak,Daba,Octepus,Adom,Hazaim
1,05,30,09,30,1977,10,6,Zion,Gazza,22,,"Not sure about values marked in circles - kg of fish? Kg of gambari? Currently, marked as ""kg gambari?""",,TRUE,,FALSE,,1,,,,,,,,20,,,,,,,,,,,,,,,,,,,,,,,,,,,,,FALSE,,,,,,,,,,FALSE,,,,
2,10,00,14,00,1977,10,6,Zion,Gazza,22,,,,FALSE,,FALSE,,2,,,,,,,,30,,,,,,,,,,,,,,,,,,,,,,,,,,,,,FALSE,,,,,,,,,,FALSE,,,,
3,14,45,18,15,1977,10,6,Zion,Gazza,20,,,,FALSE,,FALSE,,3,,,,,,,,5,,,,,,,,,,,,,,,,,,,,,,,,,,,,,FALSE,,,,,,,,,,FALSE,,,,
4,19,30,,,1977,10,6,Zion,,8,,,,FALSE,,FALSE,,4,,,,,,,,0,,,,,,,,,,,,,,,,,,,,,,,,,,,,,FALSE,,,,,,,,,,FALSE,,,,
5,05,45,09,30,1977,10,7,Zion,Gazza,22,,,Zwied,FALSE,,FALSE,,5,,,,,,,,25,,,,,,,,,,,,,,,,,,,,,,,,,,,,,FALSE,,,,,,,,,,FALSE,,,,
6,10,00,13,45,1977,10,07,Zion,Gazza,22,,,Zweid,FALSE,,FALSE,,6,,,,,,,,18,,,,,,,,,,,,,,,,,,,,,,,,,,,,,FALSE,,,,,,,,,,FALSE,,,,
7,14,30,18,00,1977,10,07,Zion,Gazza,22,,,Zwied,FALSE,,FALSE,,7,,,,,,,,18,,,,,,,,,,,,,,,,,,,,,,,,,,,,,FALSE,,,,,,,,,,FALSE,,,,
8,17,00,04,00,1977,10,07,Zion,Gazza,30,,,Zwied,FALSE,,FALSE,,8,,,,,,,,10,1,,,,,,,,,,,,,,,,,,,,,,,,,,,,FALSE,+ 2 sharks,,,,,,,,,FALSE,,,,
9,06,30,10,15,1977,10,09,Zion,Gazza,21,,,Rafiah,FALSE,,FALSE,,9,,,,,,,,8,,,,,,,,,,,,,,,,,,,,,,,,,,,,,FALSE,,,,,,,,,,FALSE,,,,
10,11,00,15,00,1977,10,0,Zion,Gazza,23,,,Rafiah,FALSE,,FALSE,,10,,,,,,,,10,,,,,,,,,,,,,,,,,,,,,,,,,,,,,FALSE,,,,,,,,,,FALSE,,,,
11,15,30,19,00,1977,10,09,Zion,Gazza,23,,,Rafiah,FALSE,,FALSE,,11,,,,,,,,10,,,,,,,,,,,,,,,,,,,,,,,,,,,,,FALSE,,,,,,,,,,FALSE,,,,
12,20,00,00,30,1977,10,09,Zion,Gazza,30,,,Rafiah,FALSE,,FALSE,,12,,,,,,,,6,,,,,,,,,,,,2 Kg,,,,,,,,,,,,,,,,,FALSE,,,,,,,,,,FALSE,,,,
13,01,30,06,00,1977,10,10,Zion,,30,,,Oniya,FALSE,,FALSE,,13,,,,,,,,8,,,,,,,,,,,,,,,,,,,,,,,,,,,,,FALSE,,,,,,,,,,FALSE,,,,
14,06,30,10,30,1977,10,10,Zion,,24,,,Oniya,FALSE,,FALSE,,14,,,,,,,,22,,,,,,,,,,,,,,,,,,,,,,,,,,,,,FALSE,,,,,,,,,,FALSE,,,,
15,11,00,15,00,1977,10,10,Zion,,24,,,Oniya,FALSE,,FALSE,,15,,,,,,,,10,,,,,,,,,,,,,,,,,,,,,,,,,,,,,FALSE,,,,,,,,,,FALSE,,,,
16,15,30,19,00,1977,10,10,Zion,,25,,,Oniya,FALSE,,FALSE,,16,,,,,,,,8,,,,,,,,,,,,,,,,,,,,,,,,,,,,,FALSE,,,,,,,,,,FALSE,,,,
17,19,30,00,00,1977,10,10,Zion,,28,,,Oniya,FALSE,,FALSE,,17,,,,,,,,,,,,,,,,,,,,,,,,,,,,,,,,,,,,,TRUE,,,,,,,,,,FALSE,,,,
18,01,15,06,15,1977,10,11,Zion,,27,,,Oniya,FALSE,,FALSE,,18,,,,,,,,6,,,,,,,,,,,,,,,,,,,,,,,,,,,,,FALSE,,,,,,,,,,FALSE,,,,
19,06,45,,,1977,10,11,Zion,,23,,,Oniya,FALSE,,FALSE,,19,,,,,,,,,,,,,,,,,,,,,,,,,,,,,,,,,,,,,TRUE,,,,,,,,,,FALSE,,,,
20,05,30,09,30,1977,10,12,Levi,Gazza,23,,,Rafiah S,FALSE,,FALSE,,20,,,,,,,,,,,,,,,,,,,,,,,,,,,,,,,,,,,,,FALSE,,,,,,,,,,TRUE,,,,
21,10,30,14,30,1977,10,12,Levi,Gazza,26,,,,FALSE,,FALSE,,21,,,,,,,,,,,,,,,,,,,,,,,,,,,,,,,,,,,,,FALSE,,,,,,,,,,TRUE,,,,
22,15,00,18,00,1977,10,12,Levi,Gazza,27,,,,FALSE,,FALSE,,22,,,,,,,,,,,,,,,,,,,,,,,,,,,,,,,,,,,,,FALSE,,,,,,,,,,TRUE,,,,
23,23,15,06,15,1977,10,13,Levi,,,,,Mishtach,FALSE,,FALSE,,23,,,,,,,,,6 Kg ,,,,,,,,,,,,,,,,,,,,,,,,,,,,FALSE,,,,,,,,,,FALSE,,,,
24,06,45,10,00,1977,10,13,Levi,,,,,Mishtach,FALSE,,FALSE,,24,,,,,,,,,,,,,,,,,,,,,,,,,,,,,,,,,,,,,TRUE,,,,,,,,,,FALSE,,,,
25,10,30,14,30,1977,10,13,Levi,,,,,Mishtach,FALSE,,FALSE,,25,,,,,,,,,,,,,,,,,,,,,,,,,,,,,,,,,,,,,TRUE,,,,,,,,,,FALSE,,,,
26,14,30,16,00,1977,10,13,Levi,,,,,Mishtach,FALSE,,FALSE,,26,,,,,,,,,5 Kg ,,,,,,,,,,,,,,,,,,,,,,,,,,,,FALSE,,,,,,,,,,FALSE,,,,
27,18,30,00,15,1977,10,13,Levi,,,,,Mishtach,FALSE,,FALSE,,27,,,,,,,,,6 Kg ,,,,,,,,,,,,,,,,,,,,,,,,,,,,FALSE,,,,,,,,,,FALSE,,,,
28,08,30,12,30,1977,10,15,Levi,,30,,,Borot,FALSE,,FALSE,,28,,,,,,,,6,,,,,,,,,,,,,,,,,,,,,,,,,,,,,FALSE,,,,,,,,,,FALSE,,,,
29,13,15,,,1977,10,15,Levi,,25,,,Borot,FALSE,,FALSE,,29,,,,,,,,,,,,,,,,,,,,,,,,,,,,,,,,,,,,,TRUE,,,,,,,,,,FALSE,,,,
30,,,,,1977,10,16,Levi,,,,,,FALSE,,TRUE,,30,,,,,,,,,,,,,,,,,,,,,,,,,,,,,,,,,,,,,FALSE,,,,,,,,,,FALSE,,,,
31,06,00,10,00,1977,10,19,Zion,Ashdod,22,,,,FALSE,,FALSE,,31,,,,,,,,6,,,,,,,,,,,,,,,,,,,,,,,,,,,,,FALSE,,,,,,,,,,FALSE,,,,
32,11,15,15,30,1977,10,19,Zion,Katza,32,,,,FALSE,,FALSE,,32,,,,,,,,10,,,,,,,,,,,,,,,,,,,,,,,,,,,,,FALSE,,,,,,,,,,FALSE,,,,
33,09,00,13,45,1977,10,20,Zion,Ashdod S,33,,,,FALSE,,FALSE,,33,,,,,,,,15,,,,,,,,,,,,,,,,,,,,,,,,,,,,,FALSE,,,,,,,,,,FALSE,,,,
34,13,30,17,30,1977,10,20,Zion,Katza,32,,,,FALSE,,FALSE,,34,,,,,,,,8,,,,,,,,,,,,,,,,,,,,,,,,,,,,,FALSE,,,,,,,,,,FALSE,,,,
35,18,30,04,00,1977,10,20,Zion,Ashdod,,,,,FALSE,,FALSE,Troll,35,,,,,,,,,28 Kg ,,,,,,,,,,,,,,,,,,,,,,,,,,,,FALSE,,,,,,,,,,FALSE,,,,
36,06,15,09,30,1977,10,21,Zion,Ashdod,49,,,Nitzanim,FALSE,,FALSE,,36,,,,,,,,4,,,,,,,,,,,,,,,,,,,,,,,,,,,,,FALSE,,,,,,,,,,FALSE,,,,
37,10,30,13,30,1977,10,21,Zion,Katza,33,,,,FALSE,,FALSE,,37,,,,,,,,8,,,,,,,,,,,,,,,,,,,,,,,,,,,,,FALSE,,,,,,,,,,FALSE,,,,
38,14,30,,,1977,10,21,Zion,Ashdod,23,,,,FALSE,,FALSE,,38,,,,,,,,4,,,,,,,,,,,,,,,,,,,,,,,,,,,,,FALSE,,,,,,,,,,FALSE,,,,
39,18,00,05,15,1977,10,21,Zion,Ashkelon,10,,,,FALSE,,FALSE,,39,,,,,,,,,25 Kg,,,,,,,,,,,,,,,,,,,,,,,,,,,,FALSE,,,,,,,,,,FALSE,,,,
40,07,00,11,15,1977,10,22,Zion,Ashkelon,26,,,,FALSE,,FALSE,,40,,,,,,,,,,,,,,,,,,,,,,,,,,,,,,,,,,,,,TRUE,,,,,,,,,,FALSE,,,,
41,11,30,,,1977,10,22,Zion,,26,,,,FALSE,,FALSE,,41,,,,,,,,,,,,,,,,,,,,,,,,,,,,,,,,,,,,,TRUE,,,,,,,,,,FALSE,,,,
42,,,,,1977,11,29,Sarut,El Arish,14,,,,FALSE,,FALSE,,42,,,,,,,,10,,,,,,,,,,,,,,,,,,,,,,,,,,,,,FALSE,,,,,,,,,,FALSE,,,,
43,,,,,1977,11,29,Sarut,Gazza,20,,,Rafiah,FALSE,,FALSE,,43,,,,,,,,10,,,,,,,,,,,,,,,,,,,,,,,,,,,,,FALSE,,,,,,,,,,FALSE,,,,
44,,,,,1977,11,29,Sarut,El Arish,15,,,,FALSE,,FALSE,,44,,,,,,,,8,,,,,,,,,,,,,,,,,,,,,,,,,,,,,FALSE,,,,,,,,,,FALSE,,,,
45,,,,,1977,11,30,Sarut,Gazza,14,,,Rafiah,FALSE,,FALSE,,45,,,,,,,,18,,,,,,,,,,,,,,,,,,,,,,,,,,,,,FALSE,,,,,,,,,,FALSE,,,,
46,05,45,10,00,1977,12,1,Zion,Gazza,14,,,Rafiah,FALSE,,FALSE,,46,,,,,,,,7,,,,,,,,,,,,,,,,,,,,,,,,,,,,,FALSE,,,,,,,,,,FALSE,,,,
47,10,30,14,30,1977,12,1,Zion,Gazza,17,,,,FALSE,,FALSE,,47,,,,,,,,4,,,,,,,,,,,,,,,,,,,,,,,,,,,,,FALSE,,,,,,,,,,FALSE,,,,
48,15,00,19,15,1977,12,1,Zion,Gazza,15,,,,FALSE,,FALSE,,48,,,,,,,,4,,,,,,,,,,,,,,,,,,,,,,,,,,,,,FALSE,,,,,,,,,,FALSE,,,,
49,20,00,00,30,1977,12,1,Zion,Gazza,8,,,,FALSE,,FALSE,,49,,,,,,,,,3 Kg,,,,,,,,,,,,,,,,,,,,,,,,,,,,FALSE,,,,,,,,,,FALSE,,,,
50,00,30,05,30,1977,12,02,Zion,,28,,,Rafiah,FALSE,,FALSE,,50,,,,,,,,,3 Kg ,,,,,,,,,,,,,,,,,,,,,,,,,,,,FALSE,,,,,,,,,,FALSE,,,,
51,06,30,10,30,1977,12,02,Zion,,14,,,Rafiah,FALSE,,FALSE,,51,,,,,,,,6,,,,,,,,,,,,,,,,,,,,,,,,,,,,,FALSE,,,,,,,,,,FALSE,,,,
52,11,15,15,30,1977,12,02,Zion,El Arish,11,,,,TRUE,,FALSE,,52,,,,,,,,,,,,,,,,,,,,,,,,,,,,,,,,,,,,,TRUE,,,,,,,,,,FALSE,,,,
53,16,00,20,30,1977,12,02,Zion,,11,,,Oniya,FALSE,,FALSE,,53,,,,,,,,15,,,,,,,,,,,,,,,,,,,,,,,,,,,,,FALSE,,,,,,,,,,FALSE,,,,
54,21,00,01,30,1977,12,02,Zion,,10,,,Oniya,FALSE,,FALSE,,54,,,,,,,,5,,,,,,,,,,,,,,,,,,,,,,,,,,,,,FALSE,,,,,,,,,,FALSE,,,,
55,02,00,06,30,1977,12,03,Zion,,10,,,Peham,FALSE,,FALSE,,55,,,,,,,,6,,,,,,,,,,,,,,,,,,,,,,,,,,,,,FALSE,,,,,,,,,,FALSE,,,,
56,07,00,11,15,1977,12,03,Zion,,9,,,Oniya,FALSE,,FALSE,,56,,,,,,,,12,,,,,,,,,,,,,,,,,,,,,,,,,,,,,FALSE,,,,,,,,,,FALSE,,,,
57,12,00,16,45,1977,12,03,Zion,,9,,,,FALSE,,FALSE,,57,,,,,,,,,,,,,,,,,,,,,,,,,,,,,,,,,,,,,TRUE,,,,,,,,,,FALSE,,,,
58,,,,,1977,12,04,,,,,,,TRUE,,FALSE,,58,,,,,,,,,,,,,,,,,,,,,,,,,,,,,,,,,,,,,FALSE,,,,,,,,,,FALSE,,,,
59,,,,,1977,12,08,Sarut,Katza,16,,,,FALSE,,FALSE,,59,,,,,,,,20,,,,,,,,,,,,,,,,,,,,,,,,,,,,,FALSE,,,,,,,,,,FALSE,,,,
60,,,,,1977,12,08,Sarut,Gazza,16,,,Dir el balach,FALSE,,FALSE,,60,,,,,,,,12,,,,,,,,,,,,,,,,,,,,,,,,,,,,,FALSE,,,,,,,,,,FALSE,,,,
61,,,,,1977,12,08,Sarut,Katza,16,,,,FALSE,,FALSE,,61,,,,,,,,10,,,,,,,,,,,,,,,,,,,,,,,,,,,,,FALSE,,,,,,,,,,FALSE,,,,
62,,,,,1977,12,08,Sarut,Gazza,16,,,Dir el balach,FALSE,,FALSE,,62,,,,,,,,5,,,,,,,,,,,,,,,,,,,,,,,,,,,,,FALSE,,,,,,,,,,FALSE,,,,
63,,,,,1977,12,10,Sarut,Katza,16,,,,FALSE,,FALSE,,63,,,,,,,,11,1,,,,,,,,,,,,,,,,,,,,,,,,,,,,FALSE,,,,,,,,,,FALSE,,,,
64,,,,,1977,12,10,Sarut,Gazza,14,,,Dir el balach,FALSE,,FALSE,,64,,,,,,,,40,1,,,,,,,,,,,,,,,,,,,,,,,,,,,,FALSE,,,,,,,,,,FALSE,,,,
65,,,,,1977,12,10,Sarut,,16,,,,FALSE,,FALSE,,65,,,,,,,,5,,,,,,,,,,,,,,,,,,,,,,,,,,,,,FALSE,,,,,,,,,,FALSE,,,,
66,,,,,1977,12,10,Sarut,Gazza,8,,,Rafiah,FALSE,,FALSE,,66,,,,,,,,4,1 Kg,,,,,,,,,,,,,,,,,,,,,,,,,,,,FALSE,,,,,,,,,,FALSE,,,,
67,,,,,1977,12,11,Sarut,Gazza,14,,,Rafiah,FALSE,,FALSE,,67,,,,,,,,10,,,,,,,,,,,,,,,,,,,,,,,,,,,,,FALSE,,,,,,,,,,FALSE,,,,
68,,,,,1977,12,11,Sarut,Gazza,16,,,Han Yunes,FALSE,,FALSE,,68,,,,,,,,10,,,,,,,,,,,,,,,,,,,,,,,,,,,,,FALSE,,,,,,,,,,FALSE,,,,
69,,,,,1977,12,11,Sarut,,,,,Gambari south,FALSE,,FALSE,,69,,,,,,,,,20 Kg,,,,,,,,,,,,,,,,,,,,,,,,,,,,FALSE,,,,,,,,,,FALSE,,,,
70,,,,,1977,12,11,Sarut,,,,,Gambari south,FALSE,,FALSE,,70,,,,,,,,,18,,,,,,,,,,,,,,,,,,,,,,,,,,,,FALSE,,,,,,,,,,FALSE,,,,
71,,,,,1977,12,12,Sarut,Ashdod N,25,,,,FALSE,,FALSE,,71,,,,,,,,12,,,,,,,,,,,,,,,,,,,,,,,,,,,,,FALSE,,,,,,,,,,FALSE,,,,
72,,,,,1977,12,12,Sarut,Jaffa N,23,,,,FALSE,,FALSE,,72,,,,,,,,14,,,,,,,,,,,,,,,,,,,,,,,,,,,,,FALSE,,,,,,,,,,FALSE,,,,
73,,,,,1977,12,12,Sarut,Jaffa S,10,,"Technical problem with net, no catch report",,FALSE,,TRUE,,73,,,,,,,,,,,,,,,,,,,,,,,,,,,,,,,,,,,,,FALSE,,,,,,,,,,FALSE,,,,
74,17,30,05,00,1977,12,13,Sarut,,,,,,FALSE,,TRUE,,74,,,,,,,,,,,,,,,,,,,,,,,,,,,,,,,,,,,,,FALSE,,,,,,,,,,TRUE,,,,
75,06,00,10,15,1977,12,14,Zion,Katza S,16,,,,FALSE,,FALSE,,75,,,,,,,,13,,,,,,,,,,,,,,,,,,,,,,,,,,,,,FALSE,,,,,,,,,,FALSE,,,,
76,10,15,15,30,1977,12,14,Zion,Gazza,16,,,,FALSE,,FALSE,,76,,,,,,,,8,,,,,,,,,,,,,,,,,,,,,,,,,,,,,FALSE,,,,,,,,,,FALSE,,,,
77,,,,,1977,12,15,,,,,,,FALSE,,TRUE,,77,,,,,,,,,,,,,,,,,,,,,,,,,,,,,,,,,,,,,FALSE,,,,,,,,,,FALSE,,,,
78,07,15,11,15,1977,12,17,Levi,Ashdod S,22,,,,FALSE,,FALSE,,78,,,,,,,,,,,,,,,,,,,,,,,,,,,,,,,,,,,,,FALSE,,,,,,,,,,TRUE,,,,
79,12,00,16,00,1977,12,17,Levi,Ashkelon N,20,,,,TRUE,,FALSE,,79,,,,,,,,5,,,,,,,,,,,,,,,,,,,,,,,,,,,,,FALSE,,,,,,,,,,FALSE,,,,
80,,,,,1977,12,17,Levi,,,,,Dromi,FALSE,,FALSE,,80,,,,,,,,,2 Kg ,,,,,,,,,,,,,,,,,,,,,,,,,,,,FALSE,,,,,,,,,,FALSE,,,,
81,07,15,11,15,1977,12,18,Levi,Gazza,16,,,,FALSE,,FALSE,,81,,,,,,,,25,,,,,,,,,,,,,,,,,,,,,,,,,,,,,FALSE,,,,,,,,,,FALSE,,,,
82,12,00,16,00,1977,12,18,Levi,Gazza,16,,,,FALSE,,FALSE,,82,,,,,,,,24,,,,,,,,,,,,,,,,,,,,,,,,,,,,,FALSE,,,,,,,,,,FALSE,,,,
83,17,00,20,00,1977,12,18,Levi,Ashkelon N,8,,,,FALSE,,FALSE,,83,,,,,,,,,15 Kg ,,,,,,,,,,,,,,,,,,,,,,,,,,,,FALSE,,,,,,,,,,FALSE,,,,
84,21,30,06,00,1977,12,18,Levi,Ashdod S,8,,,,FALSE,,FALSE,,84,,,,,,,,,22 Kg ,,,,,,,,,,,,,,,,,,,,,,,,,,,,FALSE,,,,,,,,,,FALSE,,,,
85,07,00,11,00,1977,12,19,Levi,Katza S,16,,,,FALSE,,FALSE,,85,,,,,,,,22,,,,,,,,,,,,,,,,,,,,,,,,,,,,,FALSE,,,,,,,,,,FALSE,,,,
86,11,45,15,30,1977,12,19,Levi,Gazza N,16,,,,FALSE,,FALSE,,86,,,,,,,,10,,,,,,,,,,,,,,,,,,,,,,,,,,,,,FALSE,,,,,,,,,,FALSE,,,,
87,16,30,20,00,1977,12,19,Levi,Ashkelon N,8,,,,FALSE,,FALSE,,87,,,,,,,,,18 Kg ,,,,,,,,,,,,,,,,,,,,,,,,,,,,FALSE,,,,,,,,,,FALSE,,,,
88,22,00,02,00,1977,12,19,Levi,Ashdod S,8,,,,FALSE,,FALSE,,88,,,,,,,,,12 Kg ,,,,,,,,,,,,,,,,,,,,,,,,,,,,FALSE,,,,,,,,,,FALSE,,,,
89,02,30,06,00,1977,12,20,Levi,Katza N,7,,,,FALSE,,FALSE,,89,,,,,,,,,10 Kg ,,,,,,,,,,,,,,,,,,,,,,,,,,,,FALSE,,,,,,,,,,FALSE,,,,
90,08,30,12,30,1977,12,20,Levi,Jaffa N,22,,,,FALSE,,FALSE,,90,,,,,,,,15,,,,,,,,,,,,,,,,,,,,,,,,,,,,,FALSE,,,,,,,,,,FALSE,,,,
91,13,00,17,00,1977,12,20,Levi,Jaffa S,23,,,,FALSE,,FALSE,,91,,,,,,,,15,,,,,,,,,,,,,,,,,,,,,,,,,,,,,FALSE,,,,,,,,,,FALSE,,,,
92,18,,20,30,1977,12,20,Levi,Tel Aviv S,10,,,,FALSE,,FALSE,,92,,,,,,,,,12 Kg ,,,,,,,,,,,,,,,,,,,,,,,,,,,,FALSE,,,,,,,,,,FALSE,,,,
93,07,30,11,30,1977,12,24,Zion,Ashdod S,20,,,,FALSE,,FALSE,,93,,,,,,,,17,,,,,,,,,,,,,,,,,,,,,,,,,,,,,FALSE,,,,,,,,,,FALSE,,,,
94,12,,16,30,1977,12,24,Zion,Katza N,20,,,,FALSE,,FALSE,,94,,,,,,,,22,,,,,,,,,,,,,,,,,,,,,,,,,,,,,FALSE,,,,,,,,,,FALSE,,,,
95,17,30,00,30,1977,12,24,Zion,Ashdod S,,,,,FALSE,,FALSE,,95,,,,,,,,,20 Kg ,,,,,,,,,,,,,,,,,,,,,,,,,,,,FALSE,,,,,,,,,,FALSE,,,,
96,,,,,1977,12,25,Zion,Ashdod S,,,,,FALSE,,FALSE,,96,,,,,,,,,10 Kg ,,,,,,,,,,,,,,,,,,,,,,,,,,,,FALSE,,,,,,,,,,FALSE,,,,
97,06,,10,,1977,12,25,Zion,Katza S,20,,Torn Gula,,FALSE,,FALSE,,97,,,,,,,,7,,,,,,,,,,,,,,,,,,,,,,,,,,,,,FALSE,,,,,,,,,,FALSE,,,,
98,13,15,16,45,1977,12,25,Zion,Gazza N,20,,,,FALSE,,FALSE,,98,,,,,,,,18,,,,,,,,,,,,,,,,,,,,,,,,,,,,,FALSE,,,,,,,,,,FALSE,,,,
99,18,,04,30,1977,12,25,Zion,Ashkelon N,,,,,FALSE,,FALSE,,99,,,,,,,,,35 Kg ,,,,,,,,,,,,,,,,,,,,,,,,,,,,FALSE,,,,,,,,,,FALSE,,,,
100,05,15,10,,1977,12,26,Zion,Katza S,16,,,,FALSE,,FALSE,,100,,,,,,,,17,,,,,,,,,,,,,,,,,,,,,,,,,,,,,FALSE,,,,,,,,,,FALSE,,,,
101,11,,16,,1977,12,26,Zion,Gazza N,16,,,,FALSE,,FALSE,,101,,,,,,,,12,,,,,,,,,,,,,,,,,,,,,,,,,,,,,FALSE,,,,,,,,,,FALSE,,,,
102,20,15,05,,1977,12,26,Zion,Ashdod S,,,,,FALSE,,FALSE,,102,,,,,,,,,20 Kg,,,,,,,,,,,,,,,,,,,,,,,,,,,,FALSE,,,,,,,,,,FALSE,,,,
103,06,,09,30,1977,12,27,Zion,Katza S,15,,,,FALSE,,FALSE,,103,,,,,,,,5,,,,,,,,,,,,,,,,,,,,,,,,,,,,,FALSE,,,,,,,,,,FALSE,,,,
104,10,,14,,1977,12,27,Zion,Gazza S,16,,,,FALSE,,FALSE,,104,,,,,,,,17,,,,,,,,,,,,,,,,,,,,,,,,,,,,,FALSE,,,,,,,,,,FALSE,,,,
105,14,30,17,30,1977,12,27,Zion,Gazza,16,,,,FALSE,,FALSE,,105,,,,,,,,12,,,,,,,,,,,,,,,,,,,,,,,,,,,,,FALSE,,,,,,,,,,FALSE,,,,
106,19,,23,,1977,12,27,Zion,Ashkelon,,,,,FALSE,,FALSE,,106,,,,,,,,,13 Kg ,,,,,,,,,,,,,,,,,,,,,,,,,,,,FALSE,,,,,,,,,,FALSE,,,,
107,23,,04,,1977,12,28,Zion,,,,,,FALSE,,FALSE,,107,,,,,,,,,10 Kg ,,,,,,,,,,,,,,,,,,,,,,,,,,,,FALSE,,,,,,,,,,FALSE,,,,
108,05,30,10,,1977,12,28,Zion,Gazza,16,,,,FALSE,,FALSE,,108,,,,,,,,14,,,,,,,,,,,,,,,,,,,,,,,,,,,,,FALSE,,,,,,,,,,FALSE,,,,
109,,,,,1977,12,29,Sarut,Gazza,14,,,Dir el balach,FALSE,,FALSE,,109,,,,,,,,20,,,,,,,,,,,,,,,,,,,,,,,,,,,,,FALSE,,,,,,,,,,FALSE,,,,
110,,,,,1977,12,29,Sarut,Gazza,15,,,Han Yunes,FALSE,,FALSE,,110,,,,,,,,20,,,,,,,,,,,,,,,,,,,,,,,,,,,,,FALSE,,,,,,,,,,FALSE,,,,
111,,,,,1977,12,29,Sarut,Gazza,8,,,Rafiah,FALSE,,FALSE,,111,,,,,,,,,8 Kg,,,,,,,,,,,,,,,,,,,,,,,,,,,,FALSE,,,,,,,,,,FALSE,,,,
112,,,,,1977,12,29,Sarut,Gazza,20,,,Rafiah,FALSE,,FALSE,,112,,,,,,,,5,,,,,,,,,,,,,,,,,,,,,,,,,,,,,FALSE,,,,,,,,,,FALSE,,,,
113,,,,,1977,12,30,Sarut,Gazza,15,,,Rafiah,FALSE,,FALSE,,113,,,,,,,,12,,,,,,,,,,,,,,,,,,,,,,,,,,,,,FALSE,,,,,,,,,,FALSE,,,,
114,,,,,1977,12,30,Sarut,,25,,,Dikla,FALSE,,FALSE,,114,,,,,,,,13,,,,,,,,,,,,,,,,,,,,,,,,,,,,,FALSE,,,,,,,,,,FALSE,,,,
115,,,,,1977,12,30,Sarut,El Arish,20,,,,FALSE,,FALSE,,115,,,,,,,,2,,,,,,,,,,,,,,,,,,,,,,,,,,,,,FALSE,,,,,,,,,,FALSE,,,,
116,,,,,1978,1,1,Sarut,El Arish,14,,,,FALSE,,FALSE,,116,,,,,,,,6,,,,,,,,,,,,,,,,,,,,,,,,,,,,,FALSE,,,,,,,,,,FALSE,,,,
117,,,,,1978,1,1,Sarut,Gazza,14,,,Rafiah,FALSE,,FALSE,,117,,,,,,,,11,,,,,,,,,,,,,,,,,,,,,,,,,,,,,FALSE,,,,,,,,,,FALSE,,,,
118,,,,,1978,1,1,Sarut,Gazza,20,,,Han Yunes,FALSE,,FALSE,,118,,,,,,,,15,,,,,,,,,,,,,,,,,,,,,,,,,,,,,FALSE,,,,,,,,,,FALSE,,,,
119,,,,,1978,1,5,Sarut,,,,,,FALSE,,FALSE,,119,,,,,,,,,22 Kg,,,,,,,,,,,,,,,,,,,,,,,,,,,,FALSE,,,,,,,,,,FALSE,,,,
120,07,30,11,30,1978,1,6,Zion,Ashdod S,23,,,,FALSE,,FALSE,,120,,,,,,,,10,,,,,,,,,,,,,,,,,,,,,,,,,,,,,FALSE,,,,,,,,,,FALSE,,,,
121,,,,,1978,1,6,Zion,Katza N,33,,,,FALSE,,FALSE,,121,,,,,,,,7,,,,,,,,,,,,,,,,,,,,,,,,,,,,,FALSE,,,,,,,,,,FALSE,,,,
122,17,30,05,30,1978,1,6,Zion,Ashdod,,,,,FALSE,,FALSE,Gambari,122,,,,,,,,,27 Kg,,,,,,,,,,,,,,,,,,,,,,,,,,,,FALSE,,,,,,,,,,FALSE,,,,
123,06,45,11,15,1978,1,7,Zion,Katza S,16,,,,FALSE,,FALSE,,123,,,,,,,,12,,,,,,,,,,,,,,,,,,,,,,,,,,,,,FALSE,,,,,,,,,,FALSE,,,,
124,12,,16,,1978,1,7,Zion,Gazza,16,,,,FALSE,,FALSE,,124,,,,,,,,11,,,,,,,,,,,,,,,,,,,,,,,,,,,,,FALSE,,,,,,,,,,FALSE,,,,
125,,,,,1978,1,7,Zion,Ashkelon N,,,,,FALSE,,FALSE,,125,,,,,,,,,30 Kg,,,,,,,,,,,,,,,,,,,,,,,,,,,,FALSE,,,,,,,,,,FALSE,,,,
126,06,30,10,30,1978,1,8,Zion,Katza S,16,,,,FALSE,,FALSE,,126,,,,,,,,8,,,,,,,,,,,,,,,,,,,,,,,,,,,,,FALSE,,,,,,,,,,FALSE,,,,
127,09,30,15,30,1978,1,11,Zion,Katza S,16,,,,FALSE,,FALSE,,127,,,,,,,,10,,,,,,,,,,,,,,,,,,,,,,,,,,,,,FALSE,,,,,,,,,,FALSE,,,,
128,14,,17,15,1978,1,11,Zion,Gazza,16,,,,FALSE,,FALSE,,128,,,,,,,,,,,,,,,,,,,,,,,,,,,,,,,,,,,,,TRUE,,,,,,,,,,FALSE,,,,
129,18,,00,,1978,1,11,Zion,Ashkelon N,,,,,FALSE,,FALSE,,129,,,,,,,,,16 Kg,,,,,,,,,,,,,,,,,,,,,,,,,,,,FALSE,,,,,,,,,,FALSE,,,,
130,02,,08,,1978,1,12,Zion,Katza S,110,,Barrel  in the net,,FALSE,,FALSE,,130,,,,,,,,3,0.5,,,,,,,,,,,,,,,,,,,,,,,,,,,,FALSE,Barrel  in the net,,,,,,,,,FALSE,,,,
131,10,,15,,1978,1,12,Zion,Gazza,20,,,,FALSE,,FALSE,,131,,,,,,,,,,,,,,,,,,,,,,,,,,,,,,,,,,,,,TRUE,,,,,,,,,,FALSE,,,,
132,,,,,1978,1,13,Sarut,,80,,,Robio?,FALSE,,FALSE,,132,,,,,,,,5,,,,,,,,,,,,,,,,,,,,,,,,,,,,,FALSE,,,,,,,,,,FALSE,,,,
133,,,,,1978,1,13,Sarut,Falick,42,,,,FALSE,,FALSE,,133,,,,,,,,7,,,,,,,,,,,,,,,,,,,,,,,,,,,,,FALSE,,,,,,,,,,FALSE,,,,
134,,,,,1978,1,13,Sarut,Ashdod S,,,,,FALSE,,FALSE,,134,,,,,,,,,17 Kg ,,,,,,,,,,,,,,,,,,,,,,,,,,,,FALSE,,,,,,,,,,FALSE,,,,
135,,,,,1978,1,13,Sarut,Ashkelon N,,,,,FALSE,,FALSE,,135,,,,,,,,,13 Kg ,,,,,,,,,,,,,,,,,,,,,,,,,,,,FALSE,,,,,,,,,,FALSE,,,,
136,,,,,1978,10,14,Sarut,Ashdod,20,,,,FALSE,,FALSE,,136,,,,,,,,18,,,,,,,,,,,,,,,,,,,,,,,,,,,,,FALSE,,,,,,,,,,FALSE,,,,
137,,,,,1978,1,14,Sarut,Katza N,27,,,,FALSE,,FALSE,,137,,,,,,,,7,,,,,,,,,,,,,,,,,,,,,,,,,,,,,FALSE,,,,,,,,,,FALSE,,,,
138,,,,,1978,1,14,Sarut,,,,,Dromi,FALSE,,FALSE,,138,,,,,,,,,12 Kg ,,,,,,,,,,,,,,,,,,,,,,,,,,,,FALSE,,,,,,,,,,FALSE,,,,
139,,,,,1978,1,15,Sarut,Ashdod S,20,,,,FALSE,,FALSE,,139,,,,,,,,18,,,,,,,,,,,,,,,,,,,,,,,,,,,,,FALSE,,,,,,,,,,FALSE,,,,
140,,,,,1978,1,15,Sarut,Katza N,20,,,,FALSE,,FALSE,,140,,,,,,,,12,,,,,,,,,,,,,,,,,,,,,,,,,,,,,FALSE,,,,,,,,,,FALSE,,,,
141,,,,,1978,1,15,Sarut,Ashkelon,15,,,,FALSE,,FALSE,,141,,,,,,,,1,8 Kg,,,,,,,,,,,,,,,,,,,,,,,,,,,,FALSE,,,,,,,,,,FALSE,,,,
142,,,,,1978,1,16,Sarut,Ashdod S,20,,,,FALSE,,FALSE,,142,,,,,,,,10,,,,,,,,,,,,,,,,,,,,,,,,,,,,,FALSE,,,,,,,,,,FALSE,,,,
143,,,,,1978,1,16,Sarut,Katza,18,,,,FALSE,,FALSE,,143,,,,,,,,7,,,,,,,,,,,,,,,,,,,,,,,,,,,,,FALSE,,,,,,,,,,FALSE,,,,
144,,,,,1978,1,15,Sarut,,,,,,FALSE,,FALSE,,144,,,,,,,,,15 Kg,,,,,,,,,,,,,,,,,,,,,,,,,,,,FALSE,,,,,,,,,,FALSE,,,,
145,,,,,1978,1,16,Sarut,,,,,,FALSE,,FALSE,,145,,,,,,,,,13,,,,,,,,,,,,,,,,,,,,,,,,,,,,FALSE,,,,,,,,,,FALSE,,,,
146,,,,,1978,1,17,Sarut,Katza S,16,,,,FALSE,,FALSE,,146,,,,,,,,10,,,,,,,,,,,,,,,,,,,,,,,,,,,,,FALSE,,,,,,,,,,FALSE,,,,
147,,,,,1978,1,17,Sarut,Gazza S,14,,,,FALSE,,FALSE,,147,,,,,,,,12,,,,,,,,,,,,,,,,,,,,,,,,,,,,,FALSE,,,,,,,,,,FALSE,,,,
148,,,,,1978,1,17,Sarut,Gazza,14,,,Rafiah,FALSE,,FALSE,,148,,,,,,,,4,,,,,,,,,,,,,,,,,,,,,,,,,,,,,FALSE,,,,,,,,,,FALSE,,,,
149,,,,,1978,1,17,Sarut,El Arish,14,,,,FALSE,,FALSE,,149,,,,,,,,4,,,,,,,,,,,,,,,,,,,,,,,,,,,,,FALSE,,,,,,,,,,FALSE,,,,
150,,,,,1978,1,18,Sarut,Gazza,14,,,Rafiah,FALSE,,FALSE,,150,,,,,,,,10,,,,,,,,,,,,,,,,,,,,,,,,,,,,,FALSE,,,,,,,,,,FALSE,,,,
151,,,,,1978,1,18,Sarut,Gazza N,50,,,,FALSE,,FALSE,,151,,,,,,,,,,,,,,,,,,,,,,,,,,,,,,,,,,,,,TRUE,,,,,,,,,,FALSE,,,,
152,22,30,04,30,1978,1,18,Sarut,Ashdod,,,,,FALSE,,TRUE,,152,,,,,,,,,10 Kg ,,,,,,,,,,,,,,,,,,,,,,,,,,,,FALSE,,,,,,,,,,FALSE,,,,
153,06,30,10,00,1978,1,19,Zion,Ashdod,50,,,,FALSE,,FALSE,,153,,,,,,,,10,,,,,,,,,,,,,,,,,,,,,,,,,,,,,FALSE,,,,,,,,,,FALSE,,,,
154,10,30,15,00,1978,1,19,Zion,Gazza N,50,,,,FALSE,,FALSE,,154,,,,,,,,12,,,,,,,,,,,,,,,,,,,,,,,,,,,,,FALSE,,,,,,,,,,FALSE,,,,
155,16,30,03,,1978,1,19,Zion,Ashdod,,,,,FALSE,,FALSE,,155,,,,,,,,,15 Kg ,,,,,,,,,,,,,,,,,,,,,,,,,,,,FALSE,,,,,,,,,,FALSE,,,,
156,05,30,09,30,1978,1,20,Zion,Gazza N,50,,,,FALSE,,FALSE,,156,,,,,,,,,,,,,,,,,,,,,,,,,,,,,,,,,,,,,TRUE,,,,,,,,,,FALSE,,,,
157,04,,09,,1978,1,22,Zion,Gazza S,16,,,,FALSE,,FALSE,,157,,,,,,,,10,,,,,,,,,,,,,,,,,,,,,,,,,,,,,FALSE,,,,,,,,,,FALSE,,,,
158,09,30,11,30,1978,1,22,Zion,Gazza,17,,,,FALSE,,FALSE,,158,,,,,,,,12,,,,,,,,,,,,,,,,,,,,,,,,,,,,,FALSE,,,,,,,,,,FALSE,,,,
159,14,,18,30,1978,1,22,Zion,Gazza,18,,,,FALSE,,FALSE,,159,,,,,,,,8,,,,,,,,,,,,,,,,,,,,,,,,,,,,,FALSE,,,,,,,,,,FALSE,,,,
160,19,,00,15,1978,1,22,Zion,Gazza,,,,Dir Balach,FALSE,,FALSE,,160,,,,,,,,5,,,,,,,,,,,,,,,,,,,,,,,,,,,,,FALSE,,,,,,,,,,FALSE,,,,
161,01,,05,30,1978,1,23,Zion,Gazza,20,,,Oniya,FALSE,,FALSE,,161,,,,,,,,5,,,,,,,,,,,,,,,,,,,,,,,,,,,,,FALSE,,,,,,,,,,FALSE,,,,
162,06,,10,,1978,1,23,Zion,,18,,,,FALSE,,FALSE,,162,,,,,,,,12,,,,,,,,,,,,,,,,,,,,,,,,,,,,,FALSE,,,,,,,,,,FALSE,,,,
163,10,30,15,,1978,1,23,Zion,Gazza,17,,,,FALSE,,FALSE,,163,,,,,,,,9,,,,,,,,,,,,,,,,,,,,,,,,,,,,,FALSE,,,,,,,,,,FALSE,,,,
164,18,,23,,1978,1,23,Zion,Gazza,110,,,Rafiah,FALSE,,FALSE,,164,,,,,,,,9,,,,,,,,,,,,,,,,,,,,,,,,,,,,,FALSE,,,,,,,,,,FALSE,,,,
165,06,,10,15,1978,1,25,Levi,Katza,16,,,,FALSE,,TRUE,,165,,,,,,,,7,,,,,,,,,,,,,,,,,,,,,,,,,,,,,FALSE,,,,,,,,,,FALSE,,,,
166,07,15,12,,1978,1,28,Levi,Ashdod S,20,,Mud,,FALSE,,FALSE,Light net,166,,,,,,,,,,,,,,,,,,,,,,,,,,,,,,,,,,,,,TRUE,,,,,,,,,,FALSE,,,,
167,13,15,17,,1978,1,28,Levi,Katza S,16,,,,FALSE,,FALSE,,167,,,,,,,,5,,,,,,,,,,,,,,,,,,,,,,,,,,,,,FALSE,,,,,,,,,,FALSE,,,,
168,18,,23,,1978,1,28,Levi,,18,,Opening too big,,FALSE,,FALSE,,168,,,,,,,,1,,,,,,,,,,,,,,,,,,,,,,,,,,,,,FALSE,problem with net,,,,,,,,,FALSE,,,,
169,07,,11,,1978,1,29,Levi,Gazza S,18,,,,FALSE,,FALSE,,169,,,,,,,,8,,,,,,,,,,,,,,,,,,,,,,,,,,,,,FALSE,,,,,,,,,,FALSE,,,,
170,11,45,16,,1978,1,29,Levi,Gazza,15,,,,FALSE,,FALSE,,170,,,,,,,,6,,,,,,,,,,,,,,,,,,,,,,,,,,,,,FALSE,,,,,,,,,,FALSE,,,,
171,17,,23,,1978,1,29,Levi,El Arish,8,,,,FALSE,,FALSE,,171,,,,,,,,5,3 Kg,,,,,,,,,,,,,,,,,,,,,,,,,,,,FALSE,,,,,,,,,,FALSE,,,,
172,00,,05,,1978,1,30,Levi,El Arish,8,,,,FALSE,,FALSE,,172,,,,,,,,5,,,,,,,,,,,,,,,,,,,,,,,,,,,,,FALSE,,,,,,,,,,FALSE,,,,
173,07,,11,,1978,1,30,Levi,,24,,,Yamit,FALSE,,FALSE,,173,,,,,,,,15,,,,,,,,,,,,,,,,,,,,,,,,,,,,,FALSE,,,,,,,,,,FALSE,,,,
174,11,45,16,,1978,1,30,Levi,,20,,,Yamit,FALSE,,FALSE,,174,,,,,,,,12,,,,,,,,,,,,,,,,,,,,,,,,,,,,,FALSE,,,,,,,,,,FALSE,,,,
175,17,,22,,1978,1,30,Levi,,12,,,Oniya,FALSE,,FALSE,,175,,,,,,,,4,,,,,,,,,,,,,,,,,,,,,,,,,,,,,FALSE,,,,,,,,,,FALSE,,,,
176,23,30,05,,1978,1,31,Levi,El Arish,8,,,,FALSE,,FALSE,,176,,,,,,,,4,4 Kg,,,,,,,,,,,,,,,,,,,,,,,,,,,,FALSE,,,,,,,,,,FALSE,,,,
177,06,30,10,,1978,1,31,Levi,El Arish,27,,,,FALSE,,FALSE,,177,,,,,,,,7,,,,,,,,,,,,,,,,,,,,,,,,,,,,,FALSE,,,,,,,,,,FALSE,,,,
178,10,45,15,,1978,1,31,Levi,,23,,,Yamit,FALSE,,FALSE,,178,,,,,,,,10,,,,,,,,,,,,,,,,,,,,,,,,,,,,,FALSE,,,,,,,,,,FALSE,,,,
179,00,30,05,30,1978,2,1,Zion,Ashdod N,42,,,,FALSE,,FALSE,,179,,,,,,,,7,,,,,,,,,,,,,,,,,,,,,,,,,,,,,FALSE,"Lots of ""Havazelet""",,,,,,,,,FALSE,,,,
180,06,15,10,15,1978,2,1,Zion,Falick,23,,,,FALSE,,FALSE,,180,,,,,,,,7,,,,,,,,,,,,,,,,,,,,,,,,,,,,,FALSE,,,,,,,,,,FALSE,,,,
181,12,,16,15,1978,2,1,Zion,Herzelia S,23,,,,FALSE,,FALSE,,181,,,,,,,,8,,,,,,,,,,,,,,,,,,,,,,,,,,,,,FALSE,,,,,,,,,,FALSE,,,,
182,17,45,10,30,1978,2,1,Zion,Palmachim N,80,,,,FALSE,,FALSE,,182,,,,,,,,4,,,,,,,,,,,,,,,,,,,,,,,,,,,,,FALSE,,,,,,,,,,FALSE,,,,
183,23,45,05,,1978,2,2,Zion,Tel Aviv,50,,,,FALSE,,TRUE,,183,,,,,,,,6,,,,,,,,,,,,,,,,,,,,,,,,,,,,,FALSE,,,,,,,,,,FALSE,,,,
184,10,30,14,45,1978,2,4,Zion,Gazza S,16,,,,FALSE,,FALSE,,184,,,,,,,,7,,,,,,,,,,,,,,,,,,,,,,,,,,,,,FALSE,,,,,,,,,,FALSE,,,,
185,15,15,19,15,1978,2,4,Zion,Gazza,16,,,Rafiah,FALSE,,FALSE,,185,,,,,,,,4,,,,,,,,,,,,,,,,,,,,,,,,,,,,,FALSE,,,,,,,,,,FALSE,,,,
186,21,15,01,30,1978,2,5,Zion,,30,,,Oniya,FALSE,,FALSE,,186,,,,,,,,4,,,,,,,,,,,,,,,,,,,,,,,,,,,,,FALSE,,,,,,,,,,FALSE,,,,
187,02,,06,30,1978,2,5,Zion,,26,,,Oniya,FALSE,,FALSE,,187,,,,,,,,5,,,,,,,,,,,,,,,,,,,,,,,,,,,,,FALSE,,,,,,,,,,FALSE,,,,
188,07,15,09,15,1978,2,5,Zion,,25,,,Oniya,FALSE,,FALSE,,188,,,,,,,,5,,,,,,,,,,,,,,,,,,,,,,,,,,,,,FALSE,,,,,,,,,,FALSE,,,,
189,10,,12,15,1978,2,5,Zion,,18,,,Oniya,FALSE,,FALSE,,189,,,,,,,,,,,,,,,,,,,,,,,,,,,,,,,,,,,,,TRUE,,,,,,,,,,FALSE,,,,
190,13,,18,,1978,2,5,Zion,,18,,,Oniya,FALSE,,FALSE,,190,,,,,,,,8,,,,,,,,,,,,,,,,,,,,,,,,,,,,,FALSE,,,,,,,,,,FALSE,,,,
191,18,30,00,,1978,2,5,Zion,,11,,,Oniya,FALSE,,FALSE,,191,,,,,,,,2,3 Kg ,,,,,,,,,,,,,,,,,,,,,,,,,,,,FALSE,,,,,,,,,,FALSE,,,,
192,00,30,05,30,1978,2,6,Zion,,10,,,Peham,FALSE,,FALSE,,192,,,,,,,,3,,,,,,,,,,,,,,,,,,,,,,,,,,,,,FALSE,,,,,,,,,,FALSE,,,,
193,07,,11,30,1978,2,6,Zion,,25,,,Oniya,FALSE,,FALSE,,193,,,,,,,,10,,,,,,,,,,,,,,,,,,,,,,,,,,,,,FALSE,,,,,,,,,,FALSE,,,,
194,12,15,17,15,1978,2,6,Zion,,25,,,Oniya,FALSE,,FALSE,,194,,,,,,,,12,,,,,,,,,,,,,,,,,,,,,,,,,,,,,FALSE,,,,,,,,,,FALSE,,,,
195,17,45,23,45,1978,2,6,Zion,,25,,,Oniya,FALSE,,FALSE,,195,,,,,,,,4,,,,,,,,,,,,,,,,,,,,,,,,,,,,,FALSE,,,,,,,,,,FALSE,,,,
196,,,,,1978,2,7,Zion,,,,,,FALSE,,TRUE,,196,,,,,,,,,,,,,,,,,,,,,,,,,,,,,,,,,,,,,FALSE,,,,,,,,,,FALSE,,,,
197,,,,,1978,2,8,Sarut,Ashdod N,25,,,,FALSE,,FALSE,,197,,,,,,,,6,,,,,,,,,,,,,,,,,,,,,,,,,,,,,FALSE,,,,,,,,,,FALSE,,,,
198,,,,,1978,2,8,Sarut,Jaffa,42,,,,FALSE,,FALSE,,198,,,,,,,,4,,,,,,,,,,,,,,,,,,,,,,,,,,,,,FALSE,,,,,,,,,,FALSE,,,,
199,,,,,1978,2,8,Sarut,Ashdod S,11,,,,FALSE,,FALSE,,199,,,,,,,,,8 Kg ,,,,,,,,,,,,,,,,,,,,,,,,,,,,FALSE,,,,,,,,,,FALSE,,,,
200,,,,,1978,2,8,Sarut,,19,,,Hasi?,FALSE,,FALSE,,200,,,,,,,,5,,,,,,,,,,,,,,,,,,,,,,,,,,,,,FALSE,,,,,,,,,,FALSE,,,,
201,,,,,1978,2,9,Sarut,Gazza,23,,,Dir balach,FALSE,,FALSE,,201,,,,,,,,8,,,,,,,,,,,,,,,,,,,,,,,,,,,,,FALSE,,,,,,,,,,FALSE,,,,
202,,,,,1978,2,9,Sarut,Gazza,14,,,Rafiah,FALSE,,FALSE,,202,,,,,,,,5,,,,,,,,,,,,,,,,,,,,,,,,,,,,,FALSE,,,,,,,,,,FALSE,,,,
203,,,,,1978,2,9,Sarut,Gazza,110,,,Dir balach,FALSE,,FALSE,,203,,,,,,,,4,,,,,,,,,,,,,,,,,,,,,,,,,,,,,FALSE,,,,,,,,,,FALSE,,,,
204,,,,,1978,2,10,Sarut,,,,,,TRUE,,FALSE,,204,,,,,,,,,,,,,,,,,,,,,,,,,,,,,,,,,,,,,FALSE,,,,,,,,,,FALSE,,,,
205,,,,,1978,2,11,Sarut,,,,,,FALSE,,FALSE,,205,,,,,,,,,15 Kg,,,,,,,,,,,,,,,,,,,,,,,,,,,,FALSE,,,,,,,,,,FALSE,,,,
206,,,,,1978,2,12,Sarut,Palmachim,43,,,,FALSE,,FALSE,,206,,,,,,,,6,,,,,,,,,,,,,,,,,,,,,,,,,,,,,FALSE,,,,,,,,,,FALSE,,,,
207,,,,,1978,2,12,Sarut,Jaffa,23,,,,FALSE,,FALSE,,207,,,,,,,,6,,,,,,,,,,,,,,,,,,,,,,,,,,,,,FALSE,,,,,,,,,,FALSE,,,,
208,,,,,1978,2,12,Sarut,,,,,,FALSE,,FALSE,,208,,,,,,,,,20 Kg,,,,,,,,,,,,,,,,,,,,,,,,,,,,FALSE,,,,,,,,,,FALSE,,,,
209,06,30,10,30,1978,2,15,Levi,Gazza,23,,,Han yunes,FALSE,,TRUE,,209,,,,,,,,7,,,,,,,,,,,,,,,,,,,,,,,,,,,,,FALSE,,,,,,,,,,FALSE,,,,
210,11,30,15,30,1978,2,15,Levi,Gazza,27,,,Han yunes,FALSE,,TRUE,,210,,,,,,,,7,,,,,,,,,,,,,,,,,,,,,,,,,,,,,FALSE,,,,,,,,,,FALSE,,,,
211,16,,20,,1978,2,15,Levi,Gazza,27,,,Han yunes,FALSE,,TRUE,,211,,,,,,,,7,,,,,,,,,,,,,,,,,,,,,,,,,,,,,FALSE,,,,,,,,,,FALSE,,,,
212,08,30,12,30,1978,2,16,Levi,Ashdod S,34,,,,FALSE,,TRUE,,212,,,,,,,,7,,,,,,,,,,,,,,,,,,,,,,,,,,,,,FALSE,,,,,,,,,,FALSE,,,,
213,13,,17,,1978,2,16,Levi,Katza N,27,,,,FALSE,,TRUE,,213,,,,,,,,6,,,,,,,,,,,,,,,,,,,,,,,,,,,,,FALSE,,,,,,,,,,FALSE,,,,
214,06,30,10,30,1978,2,18,Levi,Ashdod N,23,,,,FALSE,,FALSE,,214,,,,,,,,40,,,,,,,,,,,,,,,,,,,,,,,,,,,,,FALSE,Very small,,,,,,,,,FALSE,,,,
215,11,,16,,1978,2,18,Levi,Ashdod,24,,,,FALSE,,FALSE,,215,,,,,,,,12,,,,,,,,,,,,,,,,,,,,,,,,,,,,,FALSE,,,,,,,,,,FALSE,,,,
216,06,30,10,30,1978,2,19,Levi,,27,,Hole in net,Oniya,FALSE,,TRUE,,216,,,,,,,,12,,,,,,,,,,,,,,,,,,,,,,,,,,,,,FALSE,Hole in net,,,,,,,,,FALSE,,,,
217,11,30,15,30,1978,2,19,Levi,,27,,Hole in net,Oniya,FALSE,,FALSE,,217,,,,,,,,7,,,,,,,,,,,,,,,,,,,,,,,,,,,,,FALSE,Hole in net,,,,,,,,,FALSE,,,,
218,16,30,21,,1978,2,19,Levi,,28,,,Oniya,FALSE,,FALSE,,218,,,,,,,,15,,,,,,,,,,,,,,,,,,,,,,,,,,,,,FALSE,,,,,,,,,,FALSE,,,,
219,21,30,03,,1978,2,19,Levi,,30,,Hole in net,Oniya,FALSE,,FALSE,,219,,,,,,,,,,,,,,,,,,,,,,,,,,,,,,,,,,,,,TRUE,Hole in net,,,,,,,,,FALSE,,,,
220,10,,13,,1978,2,20,Levi,,15,,,Oniya,FALSE,,FALSE,,220,,,,,,,,4,,,,,,,,,,,,,,,,,,,,,,,,,,,,,FALSE,,,,,,,,,,FALSE,,,,
221,14,,17,,1978,2,20,Levi,,30,,,Oniya,FALSE,,FALSE,,221,,,,,,,,25,,,,,,,,,,,,,,,,,,,,,,,,,,,,,FALSE,,,,,,,,,,FALSE,,,,
222,17,30,21,,1978,2,20,Levi,,30,,,Oniya,FALSE,,FALSE,,222,,,,,,,,5,,,,,,,,,,,,,,,,,,,,,,,,,,,,,FALSE,,,,,,,,,,FALSE,,,,
223,21,30,02,,1978,2,20,Levi,,30,,,Oniya,FALSE,,FALSE,,223,,,,,,,,6,,,,,,,,,,,,,,,,,,,,,,,,,,,,,FALSE,,,,,,,,,,FALSE,,,,
224,02,45,06,30,1978,2,21,Levi,,30,,,Oniya,FALSE,,FALSE,,224,,,,,,,,4,,,,,,,,,,,,,,,,,,,,,,,,,,,,,FALSE,,,,,,,,,,FALSE,,,,
225,07,15,10,,1978,2,21,Levi,,30,,,Oniya,FALSE,,FALSE,,225,,,,,,,,12,,,,,,,,,,,,,,,,,,,,,,,,,,,,,FALSE,,,,,,,,,,FALSE,,,,
226,06,,10,,1978,2,24,Zion,Ashdod S,22,,,,FALSE,,FALSE,,226,,,,,,,,7,,,,,,,,,,,,,,,,,,,,,,,,,,,,,FALSE,,,,,,,,,,FALSE,,,,
227,10,45,14,15,1978,2,24,Zion,Katza S,20,,,,FALSE,,FALSE,,227,,,,,,,,6,,,,,,,,,,,,,,,,,,,,,,,,,,,,,FALSE,,,,,,,,,,FALSE,,,,
228,15,45,19,15,1978,2,24,Zion,Gazza,20,,,,FALSE,,FALSE,,228,,,,,,,,12,,,,,,,,,,,,,,,,,,,,,,,,,,,,,FALSE,,,,,,,,,,FALSE,,,,
229,19,45,00,45,1978,2,24,Zion,Gazza,20,,,Dir Balach,FALSE,,FALSE,,229,,,,,,,,7,,,,,,,,,,,,,,,,,,,,,,,,,,,,,FALSE,,,,,,,,,,FALSE,,,,
230,01,15,06,15,1978,2,25,Zion,Gazza,20,,,Dir Balach,FALSE,,FALSE,,230,,,,,,,,6,,,,,,,,,,,,,,,,,,,,,,,,,,,,,FALSE,,,,,,,,,,FALSE,,,,
231,07,,11,15,1978,2,25,Zion,Gazza,20,,,Rafiah,FALSE,,FALSE,,231,,,,,,,,8,,,,,,,,,,,,,,,,,,,,,,,,,,,,,FALSE,,,,,,,,,,FALSE,,,,
232,11,30,16,,1978,2,25,Zion,Gazza,19,,,Dir Balach,TRUE,,FALSE,,232,,,,,,,,5,,,,,,,,,,,,,,,,,,,,,,,,,,,,,FALSE,,,,,,,,,,FALSE,,,,
233,01,45,06,30,1978,2,26,Zion,Gazza,20,,,Dir Balach,FALSE,,FALSE,,233,,,,,,,,4,,,,,,,,,,,,,,,,,,,,,,,,,,,,,FALSE,,,,,,,,,,FALSE,,,,
234,07,15,11,15,1978,2,26,Zion,Gazza,30,,,Rafiah,FALSE,,FALSE,,234,,,,,,,,10,,,,,,,,,,,,,,,,,,,,,,,,,,,,,FALSE,,,,,,,,,,FALSE,,,,
235,12,15,16,15,1978,2,26,Zion,Gazza,28,,,,FALSE,,FALSE,,235,,,,,,,,13,,,,,,,,,,,,,,,,,,,,,,,,,,,,,FALSE,,,,,,,,,,FALSE,,,,
236,17,,21,30,1978,2,26,Zion,Gazza,28,,,,FALSE,,FALSE,,236,,,,,,,,8,,,,,,,,,,,,,,,,,,,,,,,,,,,,,FALSE,,,,,,,,,,FALSE,,,,
237,22,,00,30,1978,2,26,Zion,Gazza,29,,,,FALSE,,FALSE,,237,,,,,,,,4,,,,,,,,,,,,,,,,,,,,,,,,,,,,,FALSE,,,,,,,,,,FALSE,,,,
238,03,,07,15,1978,2,27,Zion,Gazza,30,,,,FALSE,,FALSE,,238,,,,,,,,8,,,,,,,,,,,,,,,,,,,,,,,,,,,,,FALSE,,,,,,,,,,FALSE,,,,
239,07,45,12,,1978,2,27,Zion,Gazza,29,,,,FALSE,,FALSE,,239,,,,,,,,10,,,,,,,,,,,,,,,,,,,,,,,,,,,,,FALSE,,,,,,,,,,FALSE,,,,
240,12,45,17,,1978,2,27,Zion,Gazza,29,,,,FALSE,,FALSE,,240,,,,,,,,6,,,,,,,,,,,,,,,,,,,,,,,,,,,,,FALSE,,,,,,,,,,FALSE,,,,
241,17,30,10,30,1978,2,27,Zion,Gazza,27,,,,FALSE,,FALSE,,241,,,,,,,,4,,,,,,,,,,,,,,,,,,,,,,,,,,,,,FALSE,,,,,,,,,,FALSE,,,,
242,23,,05,,1978,2,28,Zion,,24,,,,FALSE,,FALSE,,242,,,,,,,,4,,,,,,,,,,,,,,,,,,,,,,,,,,,,,FALSE,,,,,,,,,,FALSE,,,,
243,05,45,10,,1978,2,28,Zion,,20,,,,FALSE,,FALSE,,243,,,,,,,,7,,,,,,,,,,,,,,,,,,,,,,,,,,,,,FALSE,,,,,,,,,,FALSE,,,,
244,,,,,1978,2,28,Zion,,21,,,,FALSE,,FALSE,,244,,,,,,,,6,,,,,,,,,,,,,,,,,,,,,,,,,,,,,FALSE,,,,,,,,,,FALSE,,,,
245,,,,,1978,3,1,Sarut,Riding,80,,,,FALSE,,FALSE,,245,,,,,,,,7,,,,,,,,,,,,,,,,,,,,,,,,,,,,,FALSE,,,,,,,,,,FALSE,,,,
246,,,,,1978,3,1,Sarut,Herzelia,80,,,,FALSE,,FALSE,,246,,,,,,,,4,,,,,,,,,,,,,,,,,,,,,,,,,,,,,FALSE,,,,,,,,,,FALSE,,,,
247,,,,,1978,3,1,Sarut,Jaffa,23,,,,FALSE,,FALSE,,247,,,,,,,,7,,,,,,,,,,,,,,,,,,,,,,,,,,,,,FALSE,,,,,,,,,,FALSE,,,,
248,,,,,1978,3,1,Sarut,Gazza,15,,,Rafiah,FALSE,,FALSE,,248,,,,,,,,7,,,,,,,,,,,,,,,,,,,,,,,,,,,,,FALSE,,,,,,,,,,FALSE,,,,
249,,,,,1978,3,2,Sarut,El Arish,24,,,,FALSE,,FALSE,,249,,,,,,,,11,,,,,,,,,,,,,,,,,,,,,,,,,,,,,FALSE,,,,,,,,,,FALSE,,,,
250,,,,,1978,3,2,Sarut,El Arish,22,,,,FALSE,,FALSE,,250,,,,,,,,7,,,,,,,,,,,,,,,,,,,,,,,,,,,,,FALSE,,,,,,,,,,FALSE,,,,
251,,,,,1978,3,2,Sarut,,12,,,,FALSE,,FALSE,,251,,,,,,,,5,,,,,,,,,,,,,,,,,,,,,,,,,,,,,FALSE,,,,,,,,,,FALSE,,,,
252,,,,,1978,3,2,Sarut,,19,,,Bradwil,FALSE,,FALSE,,252,,,,,,,,3,,,,,,,,,,,,,,,,,,,,,,,,,,,,,FALSE,,,,,,,,,,FALSE,,,,
253,,,,,1978,3,3,Sarut,,26,,,?,FALSE,,FALSE,,253,,,,,,,,9,,,,,,,,,,,,,,,,,,,,,,,,,,,,,FALSE,,,,,,,,,,FALSE,,,,
254,,,,,1978,3,3,Sarut,,26,,,?,FALSE,,FALSE,,254,,,,,,,,8,,,,,,,,,,,,,,,,,,,,,,,,,,,,,FALSE,,,,,,,,,,FALSE,,,,
255,,,,,1978,3,3,Sarut,,20,,,Fatah,FALSE,,FALSE,,255,,,,,,,,7,,,,,,,,,,,,,,,,,,,,,,,,,,,,,FALSE,,,,,,,,,,FALSE,,,,
256,,,,,1978,3,3,Sarut,El Arish,7,,,,FALSE,,FALSE,,256,,,,,,,,3,,,,,,,,,,,,,,,,,,,,,,,,,,,,,FALSE,,,,,,,,,,FALSE,,,,
257,,,,,1978,3,4,Sarut,,14,,,Yamit,FALSE,,FALSE,,257,,,,,,,,7,,,,,,,,,,,,,,,,,,,,,,,,,,,,,FALSE,,,,,,,,,,FALSE,,,,
258,,,,,1978,3,4,Sarut,,14,,,,FALSE,,FALSE,,258,,,,,,,,6,,,,,,,,,,,,,,,,,,,,,,,,,,,,,FALSE,,,,,,,,,,FALSE,,,,
259,,,,,1978,3,5,Sarut,Ashdod S,34,,,,FALSE,,FALSE,,259,,,,,,,,7,,,,,,,,,,,,,,,,,,,,,,,,,,,,,FALSE,,,,,,,,,,FALSE,,,,
260,,,,,1978,3,6,Sarut,Ashkelon S,108,,,,FALSE,,FALSE,,260,,,,,,,,10,,,,,,,,,,,,,,,,,,,,,,,,,,,,,FALSE,,,,,,,,,,FALSE,,,,
261,,,,,1978,3,6,Sarut,Ashkelon,108,,,,FALSE,,FALSE,,261,,,,,,,,3,,,,,,,,,,,,,,,,,,,,,,,,,,,,,FALSE,,,,,,,,,,FALSE,,,,
262,,,,,1978,3,7,Sarut,,108,,,,FALSE,,FALSE,,262,,,,,,,,8,,,,,,,,,,,,,,,,,,,,,,,,,,,,,FALSE,,,,,,,,,,FALSE,,,,
263,,,,,1978,3,7,Sarut,,108,,,,FALSE,,FALSE,,263,,,,,,,,20,,,,,,,,,,,,,,,,,,,,,,,,,,,,,FALSE,,,,,,,,,,FALSE,,,,
264,00,30,07,30,1978,3,8,Levi,Ashdod S,104,,,,FALSE,,FALSE,,264,,,,,,,,8,,,,,,,,,,,,,,,,,,,,,,,,,,,,,FALSE,,,,,,,,,,FALSE,,,,
265,08,,13,,1978,3,8,Levi,Ashdod,104,,,,FALSE,,FALSE,,265,,,,,,,,8,,,,,,,,,,,,,,,,,,,,,,,,,,,,,FALSE,,,,,,,,,,FALSE,,,,
266,13,30,19,30,1978,3,8,Levi,Ashdod S,104,,,,FALSE,,FALSE,,266,,,,,,,,5,,,,,,,,,,,,,,,,,,,,,,,,,,,,,FALSE,,,,,,,,,,FALSE,,,,
267,21,30,02,,1978,3,8,Levi,Gazza N,82,,,,FALSE,,FALSE,,267,,,,,,,,5,,,,,,,,,,,,,,,,,,,,,,,,,,,,,FALSE,,,,,,,,,,FALSE,,,,
268,03,,08,,1978,3,9,Levi,Ashdod S,82,,,,FALSE,,FALSE,,268,,,,,,,,8,,,,,,,,,,,,,,,,,,,,,,,,,,,,,FALSE,,,,,,,,,,FALSE,,,,
269,09,,15,,1978,3,9,Levi,Katza S,110,,,,FALSE,,FALSE,,269,,,,,,,,10,8,,,,,,,,,,,,,,,,,,,,,,,,,,,,FALSE,,,,,,,,,,FALSE,,,,
270,15,45,22,15,1978,3,9,Levi,Gazza,110,,,Rafiah,FALSE,,FALSE,,270,,,,,,,,5,,,,,,,,,,,,,,,,,,,,,,,,,,,,,FALSE,,,,,,,,,,FALSE,,,,
271,01,30,08,15,1978,3,10,Levi,Gazza,110,,,Rafiah,FALSE,,FALSE,,271,,,,,,,,5,,,,,,,,,,,,,,,,,,,,,,,,,,,,,FALSE,,,,,,,,,,FALSE,,,,
272,09,,14,,1978,3,10,Levi,Gazza,110,,,Rafiah,FALSE,,FALSE,,272,,,,,,,,8,,,,,,,,,,,,,,,,,,,,,,,,,,,,,FALSE,,,,,,,,,,FALSE,,,,
273,15,,21,,1978,3,10,Levi,Gazza,110,,,Rafiah,FALSE,,FALSE,,273,,,,,,,,5,,,,,,,,,,,,,,,,,,,,,,,,,,,,,FALSE,,,,,,,,,,FALSE,,,,
274,22,,04,,1978,3,10,Levi,Gazza N,104,,,t o ashdod,FALSE,,FALSE,,274,,,,,,,,4,,,,,,,,,,,,,,,,,,,,,,,,,,,,,FALSE,,,,,,,,,,FALSE,,,,
275,,,,,1978,3,12,,,,,,,FALSE,,FALSE,,275,,,,,,,,,,,,,,,,,,,,,,,,,,,,,,,,,,,,,FALSE,,,,,,,,,,FALSE,,,,
276,08,30,12,,1978,3,15,Zion,Ashdod,25,,,,FALSE,,FALSE,,276,,,,,,,,1,,,,,,,,,,,,,,,,,,,,,,,,,,,,,FALSE,,,,,,,,,,FALSE,,,,
277,12,45,16,45,1978,3,15,Zion,Jaffa,42,,,,FALSE,,FALSE,,277,,,,,,,,4,,,,,,,,,,,,,,,,,,,,,,,,,,,,,FALSE,,,,,,,,,,FALSE,,,,
278,20,15,03,30,1978,3,15,Zion,Ashdod,,,,,FALSE,,FALSE,,278,,,,,,,,,10 Kg ,,,,,,,,,,,,,,,,,,,,,,,,,,,,FALSE,,,,,,,,,,FALSE,,,,
279,05,30,09,15,1978,3,16,Zion,Ashkelon,49,,,,FALSE,,FALSE,,279,,,,,,,,11,,,,,,,,,,,,,,,,,,,,,,,,,,,,,FALSE,,,,,,,,,,FALSE,,,,
280,10,,14,,1978,3,16,Zion,Gazza,49,,,,FALSE,,FALSE,,280,,,,,,,,10,,,,,,,,,,,,,,,,,,,,,,,,,,,,,FALSE,,,,,,,,,,FALSE,,,,
281,17,45,13,15,1978,3,16,Zion,Ashdod,,,,,FALSE,,FALSE,Gambari,281,,,,,,,,,14 Kg,,,,,,,,,,,,,,,,,,,,,,,,,,,,FALSE,,,,,,,,,,FALSE,,,,
282,00,,06,,1978,3,17,Zion,Ashdod,10,,,,FALSE,,FALSE,Gambari,282,,,,,,,,,15 Kg,,,,,,,,,,,,,,,,,,,,,,,,,,,,FALSE,,,,,,,,,,FALSE,,,,
283,08,,12,15,1978,3,17,Zion,Ashdod S,,,,,FALSE,,FALSE,,283,,,,,,,,10,,,,,,,,,,,,,,,,,,,,,,,,,,,,,FALSE,,,,,,,,,,FALSE,,,,
284,13,15,15,,1978,3,17,Zion,Ashdod S,,,,,FALSE,,FALSE,,284,,,,,,,,8,,,,,,,,,,,,,,,,,,,,,,,,,,,,,FALSE,,,,,,,,,,FALSE,,,,
285,18,30,05,30,1978,3,17,Zion,Ashkelon N,,,,,FALSE,,FALSE,,285,,,,,,,,,16 Kg,,,,,,,,,,,,,,,,,,,,,,,,,,,,FALSE,,,,,,,,,,FALSE,,,,
286,07,15,10,,1978,3,18,Zion,Ashkelon,49,,,,FALSE,,FALSE,,286,,,,,,,,,,,,,,,,,,,,,,,,,,,,,,,,,,,,,TRUE,,,,,,,,,,FALSE,,,,
287,11,,15,30,1978,3,18,Zion,Gazza N,32,,,,FALSE,,FALSE,,287,,,,,,,,,,,,,,,,,,,,,,,,,,,,,,,,,,,,,TRUE,,,,,,,,,,FALSE,,,,
288,17,45,21,15,1978,3,18,Zion,Gazza,,,,,FALSE,,FALSE,,288,,,,,,,,,6 Kg ,,,,,,,,,,,,,,,,,,,,,,,,,,,,FALSE,,,,,,,,,,FALSE,,,,
289,03,,08,45,1978,3,19,Zion,Ashdod N,102,,,,FALSE,,FALSE,,289,,,,,,,,6,,,,,,,,,,,,,,,,,,,,,,,,,,,,,FALSE,,,,,,,,,,FALSE,,,,
290,08,45,13,,1978,3,19,Zion,,102,,,Hasi N,FALSE,,FALSE,,290,,,,,,,,6,,,,,,,,,,,,,,,,,,,,,,,,,,,,,FALSE,,,,,,,,,,FALSE,,,,
291,,,,,1978,3,19,Zion,Ashkelon N,102,,Mud,,FALSE,,FALSE,,291,,,,,,,,,,,,,,,,,,,,,,,,,,,,,,,,,,,,,TRUE,,,,,,,,,,FALSE,,,,
292,20,,01,15,1978,3,19,Zion,Gazza N,80,,,,FALSE,,FALSE,,292,,,,,,,,8,,,,,,,,,,,,,,,,,,,,,,,,,,,,,FALSE,,,,,,,,,,FALSE,,,,
293,02,15,06,15,1978,3,20,Zion,Gazza,81,,,,FALSE,,FALSE,,293,,,,,,,,8,,,,,,,,,,,,,,,,,,,,,,,,,,,,,FALSE,,,,,,,,,,FALSE,,,,
294,07,15,13,,1978,3,20,Zion,Gazza,101,,,,FALSE,,FALSE,,294,,,,,,,,6,5,,,,,,,,,,,,,,,,,,,,,,,,,,,,FALSE,,,,,,,,,,FALSE,,,,
295,15,,19,,1978,3,20,Zion,Gazza N,100,,,,FALSE,,FALSE,,295,,,,,,,,3,,,,,,,,,,,,,,,,,,,,,,,,,,,,,FALSE,,,,,,,,,,FALSE,,,,
296,19,45,00,45,1978,3,20,Zion,Gazza N,81,,,,FALSE,,FALSE,,296,,,,,,,,7,,,,,,,,,,,,,,,,,,,,,,,,,,,,,FALSE,,,,,,,,,,FALSE,,,,
297,01,45,06,45,1978,3,21,Zion,Ashkelon,80,,,,FALSE,,FALSE,,297,,,,,,,,6,,,,,,,,,,,,,,,,,,,,,,,,,,,,,FALSE,,,,,,,,,,FALSE,,,,
298,07,30,12,,1978,3,21,Zion,Gazza N,80,,,,FALSE,,FALSE,,298,,,,,,,,,,,,,,,,,,,,,,,,,,,,,,,,,,,,,TRUE,,,,,,,,,,FALSE,,,,
299,,,,,1978,3,21,Zion,Ashkelon N,32,,,,FALSE,,FALSE,,299,,,,,,,,,,,,,,,,,,,,,,,,,,,,,,,,,,,,,TRUE,,,,,,,,,,FALSE,,,,
300,,,,,1978,3,22,Sarut,Ashdod S,140,,,,FALSE,,FALSE,,300,,,,,,,,7,,,,,,,,,,,,,,,,,,,,,,,,,,,,,FALSE,,,,,,,,,,FALSE,,,,
301,,,,,1978,3,22,Sarut,Katza S,100,,,,FALSE,,FALSE,,301,,,,,,,,12,,,,,,,,,,,,,,,,,,,,,,,,,,,,,FALSE,,,,,,,,,,FALSE,,,,
302,,,,,1978,3,22,Sarut,Gazza,100,,,Rafiah,FALSE,,FALSE,,302,,,,,,,,3,,,,,,,,,,,,,,,,,,,,,,,,,,,,,FALSE,,,,,,,,,,FALSE,,,,
303,,,,,1978,3,23,Sarut,,,,,,FALSE,,TRUE,,303,,,,,,,,,,,,,,,,,,,,,,,,,,,,,,,,,,,,,FALSE,,,,,,,,,,FALSE,,,,
304,,,,,1978,3,25,Sarut,Ashdod S,25,,,,FALSE,,FALSE,,304,,,,,,,,0,,,,,,,,,,,,,,,,,,,,,,,,,,,,,FALSE,,,,,,,,,,FALSE,,,,
305,,,,,1978,3,25,Sarut,Gazza,25,,,rafiah,FALSE,,FALSE,,305,,,,,,,,3,,,,,,,,,,,,,,,,,,,,,,,,,,,,,FALSE,,,,,,,,,,FALSE,,,,
306,,,,,1978,3,25,Sarut,El Arish,25,,,,FALSE,,FALSE,,306,,,,,,,,7,,,,,,,,,,,,,,,,,,,,,,,,,,,,,FALSE,,,,,,,,,,FALSE,,,,
307,,,,,1978,3,26,Sarut,Gazza,26,,,fatah,FALSE,,FALSE,,307,,,,,,,,7,,,,,,,,,,,,,,,,,,,,,,,,,,,,,FALSE,,,,,,,,,,FALSE,,,,
308,,,,,1978,3,26,Sarut,Gazza,26,,,fatah,FALSE,,FALSE,,308,,,,,,,,14,,,,,,,,,,,,,,,,,,,,,,,,,,,,,FALSE,,,,,,,,,,FALSE,,,,
309,,,,,1978,3,26,Sarut,,,,,,FALSE,,FALSE,,309,,,,,,,,7,,,,,,,,,,,,,,,,,,,,,,,,,,,,,FALSE,,,,,,,,,,FALSE,,,,
310,,,,,1978,3,26,Sarut,Gazza,,,,fatah,FALSE,,FALSE,,310,,,,,,,,6,,,,,,,,,,,,,,,,,,,,,,,,,,,,,FALSE,,,,,,,,,,FALSE,,,,
311,17,30,05,30,1978,3,28,Sarut,Ashdod S,12,,,,FALSE,,FALSE,,311,,,,,,,,,22 Kg ,,,,,,,,,,,,,,,,,,,,,,,,,,,,FALSE,,,,,,,,,,FALSE,,,,
312,06,45,11,,1978,3,29,Levi,Katza N,34,,,,FALSE,,TRUE,,312,,,,,,,,12,,,,,,,,,,,,,,,,,,,,,,,,,,,,,FALSE,,,,,,,,,,FALSE,,,,
313,21,15,05,30,1978,3,29,Levi,Ashdod S,12,,,,FALSE,,FALSE,,313,,,,,,,,,18 Kg ,,,,,,,,,,,,,,,,,,,,,,,,,,,,FALSE,,,,,,,,,,FALSE,,,,
314,07,,11,15,1978,3,30,Levi,Ashdod S,34,,,,FALSE,,FALSE,,314,,,,,,,,8,,,,,,,,,,,,,,,,,,,,,,,,,,,,,FALSE,,,,,,,,,,FALSE,,,,
315,11,45,16,,1978,3,30,Levi,Katza N,34,,,,FALSE,,TRUE,,315,,,,,,,,10,,,,,,,,,,,,,,,,,,,,,,,,,,,,,FALSE,,,,,,,,,,FALSE,,,,
316,17,30,05,,1978,3,30,Levi,Ashdod S,9,,,,FALSE,,FALSE,,316,,,,,,,,,30 Kg,,,,,,,,,,,,,,,,,,,,,,,,,,,,FALSE,,,,,,,,,,FALSE,,,,
317,06,45,11,,1978,3,31,Levi,Ashkelon S,35,,,,FALSE,,FALSE,,317,,,,,,,,12,,,,,,,,,,,,,,,,,,,,,,,,,,,,,FALSE,,,,,,,,,,FALSE,,,,
318,11,30,16,30,1978,3,31,Levi,Gazza N,35,,,,FALSE,,TRUE,,318,,,,,,,,8,,,,,,,,,,,,,,,,,,,,,,,,,,,,,FALSE,,,,,,,,,,FALSE,,,,
319,06,45,11,,1978,4,1,Levi,Ashdod S,35,,,,FALSE,,FALSE,,319,,,,,,,,,35 Kg,,,,,,,,,,,,,,,,,,,,,,,,,,,,FALSE,,,,,,,,,,TRUE,,,,
320,12,15,17,30,1978,4,1,Levi,Katza N,20,,,,FALSE,,FALSE,,320,,,,,,,,,,,,,,,,,,,,,,,,,,,,,,,,,,,,,FALSE,,,,,,,,,,TRUE,,,,
321,19,30,05,30,1978,4,1,Levi,,,,,,FALSE,,FALSE,,321,,,,,,,,,20 Kg,,,,,,,,,,,,,,,,,,,,,,,,,,,,FALSE,,,,,,,,,,FALSE,,,,
322,07,30,13,15,1978,4,2,Levi,Ashdod S,104,,,,FALSE,,FALSE,,322,,,,,,,,5,,,,,,,,,,,,,,,,,,,,,,,,,,,,,FALSE,Very nice fish!,,,,,,,,,FALSE,,,,
323,14,,20,,1978,4,2,Levi,Gazza N,103,,,,FALSE,,FALSE,,323,,,,,,,,5,,,,,,,,,,,,,,,,,,,,,,,,,,,,,FALSE,Very nice fish!,,,,,,,,,FALSE,,,,
324,21,,04,,1978,4,2,Levi,Gazza S,106,,,,FALSE,,FALSE,,324,,,,,,,,4,,,,,,,,,,,,,,,,,,,,,,,,,,,,,FALSE,,,,,,,,,,FALSE,,,,
325,05,,11,,1978,4,3,Levi,Gazza N,106,,,,TRUE,,FALSE,,325,,,,,,,,7,,,,,,,,,,,,,,,,,,,,,,,,,,,,,FALSE,,,,,,,,,,FALSE,,,,
326,17,30,05,,1978,4,3,Levi,Ashdod S,9,,,,FALSE,,FALSE,Gambari,326,,,,,,,,,25 Kg,,,,,,,,,,,,,,,,,,,,,,,,,,,,FALSE,,,,,,,,,,FALSE,,,,
327,06,30,10,30,1978,4,4,Levi,Ashdod N,23,,,,FALSE,,FALSE,,327,,,,,,,,7,,,,,,,,,,,,,,,,,,,,,,,,,,,,,FALSE,Not nice fish,,,,,,,,,FALSE,,,,
328,11,,03,,1978,4,4,Levi,Tel Aviv S,23,,,,FALSE,,FALSE,,328,,,,,,,,,,,,,,,,,,,,,,,,,,,,,,,,,,,,,TRUE,,,,,,,,,,FALSE,,,,
329,01,45,06,15,1978,4,9,Zion,Herzelia,82,,,,FALSE,,FALSE,,329,,,,,,,,12,,,,,,,,,,,,,,,,,,,,,,,,,,,,,FALSE,,,,,,,,,,FALSE,,,,
330,07,30,11,30,1978,4,9,Zion,Jaffa N,82,,,,FALSE,,FALSE,,330,,,,,,,,16,,,,,,,,,,,,,,,,,,,,,,,,,,,,,FALSE,,,,,,,,,,FALSE,,,,
331,12,15,16,45,1978,4,9,Zion,,82,,,Borot,FALSE,,FALSE,,331,,,,,,,,7,,,,,,,,,,,,,,,,,,,,,,,,,,,,,FALSE,,,,,,,,,,FALSE,,,,
332,18,15,23,15,1978,4,9,Zion,,82,,,Borot,FALSE,,FALSE,,332,,,,,,,,8,,,,,,,,,,,,,,,,,,,,,,,,,,,,,FALSE,,,,,,,,,,FALSE,,,,
333,00,15,06,15,1978,4,10,Zion,Falick,82,,,,FALSE,,FALSE,,333,,,,,,,,10,,,,,,,,,,,,,,,,,,,,,,,,,,,,,FALSE,,,,,,,,,,FALSE,,,,
334,07,30,12,,1978,4,10,Zion,Falick,82,,,,FALSE,,FALSE,,334,,,,,,,,6,,,,,,,,,,,,,,,,,,,,,,,,,,,,,FALSE,,,,,,,,,,FALSE,,,,
335,13,,18,,1978,4,10,Zion,Falick,83,,,,FALSE,,FALSE,,335,,,,,,,,17,,,,,,,,,,,,,,,,,,,,,,,,,,,,,FALSE,,,,,,,,,,FALSE,,,,
336,04,15,09,15,1978,4,11,Zion,Bat yam N,84,,,,FALSE,,FALSE,,336,,,,,,,,10,,,,,,,,,,,,,,,,,,,,,,,,,,,,,FALSE,,,,,,,,,,FALSE,,,,
337,10,,14,15,1978,4,11,Zion,Bat yam S,84,,,,FALSE,,FALSE,,337,,,,,,,,5,,,,,,,,,,,,,,,,,,,,,,,,,,,,,FALSE,Yuta in net,,,,,,,,,FALSE,,,,
338,15,,18,45,1978,4,11,Zion,Bat yam,43,,,,FALSE,,FALSE,,338,,,,,,,,,,,,,,,,,,,,,,,,,,,,,,,,,,,,,TRUE,,,,,,,,,,FALSE,,,,
339,00,30,06,,1978,4,12,Levi,Ashdod S,81,,,,FALSE,,FALSE,,339,,,,,,,,4,,,,,,,,,,,,,,,,,,,,,,,,,,,,,FALSE,,,,,,,,,,FALSE,,,,
340,07,,12,,1978,4,12,Levi,Gazza S,110,,,,FALSE,,FALSE,,340,,,,,,,,,,,,,,,,,,,,,,,,,,,,,,,,,,,,,FALSE,,,,,,,,,,TRUE,,,,
341,13,,18,,1978,4,12,Levi,Gazza,110,,,,FALSE,,FALSE,,341,,,,,,,,5,,,,,,,,,,,,,,,,,,,,,,,,,,,,,FALSE,,,,,,,,,,FALSE,,,,
342,21,,03,,1978,4,12,Levi,Gazza,12,,,,FALSE,,FALSE,,342,,,,,,,,,,,,,,,,,,,,,,,,,,,,,,,,,,,,,FALSE,No Gambari,,,,,,,,,TRUE,,,,
343,04,,08,,1978,4,13,Levi,Gazza,25,,,west,FALSE,,FALSE,,343,,,,,,,,6,,,,,,,,,,,,,,,,,,,,,,,,,,,,,FALSE,,,,,,,,,,FALSE,,,,
344,08,30,12,30,1978,4,13,Levi,Gazza,30,,,back east,FALSE,,FALSE,,344,,,,,,,,6,,,,,,,,,,,,,,,,,,,,,,,,,,,,,FALSE,,,,,,,,,,FALSE,,,,
345,13,,17,,1978,4,13,Levi,Gazza,30,,,west,FALSE,,FALSE,,345,,,,,,,,6,,,,,,,,,,,,,,,,,,,,,,,,,,,,,FALSE,,,,,,,,,,FALSE,,,,
346,19,,02,,1978,4,13,Levi,,,,Hithaprut,,FALSE,,FALSE,,346,,,,,,,,,14 Kg ,,,,,,,,,,,,,,,,,,,,,,,,,,,,FALSE,,,,,,,,,,FALSE,,,,
347,06,30,10,,1978,4,14,Levi,,25,,,Borot west,FALSE,,FALSE,,347,,,,,,,,3,,,,,,,,,,,,,,,,,,,,,,,,,,,,,FALSE,,,,,,,,,,FALSE,,,,
348,16,,18,,1978,4,14,Levi,,25,,,borot,FALSE,,FALSE,,348,,,,,,,,,,,,,,,,,,,,,,,,,,,,,,,,,,,,,FALSE,,,,,,,,,,TRUE,,,,
349,20,,00,30,1978,4,14,Levi,,,,Hithaprut,borot,FALSE,,FALSE,,349,,,,,,,,,10 Kg,,,,,,,,,,,,,,,,,,,,,,,,,,,,FALSE,,,,,,,,,,FALSE,,,,
350,01,30,05,30,1978,4,15,Levi,,,,,borot,FALSE,,FALSE,,350,,,,,,,,,8 Kg ,,,,,,,,,,,,,,,,,,,,,,,,,,,,FALSE,,,,,,,,,,FALSE,,,,
351,06,,10,,1978,4,15,Levi,,15,,,borot east,FALSE,,FALSE,,351,,,,,,,,7,,,,,,,,,,,,,,,,,,,,,,,,,,,,,FALSE,,,,,,,,,,FALSE,,,,
352,10,30,14,30,1978,4,15,Levi,,23,,,borot east,FALSE,,FALSE,,352,,,,,,,,8,,,,,,,,,,,,,,,,,,,,,,,,,,,,,FALSE,,,,,,,,,,FALSE,,,,
353,15,,19,,1978,4,15,Levi,,30,,,borot east,FALSE,,FALSE,,353,,,,,,,,6,,,,,,,,,,,,,,,,,,,,,,,,,,,,,FALSE,,,,,,,,,,FALSE,,,,
354,19,30,00,,1978,4,15,Levi,El Arish,25,,,,FALSE,,FALSE,,354,,,,,,,,4,,,,,,,,,,,,,,,,,,,,,,,,,,,,,FALSE,,,,,,,,,,FALSE,,,,
355,04,30,11,,1978,4,16,Levi,,110,,,north (from El arish?),FALSE,,FALSE,,355,,,,,,,,4,,,,,,,,,,,,,,,,,,,,,,,,,,,,,FALSE,,,,,,,,,,FALSE,,,,
356,00,,06,,1978,4,16,Levi,,100,,,north (from El arish?),FALSE,,FALSE,,356,,,,,,,,5,,,,,,,,,,,,,,,,,,,,,,,,,,,,,FALSE,,,,,,,,,,FALSE,,,,
357,06,30,11,30,1978,4,17,Levi,Palmachim N,80,,,,FALSE,,FALSE,,357,,,,,,,,12,,,,,,,,,,,,,,,,,,,,,,,,,,,,,FALSE,,,,,,,,,,FALSE,,,,
358,12,30,16,,1978,4,17,Levi,Falick S,80,,,,FALSE,,FALSE,,358,,,,,,,,6,,,,,,,,,,,,,,,,,,,,,,,,,,,,,FALSE,,,,,,,,,,FALSE,,,,
359,22,45,05,,1978,4,17,Levi,Gazza S,108,,,,FALSE,,FALSE,,359,,,,,,,,5,4,,,,,,,,,,,,,,,,,,,,,,,,,,,,FALSE,,,,,,,,,,FALSE,,,,
360,06,,11,,1978,4,18,Levi,Gazza N,110,,,rafiah,FALSE,,FALSE,,360,,,,,,,,4,6,,,,,,,,,,,,,,,,,,,,,,,,,,,,FALSE,,,,,,,,,,FALSE,,,,
361,12,,17,,1978,4,18,Levi,Gazza N,110,,,,FALSE,,FALSE,,361,,,,,,,,7,,,,,,,,,,,,,,,,,,,,,,,,,,,,,FALSE,,,,,,,,,,FALSE,,,,
362,,,,,1978,4,30,Sarut,Falick S,80,,,,FALSE,,FALSE,,362,,,,,,,,5,,,,,,,,,,,,,,,,,,,,,,,,,,,,,FALSE,,,,,,,,,,FALSE,,,,
363,,,,,1978,4,30,Sarut,Jaffa S,42,,,,FALSE,,FALSE,,363,,,,,,,,5,,,,,,,,,,,,,,,,,,,,,,,,,,,,,FALSE,,,,,,,,,,FALSE,,,,
364,,,,,1978,4,30,Sarut,Palmachim S,25,,,,FALSE,,FALSE,,364,,,,,,,,5,,,,,,,,,,,,,,,,,,,,,,,,,,,,,FALSE,,,,,,,,,,FALSE,,,,
365,,,,,1978,5,1,Sarut,,25,,,?,FALSE,,FALSE,,365,,,,,,,,10,,,,,,,,,,,,,,,,,,,,,,,,,,,,,FALSE,,,,,,,,,,FALSE,,,,
366,,,,,1978,5,1,Sarut,,25,,,Halaa W,FALSE,,FALSE,,366,,,,,,,,5,,,,,,,,,,,,,,,,,,,,,,,,,,,,,FALSE,,,,,,,,,,FALSE,,,,
367,,,,,1978,5,1,Sarut,,20,,,Halaa W,FALSE,,FALSE,,367,,,,,,,,5,,,,,,,,,,,,,,,,,,,,,,,,,,,,,FALSE,,,,,,,,,,FALSE,,,,
368,,,,,1978,5,1,Sarut,,,,,Borot,TRUE,,FALSE,,368,,,,,,,,,25 Kg,,,,,,,,,,,,,,,,,,,,,,,,,,,,FALSE,,,,,,,,,,FALSE,,,,
369,,,,,1978,5,2,Sarut,,30,,,Borot,FALSE,,FALSE,,369,,,,,,,,6,,,,,,,,,,,,,,,,,,,,,,,,,,,,,FALSE,,2 Ind,,,,,,,,FALSE,,,,
370,,,,,1978,5,2,Sarut,,30,,,Borot,FALSE,,FALSE,,370,,,,,,,,4,,,,,,,,,,,,,,,,,,,,,,,,,,,,,FALSE,,,,,,,,,,FALSE,,,,
371,,,,,1978,5,2,Sarut,,12,,,Borot,FALSE,,FALSE,,371,,,,,,,,5,,,,,,,,,,,,,,,,,,,,,,,,,,,,,FALSE,,1 Ind,,,,,,,,FALSE,,,,
372,,,,,1978,5,2,Sarut,,,,,,FALSE,,FALSE,,372,,,,,,,,,25 Kg,,,,,,,,,,,,,,,,,,,,,,,,,,,,FALSE,,,,,,,,,,FALSE,,,,
373,,,,,1978,5,3,Sarut,,12,,,Borot,FALSE,,FALSE,,373,,,,,,,,6,,,,,,,,,,,,,,,,,,,,,,,,,,,,,FALSE,,,,,,,,,,FALSE,,,,
374,,,,,1978,5,4,Sarut,,80,,,,FALSE,,FALSE,,374,,,,,,,,12,,,,,,,,,,,,,,,,,,,,,,,,,,,,,FALSE,,,,,,,,,,FALSE,,,,
375,,,,,1978,5,4,Sarut,,50,,,,FALSE,,FALSE,,375,,,,,,,,5,,,,,,,,,,,,,,,,,,,,,,,,,,,,,FALSE,,,,,,,,,,FALSE,,,,
376,,,,,1978,5,4,Sarut,,80,,,,FALSE,,FALSE,,376,,,,,,,,6,,,,,,,,,,,,,,,,,,,,,,,,,,,,,FALSE,,,,,,,,,,FALSE,,,,
377,,,,,1978,5,5,Sarut,Ashdod S,80,,,,FALSE,,FALSE,,377,,,,,,,,8,,,,,,,,,,,,,,,,,,,,,,,,,,,,,FALSE,,,,,,,,,,FALSE,,,,
378,,,,,1978,5,5,Sarut,Gazza N,80,,,,FALSE,,FALSE,,378,,,,,,,,10,,,,,,,,,,,,,,,,,,,,,,,,,,,,,FALSE,,,,,,,,,,FALSE,,,,
379,,,,,1978,5,5,Sarut,Ashdod S,100,,,,FALSE,,FALSE,,379,,,,,,,,6,,,,,,,,,,,,,,,,,,,,,,,,,,,,,FALSE,,,,,,,,,,FALSE,,,,
380,,,,,1978,5,5,Sarut,Gazza S,100,,,,FALSE,,FALSE,,380,,,,,,,,6,,,,,,,,,,,,,,,,,,,,,,,,,,,,,FALSE,,,,,,,,,,FALSE,,,,
381,00,,04,30,1978,5,7,Zion,Bat yam N,80,,,,FALSE,,FALSE,,381,,,,,,,,5,,,,,,,,,,,,,,,,,,,,,,,,,,,,,FALSE,,,,,,,,,,FALSE,,,,
382,05,45,10,,1978,5,7,Zion,Falick S,80,,,,FALSE,,FALSE,,382,,,,,,,,5,,,,,,,,,,,,,,,,,,,,,,,,,,,,,FALSE,,,,,,,,,,FALSE,,,,
383,10,30,14,15,1978,5,7,Zion,,80,,,Peace ship,FALSE,,FALSE,,383,,,,,,,,,,,,,,,,,,,,,,,,,,,,,,,,,,,,,TRUE,,,,,,,,,,FALSE,,,,
384,15,,19,,1978,5,7,Zion,Falick S,49,,,,FALSE,,FALSE,,384,,,,,,,,4,,,,,,,,,,,,,,,,,,,,,,,,,,,,,FALSE,Lots of trash,,,,,,,,,FALSE,,,,
385,20,,02,,1978,5,7,Zion,Tel Aviv S,105,,,,FALSE,,FALSE,,385,,,,,,,,8,,,,,,,,,,,,,,,,,,,,,,,,,,,,,FALSE,,,,,,,,,,FALSE,,,,
386,04,,09,15,1978,5,8,Zion,Ashdod S,80,,,,FALSE,,FALSE,,386,,,,,,,,7,,,,,,,,,,,,,,,,,,,,,,,,,,,,,FALSE,,,,,,,,,,FALSE,,,,
387,10,,15,,1978,5,8,Zion,Gazza N,80,,,,FALSE,,FALSE,,387,,,,,,,,12,,,,,,,,,,,,,,,,,,,,,,,,,,,,,FALSE,,,,,,,,,,FALSE,,,,
