Net,Start_Time_hh,Start_Time_mm,End_Time_hh,End_Time_mm,Year(XXXX),Month(XX),Day(XX),Fishermen,Fishing_field,Depth,Distance_to_Shore,Commants,Night_drag_comments,Fishing_field_text,Storm,Speed,High_Sea,Net_Type,Net,Anshubi,Bakala,Barbon,Ben_Gurion,Crab,Denis,Farida,Fish,Gambari,Gerbida,Hazir,Hulim,Intias,Jelly_Fish,Kalamari,Lavan,Makarunim,Malitta,Marmir,Musar,Palamud,Pas_Tzahov,Rofus,Rofus_Fake,Sabida,Saragus,Sardin,Scombri,Soltan,Soltan_Fake,Soltan_Mix,Special,Tarachun,Taref,Televisia,Trulus,Missing,Comments,Lokus,Muslach,Gitara,Box_General,Tziporot,Varod,Vest,Shed Yam,Very_weak,Daba,Octepus,Adom,Hazaim,Shark,Kaptunim,Lokus_manot,Lokus_bibi,Vest,Muslach
1,01,00,05,30,2001,10,03,levi,Ashdod N,11,,,FALSE,,FALSE,,FALSE,Gambari,1,,,,,,,,,20 Kg,,,,,,,,,,,,,,,,,,,,,,,,,,,,FALSE,,,,3,,,,,,FALSE,,,,,,,,,,
2,07,00,10,30,2001,10,03,levi,,28,,,FALSE,palmachim S,FALSE,,FALSE,,2,,,,,,,,1,,,,1.5,,,,,,,,,,,,,,,,,1.5,,,,,,,,FALSE,,,3,,,,,,,FALSE,,,,,,,,,,
3,11,30,15,00,2001,10,03,levi,Ashdod(S),16,,,FALSE,,FALSE,,FALSE,,3,,,,,,,,,,,,,,,1,,,1,,6 Kg,1,,,,,,,,1,,,1,2,,1,,TRUE,,2,,,,,,,,FALSE,,,,,,,,,,
4,15,30,19,00,2001,10,03,levi,Ashdod(S),13,,,FALSE,,FALSE,,FALSE,,4,,,,,,,,1,5 Kg,,,,,,1,,,,,,,,,,,,,,,,,,2,,3,,FALSE,,1.5,,,,,,,,FALSE,,,,,,,,,,
5,06,00,09,00,2001,10,04,Levi,Ashdod(S),15,,,FALSE,,FALSE,,FALSE,,5,,,,,,,,1,,,,,,,1,,,,1,,,,,,,,,,,,,,2,,3,,FALSE,,,,,,,,,,FALSE,,,,,,,,,,
6,10,30,14,30,2001,10,04,Levi,,32,,,FALSE,,FALSE,,FALSE,,6,,,,,,,,1,,2,,1 L+,,,,1 B+,,,,,,,,,,,,,1 B+,,,,,,,,TRUE,uniden/ Lokus 8 Kg,1 Ind,2 L+,,,,,,,FALSE,,,,,,,,,,2 L+
7,15,00,18,00,2001,10,04,Levi,,30,,,FALSE,,FALSE,,FALSE,,7,,,,,,,,,,2,,1,,,,,,,,,,,,,,,,,3,,,,,,,,FALSE,,,4,,,,,,,FALSE,,,,,,,,,,
8,19,30,04,00,2001,10,04,Levi,Ashdod(N),14,,,FALSE,,FALSE,,FALSE,,8,,,,,1,,,2,65 Kg,,,,,,,,,,,,,,,,,,,,,,,,,,,,FALSE,,,,,,,,,,FALSE,,,,,,,,,,
9,07,00,10,15,2001,10,05,Levi,,20,,,FALSE,,FALSE,,FALSE,,9,,,,,,,,,,,,,,,,8,,,,,,,,,,,,,,,,,,,,,FALSE,,,,,,,,,,FALSE,,,,,,,,,,
10,11,15,14,15,2001,10,05,Levi,,32,,,FALSE,bat Yam S,FALSE,,FALSE,,10,,,,,,,,1,,,,,,,,,,,,,,,,,,,,,2,,,,,,,,FALSE,,,3,,,,,,,FALSE,,,,,,,,,,
11,15,00,18,00,2001,10,05,Levi,Ashdod(N),28,,,FALSE,,FALSE,,FALSE,,11,,,,,,,,1,,,,,,,,,,,,,,,,,1,,,,1,,,,,,,,FALSE,,,4,,,,,,,FALSE,,,,,,,,,,
12,07,00,10,30,2001,10,06,Levi,,28,,,FALSE,Bat yam N,FALSE,,FALSE,,12,,,,,,,,1,,,,3,,,,,,10 B+,,,,,,,,,,,6,,,,1,,,,FALSE,,1,3,2,,,,,,FALSE,,,,,,,,,,
13,11,15,15,00,2001,10,06,Levi,,28,,,FALSE,Herzelia S,FALSE,,FALSE,,13,,,,,,,,,,,,,,,,,,,,,,,,,,,,,8,,,,,,,,FALSE,,,,,12,,,,,FALSE,,,,,,,,,,
14,15,30,18,00,2001,10,06,Levi,,26,,,FALSE,Herzelia S,FALSE,,FALSE,,14,,,,,,,,,,,,,,,,,,,,,,,,,,,,,,,,,,,,,FALSE,,,,,7,,,,,FALSE,,,,,,,,,,
15,07,30,11,30,2001,10,07,Levi,,28,,,FALSE,bat yam N,FALSE,2.7,FALSE,,15,,,,,,,,1,,,,1.5,,,,,,,,,,,,,,,,,3,,,,,,,1,FALSE,,,3,2,,,,,,FALSE,,,,,,,,,,
16,12,00,16,30,2001,10,07,Levi,,26.5,,,FALSE,Gaash,FALSE,3.1,FALSE,,16,,,,,,,,,,,,2,,,,4,,3,,,,,,,,,,,9,,,,,,,,FALSE,,,2,2,,,,,,FALSE,,,,,,,,,,
17,17,30,03,00,2001,10,07,Levi,Ashdod(N),13,,,FALSE,,FALSE,,FALSE,,17,,,,,,,,,,,,,,,,,,,,,,,,,,,,,,,,,,,,,FALSE,,,,,55 Kg,,,,,FALSE,,,,,,,,,,
18,06,15,10,00,2001,10,10,Sharot,,27,,,FALSE,bat yam N,FALSE,,FALSE,,18,,,,,,,,,,,,,,,,,,,,,,,,,,,,,,,,,,,,,FALSE,,,,,6,,,,,FALSE,,,,,,,,,,
19,11,00,14,30,2001,10,10,Sharot,,,,,FALSE,Herzelia S,FALSE,,FALSE,,19,,,,,,,,,,,,,,,,,,,,,,,,,,,,,,,,,,,,,FALSE,,,,,10,,,,,FALSE,,,,,,,,,,
20,15,00,17,15,2001,10,10,Sharot,,,,,FALSE,bat yam S,FALSE,,FALSE,,20,,,,,,,,,,,,,,,,,,,,,,,,,,,,,,,,,,,,,FALSE,,,,,5,,,,,FALSE,,,,,,,,,,
21,06,00,10,00,2001,10,11,Sharot,Ashdod(N),,,,FALSE,,FALSE,,FALSE,,21,,,,,,,,,,,,,,,,,,,,,,,,,,,,,,,,,,,,,FALSE,,,,,8,,,,,FALSE,,,,,,,,,,
22,10,30,14,00,2001,10,11,Sharot,,,,,FALSE,yaffo N,FALSE,,FALSE,,22,,,,,,,,,,,,,,,,,,,,,,,,,,,,,,,,,,,,,FALSE,,,,,15,,,,,FALSE,,,,,,,,,,
23,14,30,17,30,2001,10,11,Sharot,,,,,FALSE,Gaash S,FALSE,,FALSE,,23,,,,,,,,,,,,,,,,,,,,,,,,,,,,,,,,,,,,,FALSE,,,,,10,,,,,FALSE,,,,,,,,,,
24,14,00,17,15,2001,10,12,Sharot,,,4,,FALSE,nitanim S,FALSE,,FALSE,,24,,,,,,,,2,,,,,,,,,,,,,,3,,,,,,,,,,,,,,,FALSE,,,,,,,,,,FALSE,,,,,,,,,,
25,,,,,2001,10,13,Sharot,,,1.7,,FALSE,bat yam S,FALSE,,FALSE,,25,,,,,,,,,,,,,,,,,,,,,,,,,,,,,,,,,,,,,FALSE,,,,,7,,,,,FALSE,,,,,,,,,,
26,05,30,,,2001,10,14,Sharot,Ashdod(N),,1.4,,FALSE,,FALSE,,FALSE,,26,,,,,,,,,,,,,,,,,,,,,,,,,,,,,,,,,,,,,FALSE,,,,,7,,,,,FALSE,,,,,,,,,,
27,,,,,2001,10,14,Sharot,,,3,,FALSE,bat yam S,FALSE,,FALSE,,27,,,,,,,,,,,,,,,,,,,,,,,,,,,,,,,,,,,,,FALSE,,,,,5,,,,,FALSE,,,,,,,,,,
28,,,,,2001,10,14,Sharot,Ashdod(S),,1.4,,FALSE,,FALSE,,FALSE,,28,,,,,,,,5,,,,,,,5,,,,,,,,,,,,,,,,,,,,,,FALSE,,,,,,,,,,FALSE,,,,,,,,,,
29,02,00,06,30,2001,10,15,Sharot,Ashdod(S),13,,,FALSE,,FALSE,,FALSE,,29,,,,,,,,2,,,,,,,2,,,,,,,,,,,,,,,,,,,,,,FALSE,,,,,,,,,,FALSE,,,,,,,,,,
30,10,30,14,00,2001,10,15,Sharot,Katza,27,,,FALSE,,FALSE,,FALSE,,30,,,,,,,,,,,,,,,,,,,,,,,,,,,,,10,,,,,,,,FALSE,,,,,10,,,,,FALSE,,,,,,,,,,
31,,,,,2001,10,21,zion,Ashdod(N),41,,,FALSE,,FALSE,,FALSE,,31,,,,,,,,,,,,,,,,,,,,,,,,,,,,,8,,,,,,,,FALSE,,,,,,,,,,FALSE,,,,,,,,,,
32,,,,,2001,10,21,zion,,48,,night,TRUE,,FALSE,,FALSE,,32,,,,,,,,,,,,,,,90 Kg,,,,,,,,,,,,,,,,,,,,,,FALSE,,,,,,,,,,FALSE,,,,,,,,,,
33,09,00,12,30,2001,10,22,Levi,,42,,,FALSE,kor N,FALSE,,FALSE,,33,,,,,,,,,,,,,,,,3,,,,,,,,,,,,,4,,,,,,,,FALSE,,,,,,,,,,FALSE,,,,,,,,,,
34,13,30,17,30,2001,10,22,Levi,Tel Aviv,52,,,FALSE,,FALSE,,FALSE,,34,,,,,,,,1,,,,,,,2,,,,,,,,,,,,,,1,,,,,,,,FALSE,,,,,,,,,,FALSE,,,,,,,,,,
35,18,00,00,00,2001,10,22,Levi,Falick,52,,,FALSE,,FALSE,,FALSE,,35,,,,,,,,,,,,,,,40 Kg,,,,,,,,,,,,,,,,,,,,,,FALSE,,,,,,,,,,FALSE,,,,,,,,,,
36,06,30,10,45,2001,10,23,Levi,,42,,,FALSE,nitzanim N,FALSE,,FALSE,,36,,,,,,,,,,2 S+2 M+,,,,,,,,,,,,,,,,,,,5,,,,,,,,FALSE,,,,,,,,,,FALSE,,,,,,,,,,
37,11,15,15,20,2001,10,23,Levi,,42,,,FALSE,rishon N,FALSE,,FALSE,,37,,,,,,,,,,1 M+,,,,,,,,,,,,,,,,,1,2,3.5,,,,,,,2 M+2 L+,FALSE,,,,,,,,,,FALSE,,,,,,,,,,
38,16,00,20,00,2001,10,23,Levi,,42,,,FALSE,herzelia N,FALSE,,FALSE,,38,,,,,,,,,,,,,,,1,2,,,,,,,,,,,,,1,,,,,,,,FALSE,,1 Ind,,,,,,,,FALSE,,,,,,,,,,
39,06,30,09,45,2001,10,24,Levi,Ashdod(N),30,,,FALSE,,FALSE,30,FALSE,,39,,,,,,,,1,,,,,,,,,,1 B+,,,1 L+,1 B+,,,,,,,,,,,,,,,FALSE,,0.5,,,,,,,,FALSE,,,,,,,,,,
40,10,30,14,00,2001,10,24,Levi,Jaffa,40,,,FALSE,,FALSE,3,FALSE,,40,,,,,,,,,,,,,1 Ind,,,6,,,,,,,,,,,,,4,,,,,,,,FALSE,the intias 50 Kg,,,,,,,,,FALSE,,,,,,,,,,
41,14,30,18,00,2001,10,24,Levi,,40,,,FALSE,gaash S,FALSE,2.8,FALSE,,41,,,,,,,,,,,,,,,0.5,4,,,,,,,,,0.5,,,,2.5,,,,,,,,FALSE,,,,,,,,,,FALSE,,,,,,,,,,
42,06,30,11,00,2001,10,25,Levi,Ashdod(N),42,,,FALSE,,FALSE,,FALSE,,42,,,,,,,,,,,,,,,,5,,,,,,,,,,,,,2.5,,,,,,,,FALSE,,,,,,,,,,FALSE,,,,,,,,,,
43,12,30,17,00,2001,10,25,Levi,,42,,,FALSE,hertzelia N,FALSE,,FALSE,,43,,,,,,,,,,,,,,,,13,,,,,,,,,,,,,4,,,,,,,,FALSE,lavan- (Trulus scomber sardin gerbida),1 Ind,,,,,,,,FALSE,,,,,,,,,,
44,18,00,14,00,2001,10,25,Levi,,55,,,FALSE,michmoret S,FALSE,,FALSE,,44,,,,,,,,,,,,,,,100 Kg,,,,,,,,,,,,,,,,,,,,,,FALSE,,,,,,,,,,FALSE,,,,,,,,,,
45,09,30,14,00,2001,10,26,Levi,Ashdod(N),42,,,FALSE,,FALSE,,FALSE,,45,,,,,,,,2,,,,,3 Ind,,,7,,,,,,,,,,,,,4,,,,,,,,FALSE,,,,,,,,,,FALSE,,,,,,,,,,
46,14,45,20,00,2001,10,26,Levi,Tel Aviv,42,,,FALSE,,FALSE,,FALSE,,46,,,,,,,,,,,,,,,20 Kg,6,,,,,,,,,1,,,2,,,,,,,,,FALSE,,1 Ind,,,,,,,,FALSE,,,,,,,,,,
47,21,00,05,30,2001,10,26,Levi,Hadera,54,,,FALSE,,FALSE,,FALSE,,47,,,,,,,,,,,,,,,70 Kg,,,,,,,,,,,,,,,,,,,,,,FALSE,,,,,,,,,,FALSE,,,,,,,,,,
48,07,45,12,15,2001,10,27,Levi,,42,,,FALSE,rishon N,FALSE,,FALSE,,48,,,,,,,,1,,,,,,,,8,,,,,,,,,,,,,3,,,,,,,,FALSE,,,,,,,,,,FALSE,,,,,,,,,,
49,12,45,17,00,2001,10,27,Levi,Falick,24,,,FALSE,,FALSE,,FALSE,,49,,,,,,,,2,,,,,,,,,,,,,,2,,,,,,,2,,,,,,,,FALSE,,,,,,,,,,FALSE,,,,,,,,,,
50,18,00,05,00,2001,10,27,Levi,Hadera,54,,,FALSE,,FALSE,,FALSE,,50,,,,,,,,,,,,,,,100 Kg,,,,,,,,,,,,,,,,,,,,,,FALSE,,,,,,,,,,FALSE,,,,,,,,,,
51,06,00,10,30,2001,10,28,Levi,,42,,,FALSE,rishon S,FALSE,2.5,FALSE,,51,,,,,,,,,,,,,,,,9,,,,,,,,,,,,,8,,,,,,,,FALSE,,,,,,,,,,FALSE,,,,,,,,,,
52,11,00,15,30,2001,10,28,Levi,Ashdod(S),42,,,FALSE,,FALSE,,FALSE,,52,,,,,,,,,,,,,,,,2,,,,,,,,,,,,,2,,,,,,,,FALSE,,2 Ind,,,,,,,,FALSE,,,,,,,,,,
53,16,00,22,00,2001,10,28,Levi,Ashdod(S),44,,,FALSE,,FALSE,,FALSE,,53,,,,,,,,,,,,,,,15 Kg,2,,,,1 Ind,,,,,,,,,1,,,,,,,,FALSE,,1 Ind,,,,,,,,FALSE,,,,,,,,,,
54,23,00,03,30,2001,10,28,Levi,Ashdod(N),45,,,FALSE,,FALSE,,FALSE,,54,,,,,,,,2,,,,,,,15 Kg,,,,,,,,,,,,,,,,,,,,,,FALSE,,,,,,,,,,FALSE,,,,,,,,,,
55,,,,,2001,11,1,shrot,Falick,,4,,FALSE,,FALSE,,FALSE,,55,,,,,,,,,,,,,,,,,,,,,,,,,,,,,,,,,,,,,FALSE,,,,,10,,,,,FALSE,,,,,,,,,,
56,,,,,2001,11,1,shrot,Jaffa,,3.4,,FALSE,,FALSE,,FALSE,,56,,,,,,,,,,,,,,,,,,,,,,,,,,,,,,,,,,,,,FALSE,,,,,5,,,,,FALSE,,,,,,,,,,
57,,,,,2001,11,1,shrot,Ashdod(N),,1.4,,FALSE,,FALSE,,FALSE,,57,,,,,,,,,,,,,,,,,,,,,,,,,,,,,,,,,,,,,FALSE,,,,,50 Kg,,,,,FALSE,,,,,,,,,,
58,,,,,2001,11,1,shrot,Ashdod(S),12,,,FALSE,,FALSE,,FALSE,,58,,,,,,,,,,,,,,,,,,,,,,,,,,,,,,,,,,,,,FALSE,,,,,50 Kg,,,,,FALSE,,,,,,,,,,
59,,,,,2001,11,2,shrot,Ashdod(N),,1.4,,FALSE,,FALSE,,FALSE,,59,,,,,,,,,,,,,,,,,,,,,,,,,,,,,,,,,,,,,FALSE,,,,,10,,,,,FALSE,,,,,,,,,,
60,,,,,2001,11,2,shrot,Ashdod(S),12,,,FALSE,,FALSE,,FALSE,,60,,,,,,,,,10,,,,,,,,,,,,,,,,,,,,,,,,,,,,FALSE,,,,,,,,,,FALSE,,,,,,,,,,
61,,,,,2001,11,02,shrot,Ashdod(S),12,,,FALSE,,FALSE,,FALSE,,61,,,,,,,,,5,,,,,,,,,,,,,,,,,,,,,,,,,,,,FALSE,,,,,,,,,,FALSE,,,,,,,,,,
62,,,,,2001,11,4,shrot,Ashdod(S),,,,FALSE,,FALSE,,FALSE,,62,,,,,,,,,12,,,,,,,,,,,,,,,,,,,,,,,,,,,,FALSE,,,,,,,,,,FALSE,,,,,,,,,,
63,10,30,14,30,2001,11,05,Levi,Ashdod(S),,2.2,,FALSE,,FALSE,,FALSE,,63,,,,,,,,2,,,,,,,1,,,,,,3,,,,,,,,,,,,1,,,,FALSE,,,,,,,,,,FALSE,,,,,,,,,,
64,15,00,17,30,2001,11,05,Levi,Ashdod(S),12,2.2,,FALSE,,FALSE,,FALSE,,64,,,,,1,,1.5,1,2,,,,,,2,2,,,,,1,,,,,,,,2.5,,,,,,1,,FALSE,,,,,,,,,,FALSE,,,,,,,,,,
65,18,15,24,60,2001,11,05,Levi,Ashdod(S),13,,,FALSE,,FALSE,,FALSE,,65,,,,,,,,,10,,,,,,,,,,,,,,,,,,,,,,,,,,,,FALSE,,,,,,,,,,FALSE,,,,,,,,,,
66,01,00,06,00,2001,11,05,Levi,Ashdod(S),13,,,FALSE,,FALSE,,FALSE,,66,,,,,,,,,7,,,,,,,,,,,,,,,,,,,,,,,,,,,,FALSE,,,,,,,,,,FALSE,,,,,,,,,,
67,07,00,10,45,2001,11,06,Levi,Ashdod(N),,1.9,,FALSE,,FALSE,,TRUE,,67,,,,,,,,,,,,,,,,,,,,,,,,,,,,,,,,,,,,,FALSE,,,,,,,,,,FALSE,,,,,,,,,,
68,11,30,16,00,2001,11,6,Levi,Jaffa,,2.5,,FALSE,,FALSE,,TRUE,,68,,,,,,,,,,,,,,,,25,,,,,,,,,,,,,,,,,,,,,FALSE,,,,,,,,,,FALSE,,,,,,,,,,
69,20,30,01,30,2001,11,6,Levi,Ashdod(S),12,,,FALSE,,FALSE,,FALSE,,69,,,,,,,,,6,,,,,,,,,,,,,,,,,,,,,,,,,,,,FALSE,,,,,,,,,,FALSE,,,,,,,,,,
70,08,45,13,00,2001,11,07,Levi,Ashdod(S),39,,,FALSE,,FALSE,,FALSE,,70,,,,,,,,,,,,,,,,16,,,,,,,,,,,,,6,,,,,,,,FALSE,"what is ""lavan lo yaffe""?",,,,,,,,,FALSE,,,,,,,,,,
71,13,30,18,00,2001,11,07,Levi,Jaffa,39,,,FALSE,,FALSE,,FALSE,,71,,,,,,,,2.5,,,,,,,,,,,,,,,,,,,,,2.5,,,,,,,,FALSE,,,,,,,,,,FALSE,,,,,,,,,,
72,19,30,01,00,2001,11,07,Levi,,13,,,FALSE,,FALSE,,FALSE,,72,,,,,,,,,100 Kg,,,,,,,,,,,,,,,,,,,,,,,,,,,,FALSE,,,,,,,,,,FALSE,,,,,,,,,,
73,01,30,06,00,2001,11,07,Levi,Katza,13,,,FALSE,,FALSE,,FALSE,,73,,,,,,,,,70 Kg,,,,,,,,,,,,,,,,,,,,,,,,,,,,FALSE,,,,,,,,,,FALSE,,,,,,,,,,
74,07,15,12,00,2001,11,08,Levi,Ashdod(S),34,,,FALSE,,FALSE,,FALSE,,74,,,,,,,,1,,,,,,,,,,,,,,7,,,,,,,1,,,,,,,,FALSE,,,,,,,,,,FALSE,,,,,,,,,,
75,13,00,17,00,2001,11,08,Levi,,42,,,FALSE,gazza N,FALSE,,FALSE,,75,,,,,,,,1,,,,,,,,,,,,,,,,,,,,,3,,1,,,,,,FALSE,,,,,,,,,,FALSE,,,,,,,,,,
76,19,00,02,00,2001,11,08,Levi,Ashdod(S),13,,,FALSE,,FALSE,,FALSE,,76,,,,,,,,,12,,,,,,,,,,,,,,,,,,,,,,,,,,,,FALSE,,,,,,,,,,FALSE,,,,,,,,,,
77,17,00,24,00,2001,11,09,Levi,Ashdod(S),14,,,FALSE,,FALSE,,FALSE,,77,,,,,,,,,8,,,,,,,,,,,,,,,,,,,,,,,,,,,,FALSE,,,,,,,,,,FALSE,,,,,,,,,,
78,00,30,06,00,2001,11,09,Levi,Ashdod(S),14,,,FALSE,,FALSE,,FALSE,,78,,,,,,,,,7,,,,,,,,,,,,,,,,,,,,,,,,,,,,FALSE,,,,,,,,,,FALSE,,,,,,,,,,
79,07,00,11,00,2001,11,10,Levi,Ashdod(S),,2.2,,FALSE,,FALSE,,FALSE,,79,,,,,,,,,,,,,,,,,,,,,,,,,,,,,,,,,,,,,FALSE,,,,,8,,,,,FALSE,,,,,,,,,,
80,12,00,16,45,2001,11,10,Levi,Ashdod(N),,2.5,,FALSE,,FALSE,,FALSE,,80,,,,,,,,,,,,,,,,,,,,,,,,,,,,,,,,,,,,,FALSE,mostly sardins,,,,10,,,,,FALSE,,,,,,,,,,
81,17,30,24,00,2001,11,10,Levi,Ashdod(S),14,,,FALSE,,FALSE,,FALSE,,81,,,,,,,,,8,,,,,,,,,,,,,,,,,,,,,,,,,,,,FALSE,,,,,,,,,,FALSE,,,,,,,,,,
82,00,30,06,00,2001,11,10,Levi,Ashdod(S),,,,FALSE,,FALSE,,FALSE,,82,,,,,,,,,6,,,,,,,,,,,,,,,,,,,,,,,,,,,,FALSE,,,,,,,,,,FALSE,,,,,,,,,,
83,06,30,10,30,2001,11,11,Levi,,,1.4,,FALSE,,FALSE,,FALSE,,83,,,,,,,,1,,,,,1,,2,,,,,,4,3,,,,,,,6,,,,,,,,FALSE,,,,,,,,,,FALSE,,,,,,,,,,
84,11,00,14,30,2001,11,11,Levi,Ashdod(S),,1.4,,FALSE,,FALSE,,FALSE,,84,,,,,,,,1,,,,,,,2,,,,,,4,8,,,,,,,,,,,,,,,FALSE,,,,,,,,,,FALSE,,,,,,,,,,
85,15,00,,,2001,11,11,Levi,Ashdod(S),,1.6,,FALSE,,FALSE,,FALSE,,85,,,,,,,,3,2,,,,,,,,,,,,,,,,,,,,,,,,,,,,FALSE,,,,,,,,,,FALSE,,,,,,,,,,
86,,,,,2001,11,17,,,,,,FALSE,,TRUE,,FALSE,,86,,,,,,,,,,,,,,,,,,,,,,,,,,,,,,,,,,,,,FALSE,,,,,,,,,,FALSE,,,,,,,,,,
87,,,,,2001,11,18,,,,,,FALSE,,TRUE,,FALSE,,87,,,,,,,,,,,,,,,,,,,,,,,,,,,,,,,,,,,,,FALSE,,,,,,,,,,FALSE,,,,,,,,,,
88,,,,,2001,11,19,Sharot,Ashdod(S),,1.4,,FALSE,,FALSE,,FALSE,,88,,,,,,,,,1,,,,,,2,,,,,,,,,,,,,,1.5,,,,,,,,FALSE,,,,,,,,,,FALSE,,,,,,,,,,
89,,,,,2001,11,19,Sharot,Ashdod(S),,1.4,,FALSE,,FALSE,,FALSE,gambari,89,,,,,,,,,2.5,,,,,,1,,,,,,,,,,,,,,2,,,,,,,,FALSE,,,,,,,,,,FALSE,,,,,,,,,,
90,,,,,2001,11,19,Sharot,Ashdod(S),,1,,FALSE,,FALSE,,FALSE,,90,,,,,,,,,4,,,,,,,,,,,,,,,,,,,,1,,,,,,,,FALSE,,,,,,,,,,FALSE,,,,,,,,,,
91,,,,,2001,11,19,Sharot,Ashdod(S),,1.4,,FALSE,,FALSE,,FALSE,,91,,,,,,,,,3,,,,,,,,,,,,,,,,,,,,1.5,,,,,,,,FALSE,,,,,,,,,,FALSE,,,,,,,,,,
92,,,,,2001,11,20,Sharot,Ashdod(S),,1.4,,FALSE,,FALSE,,FALSE,gambari,92,,,,,,,,,,,,,,,2,1,,,,,1,,,,,,,,,,,,,,,,FALSE,,,,,,,,,,FALSE,,,,,,,,,,
93,,,,,2001,11,20,Sharot,Ashdod(S),50,,,FALSE,,FALSE,,FALSE,,93,,,,,,,,,,,,,,,,1,,,,,,,,,,,,1,1,,,,,,,,FALSE,,,,,,,,,,FALSE,,,,,,,,,,
94,,,,,2001,11,20,Sharot,Ashdod(S),8,,,FALSE,,FALSE,,FALSE,,94,,,,,,,,,,,,,,,,,,,,,,,,,,,,,,,,,,,,,FALSE,,,,,4,,,,,FALSE,,,,,,,,,,
95,,,,,2001,11,20,Sharot,Ashdod(S),,1.6,,FALSE,,FALSE,,FALSE,,95,,,,,,,,,,,,,,,,,,,,,,,,,,,,,,,,,,,,,FALSE,,,,,3,,,,,FALSE,,,,,,,,,,
96,,,,,2001,11,21,Sharot,Ashdod(S),27,,,FALSE,,FALSE,,FALSE,,96,,,,,,,,,,,,,,,,,,,,,,,,,,,,,,,,,,,,,FALSE,,,,,25,,,,,FALSE,,,,,,,,,,
97,19,00,,,2001,11,22,Sharot,Ashdod(S),,,,FALSE,,FALSE,,FALSE,,97,,,,,,,,,,,,,,,,,,,,,,,,,,,,,,,,,,,,,FALSE,,,,,80 Kg,,,,,FALSE,,,,,,,,,,
98,07,30,12,00,2001,11,23,Sharot,Katza,27,,,FALSE,,FALSE,,FALSE,,98,,,,,,,,,,,1,1,,,5,3,,2,,,21,7,,,1,,,,3,,,,,,,,FALSE,,,,,,,,,,FALSE,,,,,,,,,,
99,12,30,17,00,2001,11,23,Sharot,Ashdod(S),27,,,FALSE,,FALSE,,FALSE,,99,,,,,,,,,,,,,,,,,,,,,,,,,,,,,,,,,,,,,FALSE,,,,,25,,,,,FALSE,,,,,,,,,,
100,,,,,2001,11,23,Sharot,Ashdod(S),,,night,TRUE,,FALSE,,FALSE,,100,,,,,,,,,,,,,,,,,,,,,,,,,,,,,,,,,,,,,FALSE,,,,,5,,,,,FALSE,,,,,,,,,,
101,07,00,11,30,2001,11,24,Sharot,Katza,27,,,FALSE,,FALSE,,FALSE,,101,,,,,,,,,,,,,,,,,,,,,,,,,,,,,,,,,,,,,FALSE,,,,,25,,,,,FALSE,,,,,,,,,,
102,12,00,16,30,2001,11,24,Sharot,Ashdod(S),,,,FALSE,,FALSE,,FALSE,,102,,,,,,,,,,,,,,,,,,,,,,,,,,,,,,,,,,,,,FALSE,,,,,25,,,,,FALSE,,,,,,,,,,
103,,,,,2001,11,24,Sharot,Ashdod(S),,1.4,night,TRUE,,FALSE,,FALSE,,103,,,,,,,,,,,,,,,,,,,,,,,,,,,,,,,,,,,,,FALSE,,,,,7,,,,,FALSE,,,,,,,,,,
104,,,,,2001,11,30,Sharot,,,,,FALSE,,TRUE,,FALSE,,104,,,,,,,,,,,,,,,,,,,,,,,,,,,,,,,,,,,,,FALSE,,,,,,,,,,FALSE,,,,,,,,,,
105,,,,,2001,12,01,,,,,,FALSE,,TRUE,,FALSE,,105,,,,,,,,,,,,,,,,,,,,,,,,,,,,,,,,,,,,,FALSE,,,,,,,,,,FALSE,,,,,,,,,,
106,,,,,2001,12,02,,,,,,FALSE,,TRUE,,FALSE,,106,,,,,,,,,,,,,,,,,,,,,,,,,,,,,,,,,,,,,FALSE,,,,,,,,,,FALSE,,,,,,,,,,
107,,,,,2001,12,03,,,,,,FALSE,,TRUE,,FALSE,,107,,,,,,,,,,,,,,,,,,,,,,,,,,,,,,,,,,,,,FALSE,,,,,,,,,,FALSE,,,,,,,,,,
108,,,,,2001,12,04,,,,,,FALSE,,TRUE,,FALSE,,108,,,,,,,,,,,,,,,,,,,,,,,,,,,,,,,,,,,,,FALSE,,,,,,,,,,FALSE,,,,,,,,,,
109,19,00,02,30,2001,12,05,Levi,Ashdod(S),13,,,FALSE,,TRUE,,FALSE,,109,,,,,1,,,,5.5,,,,,,2,4,,,,,,,,,,,,,2,,,,,,,,FALSE,,,,,,,,,,FALSE,,,,,,,,,,
110,16,00,18,00,2001,12,06,Levi,Ashdod(S),,1.6,,FALSE,,TRUE,,FALSE,,110,,,,,,,,,,,,,,,3,2,,,,,,,,,,,,,,,,,,,,,FALSE,,,,,,,,,,FALSE,,,,,,,,,,
111,18,30,01,00,2001,12,06,Levi,Ashdod(S),12,,,FALSE,,FALSE,,TRUE,,111,,,,,,,,2,3,,,,,,,,,,,,,,,,,,,,,,,,,,,,FALSE,,,,,,,,,,FALSE,,,,,,,,,,
112,01,30,06,00,2001,12,06,Levi,,12,1.4,,FALSE,,FALSE,,TRUE,,112,,,,,,,,2,2,,,,,,,,,,,,,,,,,,,,,,,,,,,,FALSE,,,,,,,,,,FALSE,,,,,,,,,,
113,09,00,19,00,2001,12,07,Levi,Ashdod(N),42,,,FALSE,,FALSE,,FALSE,,113,,,,,,,,2,,,,,,,2,3 B+,,,,,,,,,1,,,,4,,,,,,,,FALSE,,,,,,,,,,FALSE,,,,,,,,,,
114,19,30,17,30,2001,12,07,Levi,Ashdod(S),42,,against the sea,FALSE,,FALSE,,FALSE,,114,,,,,,,,,,,,,,,2,2,,,,,,,,,1,,,,2,,,,,,,,FALSE,,,,,,,,,,FALSE,,,,,,,,,,
115,19,00,01,00,2001,12,07,Levi,Ashdod(N),9,,,FALSE,,FALSE,,FALSE,,115,,,,,2,,,,,,,,,,,,,,,,,,,,,3,,,,,,,,,2,,FALSE,,,,,,1,,,,FALSE,,,,,,,,,,
116,01,30,06,00,2001,12,07,Levi,Ashdod(N),9,,,FALSE,,FALSE,,FALSE,,116,,,,,,,,,,,,,,,,,,,,,,,,,,,,,,,,,,,,,FALSE,,,,,20 Kg,,,,,FALSE,,,,,,,,,,
117,07,00,11,30,2001,12,08,Levi,Ashdod(S),27,,,FALSE,,FALSE,2.1,TRUE,,117,,,,,,,,,,,,,,,2,4,,2,,,,4,,,,,,,,,,,,,,,FALSE,,,,,,,,,,FALSE,,,,,,,,,,
118,02,00,06,00,2001,12,08,Levi,,,1.4,tonis,FALSE,,FALSE,,FALSE,,118,,,,,,,,,,,,,,,,,,,,,,,,,,,,,,,,,,,,,FALSE,,,,,35 Kg,,,,,FALSE,,,,,,,,,,
119,07,00,10,30,2001,12,09,Levi,Ashdod(N),,2.5,,FALSE,,FALSE,,FALSE,,119,,,,,,,,,,,,,,,1,19 M+,,,,,,,,,,,,,,,,,,,,,FALSE,,,,,,,,,,FALSE,,,,,,,,,,
120,11,30,15,30,2001,12,09,Levi,Tel Aviv,,2,,FALSE,,FALSE,,FALSE,,120,,,,,,,,,,,,,,,2,1,,12 S+,,,,,,,,,,,2,,,,,,,,FALSE,,,,,,,,,,FALSE,,,,,,,,,,
121,16,00,18,30,2001,12,09,Levi,Ashdod(S),8,,,FALSE,,FALSE,,FALSE,,121,,,,,,,,,,,,,,,,,,,,,,,,,,,,,,,,,,,,,FALSE,Nice saragus,,,,15,,,,,FALSE,,,,,,,,,,
122,07,30,12,00,2001,12,10,Sharot,Ashdod(S),27,,,FALSE,,FALSE,,FALSE,,122,,,,,,,,,,,,,,,2,3,,,,,1,6,,,,,,,1,,,,,,,,FALSE,,,,,,,,,,FALSE,,,,,,,,,,
123,12,30,17,00,2001,12,10,Sharot,Katza,27,,,FALSE,,FALSE,,FALSE,,123,,,,,,,,1,,,1,,,,,3,,,,,,2,,,,,,,,,,,,,,,FALSE,,,,,,,,,,FALSE,,,,,,,,,,
124,,,,,2001,12,10,Sharot,Ashdod(S),,,night,TRUE,,FALSE,,FALSE,,124,,,,,,,,,,,,,,,,,,,,,,,,,,,,,,,,,,,,,FALSE,,,,,70 Kg,,,,,FALSE,,,,,,,,,,
125,,,,,2001,12,11,Sharot,Ashdod(S),27,,,FALSE,,FALSE,,FALSE,,125,,,,,,,,,,,,,,,,,,,,,,,,,,,,,,,,,,,,,FALSE,,,,,12,,,,,FALSE,,,,,,,,,,
126,,,,,2001,12,11,Sharot,Katza,42,,,FALSE,,FALSE,,FALSE,,126,,,,,,,,,,,,,,,,,,,,,,,,,,,,,,,,,,,,,FALSE,,2 Ind,,,8,,,,,FALSE,,,,,,,,,,
127,,,,,2001,12,11,Sharot,Ashdod(S),7,,night,TRUE,,FALSE,,FALSE,,127,,,,,,,,,,,,,,,,,,,,,,,,,,,,,,,,,,,,,FALSE,,,,,60 Kg,,,,,FALSE,,,,,,,,,,
128,,,,,2001,12,12,Sharot,Ashdod(S),50,,,FALSE,,FALSE,,FALSE,,128,,,,,,,,,,,,,,,2,2 S+1 M+,,,,,,,,,,,,,3.5,,,,,,,,FALSE,,,,,,,,,,FALSE,,,,,,,,,,
129,,,,,2001,12,12,Sharot,,46,,zikim,FALSE,,FALSE,,FALSE,,129,,,,,,,,,,,,,,,2,2 S+1 M+,,,,,,,,,,,,,3,,,,,,,,FALSE,,,,,,,,,,FALSE,,,,,,,,,,
130,,,,,2001,12,13,Sharot,Katza,50,,,FALSE,,FALSE,,FALSE,,130,,,,,,,,,,,,,,,,,,,,,,,,,,,,,,,,,,,,,FALSE,,,,,5,,,,,FALSE,,,,,,,,,,
131,,,,,2001,12,13,Sharot,Ashdod(N),,2.5,,FALSE,,FALSE,,FALSE,,131,,,,,,,,,,,,,,,,,,,,,,,,,,,,,,,,,,,,,FALSE,,,,,10,,,,,FALSE,,,,,,,,,,
132,,,,,2001,12,13,Sharot,,12,,,FALSE,,FALSE,,FALSE,,132,,,,,,,,,7,,,,,,,,,,,,,,,,,,,,,,,,,,,,FALSE,,,,,,,,,,FALSE,,,,,,,,,,
133,,,,,2001,12,20,,,,,,FALSE,,TRUE,,FALSE,,133,,,,,,,,,,,,,,,,,,,,,,,,,,,,,,,,,,,,,FALSE,,,,,,,,,,FALSE,,,,,,,,,,
134,15,00,18,00,2001,12,24,Levi,,42,,Rishon,FALSE,,FALSE,,FALSE,,134,,,,,,,,1,,,,,,,1,,,,,,,,,,2,,,,1,,,,,,,,FALSE,,1 Ind,,,,,,,,FALSE,,,,,,,,,,
135,19,00,05,30,2001,12,24,Levi,Ashdod(S),10,,,FALSE,,FALSE,,FALSE,,135,,,,,,,,,,,,,,,,,,,,,,,,,,,,,,,,,,,,,FALSE,,,,,50 Kg,,,,,FALSE,,,,,,,,,,
136,07,00,11,30,2001,12,25,Levi,Katza,42,,,FALSE,,FALSE,,FALSE,,136,,,,,,,,,,,,,,,1,1,,,,,,,,,1,,,,2,,,,,,,,FALSE,,,,,,,,,,FALSE,,,,,,,,,,
137,12,30,17,00,2001,12,25,Levi,Ashdod(N),50,,,FALSE,,FALSE,,FALSE,,137,,,,,,,,,,,,,,,2,2,,,,,,1,,,2,,,,2,,,,,,,,FALSE,,,,,,,,,,FALSE,,,,,,,,,,
138,18,30,24,00,2001,12,25,Levi,Falick,12,,,FALSE,,FALSE,,FALSE,,138,,,,,,,,,5,,,,,,,,,,,,,,,,,,,,,,,,,,,,FALSE,,,,,,,,,,FALSE,,,,,,,,,,
139,01,00,06,00,2001,12,25,Levi,Falick,13,,,FALSE,,FALSE,,FALSE,,139,,,,,,,,,6,,,,,,,,,,,,,,,,,,,,,,,,,,,,FALSE,,,,,,,,,,FALSE,,,,,,,,,,
140,07,30,09,00,2001,12,26,Levi,Tel Aviv,,,,FALSE,,FALSE,,FALSE,,140,,,,,,,,,,,,,,,2,,,,,,,,,,,,,,,,,,,,,,FALSE,,,,,,,,,,FALSE,,,,,,,,,,
141,10,00,14,00,2001,12,26,Levi,,,4,,FALSE,Herzelia,FALSE,,FALSE,,141,,,,,,,,0.5,,,,,,,2,2,,,,,,6,,,,,,,,,,,,,,,FALSE,,0.5,,,,,,,,FALSE,,,,,,,,,,
142,14,30,18,00,2001,12,26,Levi,,,4,,FALSE,Palmachim,FALSE,,FALSE,,142,,,,,,,,2,,,,,,,,,,,,,,3,,,,,,,,,,,,,,,FALSE,,,,,,,,,,FALSE,,,,,,,,,,
143,19,00,24,00,2001,12,26,Levi,,10,,,FALSE,,FALSE,,FALSE,Bank,143,,,,,,,,,,,,,,,,,,,,,,,,,,,,,,,,,,,,,FALSE,,,,,25 Kg,,,,,FALSE,,,,,,,,,,
144,00,30,06,00,2001,12,26,Levi,,16,,,FALSE,Bank,FALSE,,FALSE,,144,,,,,,,,,,,,,,,,,,,,,,,,,,,,,,,,,,,,,FALSE,,,,,100 Kg,,,,,FALSE,,,,,,,,,,
145,07,30,11,30,2001,12,27,Levi,Falick,27,,,FALSE,,FALSE,,FALSE,,145,,,,,,,,2,,,,,,,,,,,,,,4,,,,,,,1,,,,,,,,FALSE,,,,,,,,,,FALSE,,,,,,,,,,
146,12,30,18,00,2001,12,27,Levi,Hadera,42,,,FALSE,,FALSE,,FALSE,,146,,,,,,,,,,,,,,,2,1,,,,,,6,,,,,,,1,,,,,,,,FALSE,,,,,,,,,,FALSE,,,,,,,,,,
147,19,30,01,30,2001,12,27,Levi,Tel Aviv,16,,,FALSE,,FALSE,,FALSE,,147,,,,,,,,,6 B+5 S+,,,,,,,,,,,,,,,,,,,,,,,,,,,,FALSE,120kg gambari,,,,,,,,,FALSE,,,,,,,,,,
148,08,00,12,00,2001,12,28,Levi,Ashdod(S),,4,,FALSE,,FALSE,,FALSE,,148,,,,,,,,2,,,,,,,,,,,,,,2,,,,,,,,,,,,,,,FALSE,,,,,,,,,,FALSE,,,,,,,,,,
149,13,30,17,30,2001,12,28,Levi,Katza,32,,,FALSE,,FALSE,,FALSE,,149,,,,,,,,1,,,,,,,1,3 S+,,1,,,,5,,,,,,,5,,,,,,,,FALSE,,0.5,,,,,,,,FALSE,,,,,,,,,,
150,18,00,24,00,2001,12,28,Levi,Ashdod(S),16,,,FALSE,,FALSE,,FALSE,,150,,,,,,,,,,,,,,,,,,,,,,,,,,,,,,,,,,,,,FALSE,,,,,20 Kg,,,,,FALSE,,,,,,,,,,
151,01,00,06,00,2001,12,28,Levi,Ashdod(S),9,,,FALSE,,FALSE,,FALSE,,151,,,,,,,,,,,,,,,,,,,,,,,,,,,,,,,,,,,,,FALSE,,,,,15 Kg,,,,,FALSE,,,,,,,,,,
152,08,30,12,30,2001,12,29,Levi,Katza,32,,,FALSE,,FALSE,,FALSE,,152,,,,,,,,1,,,,,,,1,2,,,,,,6 B+,,,,,,,5,,,,,,,,FALSE,,1 Kg,,,,,,,,FALSE,,,,,,,,,,
153,13,30,18,00,2001,12,29,Levi,Ashdod(S),32,,,FALSE,,FALSE,,FALSE,,153,,,,,,,,1,,,,,,,1,,,,,,,2,,,,,,,2,,,,,,,,FALSE,,,,,,,,,,FALSE,,,,,,,,,,
154,19,00,01,30,2001,12,29,Levi,Katza,42,,,FALSE,,FALSE,,FALSE,,154,,,,,,,,,,,,,,,3,,,,,,,,,,,,,,1,,,,,,,,FALSE,,1 Ind,,,,,,,,FALSE,,,,,,,,,,
155,02,00,08,15,2001,12,30,Levi,,32,,,FALSE,Kor,FALSE,,FALSE,,155,,,,,,,,1,,,,,,,1,1,,,,,,1,,,,,,,3 M+,,,,,,,,FALSE,,,,,,,,,,FALSE,,,,,,,,,,
156,09,00,14,00,2001,12,30,Levi,Katza,32,,,FALSE,,FALSE,,FALSE,,156,,,,,,,,,,,,,,,2,2,,,,,,3,,,,,,,2.5,,,,,,,,FALSE,,,,,,,,,,FALSE,,,,,,,,,,
157,14,30,18,30,2001,12,30,Levi,Ashdod(N),34,,,FALSE,,FALSE,,FALSE,,157,,,,,,,,,,,,,,,4,2,,,,,,,,,,,,,,,,,,,,,FALSE,,,,,,,,,,FALSE,,,,,,,,,,
158,19,30,03,30,2001,12,30,Levi,Ashdod(N),,1.4,,FALSE,,FALSE,,FALSE,,158,,,,,,,,,,,,,,,,,,,,,,,,,,,,,,,,,,,,,FALSE,,,,,30 Kg,,,,,FALSE,,,,,,,,,,
159,21,00,02,30,2002,01,01,Sharot,Ashdod(S),82,,,FALSE,,FALSE,,FALSE,,159,,,,,,,,,,,,,,,3,1,,,,,,,,,,,,,,,,,,,,,FALSE,,,,,,,,,,FALSE,,,,,,,,,,
160,03,30,,,2002,01,02,Sharot,,46,,,FALSE,Hasi N,FALSE,,FALSE,,160,,,,,,,,,,,,,,,,,,,,,,,,,,,,,,,,,,,,,FALSE,,,,,5,,,,,FALSE,,,,,,,,,,
161,,,,,2002,01,02,Sharot,Ashdod(S),23,,,FALSE,,FALSE,,FALSE,,161,,,,,,,,,,,,,,,,,,,,,,,,,,,,,,,,,,,,,FALSE,,,,,5,,,,,FALSE,,,,,,,,,,
162,,,,,2002,01,08,,,,,,FALSE,,TRUE,,FALSE,,162,,,,,,,,,,,,,,,,,,,,,,,,,,,,,,,,,,,,,FALSE,,,,,,,,,,FALSE,,,,,,,,,,
163,,,,,2002,01,09,,,,,,FALSE,,TRUE,,FALSE,,163,,,,,,,,,,,,,,,,,,,,,,,,,,,,,,,,,,,,,FALSE,,,,,,,,,,FALSE,,,,,,,,,,
164,15,00,18,00,2002,01,10,Levi,Ashdod(N),8,,,FALSE,,FALSE,,FALSE,,164,,,,,,,,30,,,,,,,,,,,,,,,,,,,,,,,,,,,,,FALSE,mostly television and sardins,,,,,,,,,FALSE,,,,,,,,,,
165,19,00,03,30,2002,01,10,Levi,Ashdod(N),10,,,FALSE,,FALSE,,FALSE,,165,,,,,,,,4,25 Kg,,,,,,,,,,,,,,,,,,,,,,,,,,,,FALSE,,,,,,,,,,FALSE,,,,,,,,,,
166,07,00,11,00,2002,01,11,Levi,Ashdod(N),,2.7,,FALSE,,FALSE,,FALSE,,166,,,,,,,,,,,,,,,,,,,,,,,,,,,,,,,,,,,,,FALSE,"
Many crabs, no number of boxes",3,,,,,,,,FALSE,,,,,,,1,2,,
167,12,00,18,00,2002,01,11,Levi,Tel Aviv,30,,,FALSE,,FALSE,,FALSE,,167,,,,,,,,2,,,,,,,,,,,,,,2,,,,,,,,,,,,,,,FALSE,,,,,,,,,,FALSE,,,,,,,,,,
168,19,00,24,00,2002,01,11,Levi,Ashdod(N),17,,,FALSE,,FALSE,,FALSE,,168,,,,,,,,4,30 Kg,,,,,,,,,,,,,,,,,,,,,,,,,,,,FALSE,,,,,,,,,,FALSE,,,,,,,,,,
169,24,30,,,2002,01,11,Levi,Ashdod(N),16,,,FALSE,,FALSE,,FALSE,,169,,,,,,,,3,40 Kg,,,,,,,,,,,,,,,,,,,,,,,,,,,,FALSE,,,,,,,,,,FALSE,,,,,,,,,,
170,06,30,11,00,2002,01,13,Levi,,,2.5,,FALSE,Palmachim N,FALSE,3.3,FALSE,3b old,170,,,,,,,,3,,,,,,,8,3 B+2 S+1 M+,,3,,,,5,,,,,,,,,,,,,,,FALSE,,2,,,,,,,,FALSE,,,,,,,,,,
171,11,30,17,00,2002,01,13,Levi,,,2.5,,FALSE,Palmachim S,FALSE,,FALSE,,171,,,,,,,,2,,,,,,,6,3 S+,,,,,,3,,,,,,,,,,,,,,,FALSE,,,,,,,,,,FALSE,,,,,,,,1,,
172,18,30,,,2002,01,13,Levi,Ashdod(N),,1.6,,FALSE,,FALSE,,FALSE,,172,,,,,,,,,,,,,,,,,,,,,,,,,,,,,,,,,,,,,FALSE,,,,,30 Kg,,,,,FALSE,,,,,,,,,,
173,,,,,2002,01,20,Levi,,,,,FALSE,,FALSE,,TRUE,,173,,,,,,,,,,,,,,,,,,,,,,,,,,,,,,,,,,,,,FALSE,,,,,,,,,,FALSE,,,,,,,,,,
174,07,30,11,15,2002,01,23,Levi,Ashdod(N),,3.2,,FALSE,,FALSE,,FALSE,,174,,1.5 B+,,,,,,1,,,,,,,5,,,,,,,2,,,,,,,,,,,,,,,FALSE,,1.5,,,,,,,,FALSE,,,,,,,0.5,1,,
175,12,00,17,00,2002,01,23,Levi,Jaffa S,42,2.7,,FALSE,,FALSE,,FALSE,,175,,,2,,,,,,,,,,,,5,2 B+1 S+,,,,,,,,,1,,,,,,,,,,,,FALSE,Barbonia adoma is red soltan?,,,,,,,,,FALSE,,,,,,,,,,
176,18,30,24,00,2002,01,23,Levi,Ashdod(S),10,,,FALSE,,FALSE,,FALSE,spanish-Gambari,176,,,,,,,,,25 Kg,,,,,,,,,,,,,,,,,,,,1,,,,,,,,FALSE,,,,,,,,,,FALSE,,,,,,,,,,
177,00,30,06,00,2002,01,23,Levi,Ashdod(S),13,,,FALSE,,FALSE,,FALSE,,177,,,,,,,,,,,,,,,,,,,,,,,,,,,,,,,,,,,,,FALSE,,,,,30 Kg,,,,,FALSE,,,,,,,,,,
178,07,45,12,00,2002,01,24,Levi,Katza N,33,,,FALSE,,FALSE,2.8,FALSE,,178,,0.5,,,,,,,,,,0.5,18 Ind,,4,2 B+1 S+,,,,,,1 B+,,,,,,,1.5,,,,,,,,FALSE,,,,,,,,,,FALSE,,,,,,,,,,
179,13,00,17,30,2002,01,24,Levi,Ashdod(S),33,,,FALSE,,FALSE,,FALSE,,179,,,,,,,,1,,,,,,,5,3 B+,,,,,,,,,,,,,1,,,,,,,,FALSE,,,,,,,,,,FALSE,,,,,,,,,,
180,18,30,04,00,2002,01,24,Levi,Ashdod(S),14,,,FALSE,,FALSE,,FALSE,,180,,,,,,,,,40 Kg,,,,,,,,,,,,,,,,,,,,,,,,,,,,FALSE,,,,,,,,,,FALSE,,,,,,,,,,
181,08,00,12,00,2002,01,25,,Ashdod(N),42,,,FALSE,,FALSE,,FALSE,,181,,,,,,,,2,,,,,,,,,,,,,,,4,,,,,,,,,,,,,,FALSE,,,,,,,,,,FALSE,,,,,,,,,,
182,13,30,17,30,2002,01,25,,Tel Aviv N,,2.8,,FALSE,,FALSE,,FALSE,,182,,1,,,,,,,,,,1,,,10,2,,,,,,7,,,,,,,1,,,,,,,,FALSE,,,,,,,,,,FALSE,,,,,,,,,,
183,18,00,24,30,2002,01,25,,Falick S,16,,,FALSE,,FALSE,,FALSE,spanish-gambari,183,,,,,,,,,60 Kg,,,,,,,,,,,,,,,,,,,,,,,,,,,,FALSE,,,,,,,,,,FALSE,,,,,,,,,,
184,02,00,,,2002,01,25,,Falick S,16,,,FALSE,,FALSE,,FALSE,,184,,,,,,,,,20 Kg,,,,,,,,,,,,,,,,,,,,,,,,,,,,FALSE,,,,,,,,,,FALSE,,,,,,,,,,
185,07,00,11,00,2002,01,26,,,22,2.7,,FALSE,riding N,FALSE,,FALSE,,185,,,,,,,,1,,,1,,,,7,,,,,,,8,,,,,,,1,,,,,,,,FALSE,,,,,,,,,,FALSE,,,,,,,,,,
186,12,00,17,15,2002,01,26,,,,3,,FALSE,natanya S,FALSE,,FALSE,,186,,1,,,,,,,,,,1,,,10,1,,,,,,6,,,,,,,,,1,,,,,,FALSE,,0.5,,,,,,,,FALSE,,,,,,,,,,
187,18,00,00,00,2002,01,26,,,,1.8,,FALSE,bank,FALSE,,FALSE,gambari,187,,,,,,,,,50 Kg,,,,,,,,,,,,,1,,,,,,,,,,,,,,,FALSE,,,,,,,,,,FALSE,,,,,,,,,,
188,00,50,06,00,2002,01,26,,,,1.7,,FALSE,bank,FALSE,,FALSE,gambari,188,,,,,,,,,30 Kg,,,,,,,,,,,,,,,,,,,,,,,,,,,,FALSE,,,,,,,,,,FALSE,,,,,,,,,,
189,07,00,11,00,2002,01,27,,Ashdod(N),16,,,FALSE,,FALSE,,FALSE,,189,,,,,,,,2,,,,,,,4,3,,,,,,7,,,,,,,,,,,,,,,FALSE,,,,,,,,,,FALSE,,,,,,,,,,
190,12,00,16,30,2002,01,27,,Jaffa,,2.7,,FALSE,,FALSE,,FALSE,,190,,1.5,,,,,,,,,,1,1 Ind,,4,,,,,,,1,3,,,,,,,,,,,,,,FALSE,,,,,,,,,,FALSE,,,,,,,,0.5,,
191,17,30,03,00,2002,01,27,,Ashdod(S),,1.4,,FALSE,,FALSE,,FALSE,gambari,191,,,,,,,,,55 Kg,,,,,,,,,,,,,,,,,,,,,,,,,,,,FALSE,,,,,,,,,,FALSE,,,,,,,,,,
192,10,00,14,00,2002,02,04,Sharot,Ashdod(S),,,,FALSE,,FALSE,,FALSE,,192,,,,,,,,,,,,,,,1,,,,,,,,,,,,,2,1,,,,,,,,FALSE,,,,,,,,,,FALSE,,,,,,,,,,
193,16,00,22,00,2002,02,04,,Katza N,160,,,FALSE,,FALSE,,FALSE,,193,,4,,,,,,,,,,,,,,,,,,,,,,,,,,,,,,,,8,,,FALSE,,,,,,,,,,FALSE,,,,,,,,,1,
194,23,00,05,00,2002,02,04,,Ashdod(S),,,,FALSE,,FALSE,,FALSE,,194,,3,,,,,,,,,,,,,,,,,,,,,,,,,,,,,,,,2,,,FALSE,,,,,,,,,,FALSE,,,,,,,,,,
195,06,15,10,00,2002,02,05,,katza N,50,,,FALSE,,FALSE,,FALSE,,195,,,,,,,,,,,,,,,,1,,,,,,,,,,,,2,2,,,,,,,,FALSE,,,,,,,,,,FALSE,,,,,,,,,,
196,11,00,14,00,2002,02,05,,Ashdod(S),32,,,FALSE,,FALSE,,FALSE,,196,,,,,,,,,,,,,,,1,1,,,,,,2,,,,,,1,1,,,,,,,,FALSE,,1,,,,,,,,FALSE,,,,,,,,,,
197,,,,,2002,02,05,,katza N,,,,FALSE,,FALSE,,FALSE,,197,,,,,,,,,,,,,,,1,,,,,,,1,,,,,,,2.5,,,,,,,,FALSE,,,,,,,,,,FALSE,,,,,,,,,,
198,,,,,2002,02,05,,Ashdod(S),,,night,TRUE,,FALSE,,FALSE,,198,,,,,,,,,15 Kg,,,,,,,,,,,,,,,,,,,,,,,,,,,,FALSE,,,,,,,,,,FALSE,,,,,,,,,,
199,,,,,2002,02,06,,,28,,,FALSE,nitzanim N,FALSE,,FALSE,,199,,,,,,,,,,,,,,,,,,,,,,,,,,,,,,,,,,,,,FALSE,,,,,14,,,,,FALSE,,,,,,,,,,
200,,,,,2002,02,06,,,27,,,FALSE,Palmachim S,FALSE,,FALSE,,200,,,,,,,,,,,,,,,,,,,,,,,,,,,,,,,,,,,,,FALSE,,,,,15,,,,,FALSE,,,,,,,,,,
201,,,,,2002,02,06,,,42,,,FALSE,nitzanim N,FALSE,,FALSE,,201,,,,,,,,,,,,,,,,,,,,,,,,,,,,,,,,,,,,,FALSE,,,,,2,,,,,FALSE,,,,,,,,,,
202,,,,,2002,02,06,,,27,,,FALSE,Palmachim S,FALSE,,FALSE,,202,,,,,,,,,,,,,,,,,,,,,,,,,,,,,,,,,,,,,FALSE,,,,,2,,,,,FALSE,,,,,,,,,,
203,,,,,2002,02,07,,Ashdod(N),27,,,FALSE,,FALSE,,FALSE,,203,,,,,,,,,,,,,,,0.5,3,1,,,,,4,,,,,,,,,,,,,,,FALSE,,,,,,,,,,FALSE,,,,,,,,,,
204,,,,,2002,02,07,,jaffa S,,2.55,,FALSE,,FALSE,,FALSE,,204,,,,,,,,,,,,,,,0.5,2,,,,,,4,,,,,,,,,,,,,,,FALSE,,,,,,,,,,FALSE,,,,,,,,,,
205,,,,,2002,02,07,,,,3.4,,FALSE,Palmachim N,FALSE,,FALSE,,205,,1,,,,,,,,,,1,,,1,1,,,,,,6,,,,,,,,,,,,,,,FALSE,,1,,,,,,,,FALSE,,,,,,,,,,
206,,,,,2002,02,07,,Ashdod(N),,,night,TRUE,,FALSE,,FALSE,,206,,,,,,,,,20 Kg,,,,,,,,,,,,,,,,,,,,,,,,,,,,FALSE,,,,,,,,,,FALSE,,,,,,,,,,
207,07,00,10,30,2002,02,08,,,,3.4,,FALSE,palmachim N,FALSE,,FALSE,,207,,,,,,,,,,,,,,,,,,,,,,,,,,,,,,,,,,,,,FALSE,,,,,15,,,,,FALSE,,,,,,,,,,
208,12,00,14,30,2002,02,08,,,,,,FALSE,Riding S,FALSE,,FALSE,,208,,2,,,,,,,,,,,,,1,,,8 S+2 L+,,,,7,4,,,,1,,,,,,,,,,FALSE,,,,,,,,,,FALSE,,,,,,,,,,
209,,,,,2002,02,08,,Ashdod(S),,,night,TRUE,,FALSE,,FALSE,,209,,,,,,,,,55 Kg,,,,,,,,,,,,,,,,,,,,,,,,,,,,FALSE,,,,,,,,,,FALSE,,,,,,,,,,
210,06,30,10,30,2002,02,09,,,,3.4,,FALSE,Kor N,FALSE,,FALSE,,210,,2,,,,,,,,,,,,,1,,,,,,,10,3,,,,1,1,,,,,,,,,FALSE,,,,,,,,,,FALSE,,,,,,,,,,
211,23,30,06,00,2002,02,13,Levi,Ashdod(S),,1.3,,FALSE,,FALSE,,FALSE,gambari,211,,,,,,,,2,30 Kg,,,,,,,,,,,,,,,,,,,,,,,,,,,,FALSE,,,,,,,,,,FALSE,,,,,,,,,,
212,08,00,11,30,2002,02,14,,katza N,32,3.2,,FALSE,,FALSE,,FALSE,,212,,3,,,,,,,,,,1,,,2,2 S+,,,,,,8 B+3,,,,,,,1,,,,,,,1,FALSE,,,,,,,,,,FALSE,,,,,,,,,,
213,12,30,18,00,2002,02,14,,Ashdod(S),32,,,FALSE,,FALSE,2.4,FALSE,,213,,2,,,,,,,,,,1,,,2,2,,1,,,,13 B+3,,,,,,1,1,,,,,,,,FALSE,,,,,,,,,,FALSE,,,,,,,,,,
214,20,00,03,30,2002,02,14,,Ashdod(S),,1.3,,FALSE,,FALSE,,FALSE,gambari,214,,,,,,,,,35 Kg,,,,,,,,,,,,,,,,,,,,,,,,,,,,FALSE,,,,,,,,,,FALSE,,,,,,,,,,
215,07,00,12,00,2002,02,15,,Ashdod(S),32,,,FALSE,,FALSE,2.6,FALSE,,215,,,,,,,,,,,,,,,,,,,,,,,,,,,,,,,,,,,,,FALSE,,,,,15,,,,,FALSE,,,,,,,,,,
216,12,45,18,00,2002,02,15,Levi,Katza N,32,,,FALSE,,FALSE,,FALSE,,216,,,,,,,,,,,,,,,,,,,,,,,,,,,,,,,,,,,,,FALSE,,,,,22,,,,,FALSE,,,,,,,,,,
217,19,00,21,00,2002,02,15,Levi,Ashdod(N),10,,,FALSE,,FALSE,,FALSE,Gambari,217,,,,,,,,,20 Kg,,,,,,,,,,,,,,,,,,,,,,,,,,,,FALSE,,,,,,,,,,FALSE,,,,,,,,,,
218,00,30,06,00,2002,02,15,Levi,Ashdod(N),,1.4,,FALSE,,FALSE,,FALSE,,218,,,,,,,,,60 kg,,,,,,,,,,,,,,,,,,,,,,,,,,,,FALSE,,,,,,,,,,FALSE,,,,,,,,,,
219,07,30,12,30,2002,02,16,Levi,Kor S,32,,,FALSE,,FALSE,,FALSE,,219,,,,,,,,,,,,,,,,,,,,,,23 B+,,,,,,,2,,,,,,,,FALSE,pas tzahov and soltan included in box number,,,,35,,,,,FALSE,,,,,,,,,,
220,13,15,18,00,2002,02,16,Levi,Ashkelon N,32,,,FALSE,,FALSE,,FALSE,,220,,,,,,,,,,,,,,,,,,,,,,,,,,,,,,,,,,,,,FALSE,,,,,22,,,,,FALSE,,,,,,,,,,
221,19,30,00,30,2002,02,16,Levi,,,1.4,,FALSE,,FALSE,,FALSE,,221,,,,,,,,,45 Kg,,,,,,,,,,,,,,,,,,,,,,,,,,,,FALSE,,,,,,,,,,FALSE,,,,,,,,,,
222,01,00,06,00,2002,02,16,Levi,Ashdod N,,1.4,,FALSE,,FALSE,,FALSE,,222,,,,,,,,,40 Kg,,,,,,,,,,,,,,,,,,,,,,,,,,,,FALSE,,,,,,,,,,FALSE,,,,,,,,,,
223,07,15,12,30,2002,02,17,Levi,Kor N,31,,,FALSE,,FALSE,2.6,FALSE,,223,,0.5,,,,,,,,1 M+,,0.5,,,,3 B,,,,,,14 B+,,,1,,,,1,,,,,,,,FALSE,,1,,,,,,,,FALSE,,,,,,,,,,
224,13,00,18,00,2002,02,17,Levi,Ashkelon N,31,,,FALSE,,FALSE,2.8,FALSE,,224,,,,,,,,3,,,,,,,,2 B+,,,,,,8 B+,,,,,,,,,,,,,,,FALSE,,,,,,,,,,FALSE,,,,,,,,,,
225,19,30,03,15,2002,02,17,Levi,Ashdod N,,1.4,,FALSE,,FALSE,,FALSE,Gambari,225,,,,,,,,,60 Kg,,,,,,,,,,,,,,,,,,,,,,,,,,,,FALSE,,,,,,,,,,FALSE,,,,,,,,,,
226,,,,,2002,02,25,,,,,,FALSE,,FALSE,,TRUE,,226,,,,,,,,,,,,,,,,,,,,,,,,,,,,,,,,,,,,,FALSE,,,,,,,,,,FALSE,,,,,,,,,,
227,22,30,06,00,2002,02,26,David,Ashdod S,12,,,FALSE,,FALSE,,FALSE,,227,,,,,,,,,20 Kg,,,,,,,,,,,,,,,,,,,,,,,,,,,,FALSE,,,,,,,,,,FALSE,,,,,,,,,,
228,07,30,12,00,2002,02,27,Levi,Katza N,32,,,FALSE,,FALSE,2.8,FALSE,,228,,1,,,,,,1,,,,2,,,2,1 B+,,,,,,4 B+0.5 M+,2 B+,,1,,,,0.5 M+,,,,,,,,FALSE,,1,,,,,,,,FALSE,,,,,,,,,,
229,12,45,17,30,2002,02,27,Levi,Ashdod S,32,,,FALSE,,FALSE,,FALSE,,229,,1,,,,,,,,,,2,,,2,2 B+,,,,,,2,,,1,,,1,0.5,,,,,,,,FALSE,,1.5,,,,,,,,FALSE,,,,,,,,,,
230,19,00,04,00,2002,02,27,Levi,Ashdod S,,1.4,,FALSE,,FALSE,,FALSE,Gambari,230,,,,,,,,,35 Kg,,,,,,,,,,,,,,,,,,,,,,,,,,,,FALSE,,,,,,,,,,FALSE,,,,,,,,,,
231,07,00,12,30,2002,02,28,Levi,Ashdod S,31,,,FALSE,,FALSE,,FALSE,,231,,1,,,,,,1,,1 S+0.5 M+,,2,,,2,,,,,,,6 B+,2,,,,,0.5,,,,,,,,,FALSE,,,,,,,,,,FALSE,,,,,,,,,,
232,13,00,18,00,2002,02,28,Levi,Katza N,31,,,FALSE,,FALSE,,FALSE,,232,,1,,,,,,,,,,2,,,1,3,,,,,,0.5,,,,,,,,,,,,,,,FALSE,,1 Ind,,,,,,,,FALSE,,,,,,,,,,
233,19,15,03,45,2002,02,28,Levi,Ashdod S,10,,,FALSE,,FALSE,,FALSE,,233,,,,,,,,,30 Kg,,,,,,,,,,,,,,,,,,,,,,,,,,,,FALSE,,,,,,,,,,FALSE,,,,,,,,,,
234,07,30,,,2002,03,01,Shrot,Palmachim N,80,,,FALSE,,FALSE,,FALSE,,234,,,,,,,,,,,,,,,,,,,,,,,,,,,,,2.5,,,,,,,,FALSE,,,,,,,,,,FALSE,,,,,,,,,,
235,,,,,2002,03,01,Shrot,Jaffa S,,,,FALSE,,FALSE,,FALSE,,235,,,,,,,,,,,,,,,,,,,,,,,,,,,,,2.5,,,,,,,,FALSE,,,,,,,,,,FALSE,,,,,,,,,,
236,,,,,2002,03,01,Shrot,Ashdod S,,,night,TRUE,,FALSE,,FALSE,,236,,,,,,,,,28 Kg,,,,,,,,,,,,,,,,,,,,,,,,,,,,FALSE,,,,,,,,,,FALSE,,,,,,,,,,
237,,,,,2002,03,02,,Ashdod S,8,,,FALSE,,FALSE,,FALSE,,237,,,,,,,,,4,,,,,,,,,,,,,,,,,,,,,,,,,,,,FALSE,,,,,,,,,,FALSE,,,,,,,,,,
238,11,00,,,2002,03,03,Shrot,Ashdod N,80,,,FALSE,,FALSE,,FALSE,,238,,,,,,,,,,,,,,,,,,,,,,,,,,,,,,,,,,,,,FALSE,,,,,1,,,,,FALSE,,,,,,,,,,
239,,,,,2002,03,03,Shrot,Ashkelon N,80,,,FALSE,,FALSE,,FALSE,,239,,,,,,,,,,,,,,,,,,,,,,,,,,,,,,,,,,,,,FALSE,,,,,5,,,,,FALSE,,,,,,,,,,
240,,,,,2002,03,03,Shrot,Ashdod S,7,,,FALSE,,FALSE,,FALSE,,240,,,,,,,,,50 Kg,,,,,,,,,,,,,,,,,,,,,,,,,,,,FALSE,,,,,,,,,,FALSE,,,,,,,,,,
241,06,30,10,30,2002,03,04,Shrot,Ashdod N,,3.4,,FALSE,,FALSE,,FALSE,,241,,,,,,,,,,,,,,,,,,,,,,,,,,,,,,,,,,,,,FALSE,,,,,12,,,,,FALSE,,,,,,,,,,
242,19,30,05,30,2002,03,06,Shrot,Ashdod S,7,,,FALSE,,FALSE,,FALSE,,242,,,,,,,,,50 Kg,,,,,,,,,,,,,,,,,,,,,,,,,,,,FALSE,,,,,,,,,,FALSE,,,,,,,,,,
243,07,00,12,00,2002,03,07,Levi,Ashdod S,100,,,FALSE,,FALSE,,FALSE,,243,,2,,,,,,,,3,,,,,,,,,,,,,,,,,,,,,,,,,,,FALSE,,,,,,,1,,,FALSE,,,,,,,,,,
244,13,00,18,00,2002,03,07,Levi,Gazza N,100,,,FALSE,,FALSE,,FALSE,,244,,2.5,,,,,,0.5,,2,,,,,,,,,,,,,,,,,,,1 L+,,,,,,,,FALSE,,,,,,,2,,,FALSE,,,,,,,,,,
245,08,30,12,00,2002,03,08,Levi,Ashdod N,,4,,FALSE,,FALSE,,FALSE,,245,,,,,,,,,,,,,,,,,,,,,,,,,,,,,,,,,,,,,FALSE,very weak,,,,,,,,,FALSE,,,,,,,,,,
246,14,30,20,00,2002,03,08,Levi,Jaffa N,115,,,FALSE,,FALSE,,FALSE,,246,,,,,,,,,,6,,,,,,,,,,,,,,,,,,,0.5,,,,,4,,,FALSE,,,,,,,,,,FALSE,,,,,,,,,,
247,21,00,02,00,2002,03,08,Levi,Falick S,180,,,FALSE,,FALSE,,FALSE,,247,,1 S+1 M+,,,,,,,,,,,,,,,,,,,,,,,,,,,,,,,,4,,,FALSE,,,,,,,2,1,,FALSE,,,,,,,,,,
248,03,00,08,30,2002,03,08,Levi,Falick S,180,,,FALSE,,FALSE,,FALSE,,248,,3,,,,,,,,,,,,,,,,,,,,,,,,,,,,,,,,2,,,FALSE,,,,,,,3,,,FALSE,,,,,,,,,,
249,09,45,14,00,2002,03,09,Levi,Falick S,82,,,FALSE,,FALSE,,FALSE,,249,,2,,,,,,,,2 M+,,,,,,1 M+,,,,,,,,,,,,,2.5,,,,,,,,FALSE,,,,,,,,,,FALSE,,,,,,,,,,
250,21,00,05,30,2002,03,09,Levi,Ashdod N,,1.4,,FALSE,,FALSE,,FALSE,,250,,,,,,,,,28 Kg,,,,,,,,,,,,,,,,,,,,,,,,,,,,FALSE,,,,,,,,,,FALSE,,,,,,,,,,
251,06,30,10,00,2002,03,10,Levi,Rishon,,2.8,,FALSE,,FALSE,,FALSE,,251,,,,,,,,,,,8 L+,,,,,,,,,,,1,,,,,1,3,,,,,,,,,FALSE,,1,,,,,,,,FALSE,,,,,,,,,,
252,10,45,15,00,2002,03,10,,Rishon N,,2,,FALSE,,FALSE,,FALSE,,252,,,,,,,,,,,,,,,,,,,,,,,,,,,,,,,,,,,,,FALSE,,,,,3,,,,,FALSE,,,,,,,,,,
253,15,30,08,00,2002,03,10,Levi,Tel Aviv,,,net is stuck,FALSE,,FALSE,,FALSE,,253,,,,,,,,1,,,,,,,,,,,,,,2,,,,,,,,,,,,,,,FALSE,,0.5,,,,,,,,FALSE,,,,,,,,,,
254,21,00,03,30,2002,03,10,Levi,Ashdod N,,1.5,,FALSE,,FALSE,,FALSE,,254,,,,,,,,,30 Kg,,,,,,,,,,,,,,,,,,,,,,,,,,,,FALSE,,,,,,,,,,FALSE,,,,,,,,,,
255,07,15,10,00,2002,03,25,Levi,Ashdod N,,2.5,,FALSE,,FALSE,,FALSE,,255,,,,,,,,2,,,,,,,,2 S+,,,,,,5,,,,,,,,,,,,,,,FALSE,,1 Ind,,,,,,,,FALSE,,,,,,,,,,
256,10,30,13,30,2002,03,25,Levi,Bat yam S,,,,FALSE,,FALSE,,FALSE,,256,,,,,,,,,,,,,,,,5,,,,,,,,,,,,,,,,,,,,,FALSE,,,,,,,,,,FALSE,,,,,,,,,,
257,06,30,08,30,2002,03,26,Levi,Ashdod S,,12,,FALSE,,TRUE,,FALSE,,257,,,,,,,,,,,,,,,,2,,,,,,5,,,,,,,,,,,,,,,FALSE,,,,,,,,,,FALSE,,,,,,,,,,
258,,,,,2002,03,27,,,,,,FALSE,,TRUE,,FALSE,,258,,,,,,,,,,,,,,,,,,,,,,,,,,,,,,,,,,,,,FALSE,,,,,,,,,,FALSE,,,,,,,,,,
259,,,,,2002,03,28,,,,,,FALSE,,TRUE,,FALSE,,259,,,,,,,,,,,,,,,,,,,,,,,,,,,,,,,,,,,,,FALSE,,,,,,,,,,FALSE,,,,,,,,,,
260,19,30,12,30,2002,03,29,Levi,Ashdod N,,1.8,,FALSE,,FALSE,,TRUE,,260,,,,,,,,,,,,,,,,3,,,,,,5,,,,,,,,,,,,,,,FALSE,,,,,,,,,,FALSE,,,,,,,,,,
261,07,15,10,15,2002,03,30,Levi,Ashdod N,,1.8,,FALSE,,FALSE,,TRUE,,261,,,,,,,,2,,,,,,,,,,,,,,4,,,,,,,,,,,,,,,FALSE,,,,,,,,,,FALSE,,,,,,,,,,
262,12,45,16,30,2002,03,30,,Ashdod S,,1.6,,FALSE,,FALSE,,TRUE,,262,,,,,,,,,,,,,,,,,,33 S+,,,,2,,,,,,,,,,,,,,,FALSE,,,,,,,,,,FALSE,,,,,,,,,,
263,17,15,20,00,2002,03,30,Levi,Ashdod S,,1.6,,FALSE,,FALSE,,FALSE,,263,,,,,,,,3,,,,,,,,,,,,,,,,,,,,,,,,,,,,,FALSE,,,,,,,,,,FALSE,,,,,,,,,,
264,21,00,03,30,2002,03,30,Levi,Ashdod S,12,,,FALSE,,FALSE,,FALSE,,264,,,,,,,,,20 Kg,,,,,,,,,,,,,,,,,,,,,,,,,,,,FALSE,,,,,,,,,,FALSE,,,,,,,,,,
265,07,00,11,00,2002,03,31,Levi,Ashdod S,,1.6,,FALSE,,FALSE,,TRUE,,265,,,,,,,,,,,,,,,,3,,,,,,3,,,,,,,,,,,,,,,FALSE,,,,,,,,,,FALSE,,,,,,,,,,
266,12,30,14,30,2002,03,31,Levi,Ashdod N,27,,,FALSE,,FALSE,,TRUE,,266,,,,,,,,,,,,,,,,,,,,,,,,,,,,,,,,,,,,,FALSE,,,,,3,,,,,FALSE,,,,,,,,,,
267,15,30,18,30,2002,03,31,,Ashdod,,1.4,,FALSE,,FALSE,,TRUE,,267,,,,,,,,2,,,,,,,,,,,,,,1,,,,,,,,,,,,,,,FALSE,,,,,,,,,,FALSE,,,,,,,,,,
268,19,30,03,30,2002,03,31,Levi,Ashdod S,12,,,FALSE,,FALSE,,TRUE,,268,,,,,,,,,20 Kg,,,,,,,,,,,,,,,,,,,,,,,,,,,,FALSE,,,,,,,,,,FALSE,,,,,,,,,,
269,,,,,2002,04,01,,,,,,FALSE,,TRUE,,FALSE,,269,,,,,,,,,,,,,,,,,,,,,,,,,,,,,,,,,,,,,FALSE,,,,,,,,,,FALSE,,,,,,,,,,
270,,,,,2002,04,02,,,,,,FALSE,,TRUE,,FALSE,,270,,,,,,,,,,,,,,,,,,,,,,,,,,,,,,,,,,,,,FALSE,,,,,,,,,,FALSE,,,,,,,,,,
271,,,,,2002,04,03,,,,,,FALSE,,TRUE,,FALSE,,271,,,,,,,,,,,,,,,,,,,,,,,,,,,,,,,,,,,,,FALSE,,,,,,,,,,FALSE,,,,,,,,,,
272,09,30,13,00,2002,04,04,Levi,Ashdod N,,1.8,,FALSE,,FALSE,,FALSE,,272,,,,,,,,,5 Kg,,,,,,,2,,,,,,1,,,,,,,,,,,,2,,,FALSE,,,,,,,,,,FALSE,,,,,,,,,,
273,14,00,18,00,2002,04,04,Levi,Ashdod S,,2.2,,FALSE,,FALSE,,FALSE,,273,,,,,,,,,,,,,,,,2,,,,,,2,,,,,,,,,,,,,,,FALSE,,,,,,,,,,FALSE,,,,,,,,,,
274,19,00,00,00,2002,04,04,Levi,Ashdod S,,1.6,,FALSE,,FALSE,,FALSE,Gambari,274,,,,,,,,,15 Kg,,,,,,,,,,,,,,,,,,,,,,,,,,,,FALSE,,,,,,,,,,FALSE,,,,,,,,,,
275,,,,,2002,04,12,Shrot,Ashdod S,,1.8,,FALSE,,FALSE,,FALSE,,275,,,,,,,,1,,,1,,,,1,,,,,,,5,,,,,,,,,,,,,,,FALSE,,0.75,,,,,,,,FALSE,,,,,,,,,,
276,,,,,2002,04,12,Shrot,Ashdod S,,2.2,,FALSE,,FALSE,,FALSE,,276,,,,,,,,,,,,,,,,1,,1.5,,,,3,,,,,,,,,,,,,,,FALSE,,0.5,,,,,,,,FALSE,,,,,,,,,,
277,06,30,,,2002,04,13,Shrot,Ashdod S,,2.2,,FALSE,,FALSE,,FALSE,,277,,,,,,,,,,,,,,,,,,,,,,,,,,,,,,,,,,,,,FALSE,,,,,3,,,,,FALSE,,,,,,,,,,
278,,,,,2002,04,13,Shrot,Ashdod N,,2.2,,FALSE,,FALSE,,FALSE,,278,,,,,,,,,,,,,,,,,,,,,,,6,,,,4,2,,,,,,,,,FALSE,,,,,,,,,,FALSE,,,,,,,,,,
279,,,,,2002,04,13,Shrot,Jaffa S,,3.4,,FALSE,,FALSE,,FALSE,,279,,,,,,,,,,,,,,,,,,,,,,,,,,,,,,,,,,,,,FALSE,,,,,1,,,,,FALSE,,,,,,,,,,
280,,,,,2002,04,13,Shrot,Ashdod S,,,night,TRUE,,FALSE,,FALSE,,280,,,,,,,,,40 Kg,,,,,,,,,,,,,,,,,,,,,,,,,,,,FALSE,,,,,,,,,,FALSE,,,,,,,,,,
281,,,,,2002,04,14,Shrot,Ashdod S,50,,,FALSE,,FALSE,,FALSE,,281,6,,,,,,,,,,,,,,,,,,,,,,,,,,,,1,,,,,,,,FALSE,,1,,,,,,,,FALSE,,,,,,,,,,
282,,,,,2002,04,14,Shrot,Katza N,,3.4,,FALSE,,FALSE,,FALSE,,282,,,,,,,,,,,,,,,,,,,,,,,,,,,,,,,,,,,,,FALSE,,,,,2,,,,,FALSE,,,,,,,,,,
283,,,,,2002,04,14,Shrot,Ashdod S,,1.4,,FALSE,,FALSE,,FALSE,,283,,,,,,,,,,,,,,,,,,,,,,,,,,,,,,,,,,,,,FALSE,,,,,2,,,,,FALSE,,,,,,,,,,
284,,,,,2002,04,14,Shrot,Ashdod S,,,night,TRUE,,FALSE,,FALSE,,284,,,,,,,,,30 Kg,,,,,,,,,,,,,,,,,,,,,,,,,,,,FALSE,,,,,,,,,,FALSE,,,,,,,,,,
285,,,,,2002,04,15,Shrot,Jaffa S,180,,,FALSE,,FALSE,,FALSE,,285,,5,,,,,,,,,,,,,,,,,,,,,,,,,,,,,,,,3,,,FALSE,,,,,,,2,,,FALSE,,,,,,,,,,
286,,,,,2002,04,15,Shrot,Ashdod S,200,,,FALSE,,FALSE,,FALSE,,286,,10,,,,,,,,,,,,,,1,,,,,,,,,,,,,,,,,,3,,,FALSE,,,,,,,2,,,FALSE,,,,,,,,,,
287,,,,,2002,04,15,Shrot,Ashdod S,,,night,TRUE,,FALSE,,FALSE,,287,,,,,,,,,60 Kg,,,,,,,,,,,,,,,,,,,,,,,,,,,,FALSE,,,,,,,,,,FALSE,,,,,,,,,,
288,19,30,,,2002,04,17,Shrot,Ashdod S,,,night,TRUE,,FALSE,,FALSE,,288,,,,,,,,,7,,,,,,,,,,,,,,,,,,,,,,,,,,,,FALSE,,,,,,,,,,FALSE,,,,,,,,,,
289,07,30,,,2002,04,18,Shrot,Ashdod S,200,,,FALSE,,FALSE,,FALSE,,289,,8,,,,,,,,,,,,,1,,,,,,,,,,,,,,,,,,,3,,,FALSE,,,,,,,2,,1,FALSE,,,,,,,,,,
290,,,,,2002,04,18,Shrot,Katza N,200,,,FALSE,,FALSE,,FALSE,,290,,5,,,,,,,,,,,,,,,,,,,,,,,,,,,,,,,,4,,,FALSE,,,,,,,1,,,FALSE,,,,,,,,,,
291,,,,,2002,04,18,Shrot,Ashdod S,,,night,TRUE,,FALSE,,FALSE,,291,,,,,,,,,5,,,,,,,,,,,,,,,,,,,,,,,,,,,,FALSE,,,,,,,,,,FALSE,,,,,,,,,,
292,,,,,2002,04,19,Shrot,Ashdod S,200,,,FALSE,,FALSE,,FALSE,,292,,7,,,,,,,,,,,,,,,,,,,,,,,,,,,,,,,,2,,,FALSE,,,,,,,2,,,FALSE,,,,,1,,,,,
293,,,,,2002,04,19,Shrot,Ashdod S,200,,,FALSE,,FALSE,,FALSE,,293,,5,,,,,,,,,,,,,,,,,,,,,,,,,,,,,,,,3,,,FALSE,,,,,,,2,,,FALSE,,,,,,,,,,
294,,,,,2002,04,19,Shrot,Ashdod S,,,,FALSE,,FALSE,,FALSE,,294,,,,,,,,,,,,,,many,,,,,,,,,,,,,,,,,,,,,,,FALSE,,,,,,,,,,FALSE,,,,,,,,,,
295,,,,,2002,04,20,,,,,,FALSE,,TRUE,,FALSE,,295,,,,,,,,,,,,,,,,,,,,,,,,,,,,,,,,,,,,,FALSE,,,,,,,,,,FALSE,,,,,,,,,,
296,,,,,2002,04,21,,,,,,FALSE,,TRUE,,FALSE,,296,,,,,,,,,,,,,,,,,,,,,,,,,,,,,,,,,,,,,FALSE,,,,,,,,,,FALSE,,,,,,,,,,
297,21,30,05,30,2002,04,21,Levi,Ashdod S,12,,,FALSE,,FALSE,,TRUE,,297,,,,,,,,,25 Kg,,,,,many,,,,,,,,,,,,,,,,,,,,,,,FALSE,,,,,,,,,,FALSE,,,,,,,,,,
298,08,30,13,00,2002,04,22,Levi,Ashdod S,100,,,FALSE,,FALSE,,FALSE,,298,,,,,,,,,,,,,,,,,,,,,,,,,,,,,,,,,,,,,FALSE,,,,,,,,,,TRUE,,,,,,,,,,
299,14,30,19,00,2002,04,22,Levi,Ashdod S,200,,,FALSE,,FALSE,,FALSE,,299,,4,,,,,,,,,,,,,,,,,,,,,,,,,,,,,,,,,,,FALSE,,,,,,,3,,,FALSE,,,,,,,,,,
300,20,00,02,00,2002,04,22,Levi,Ashdod S,210,,,FALSE,,FALSE,,FALSE,,300,,1,,,,,,,,,,,,,,,,,,,,,,,,,,,,,,,,,,,FALSE,,,,,,,,,,FALSE,,,,,,,,,,
301,05,00,08,30,2002,04,22,Levi,Ashkelon N,160,,,FALSE,,FALSE,,FALSE,,301,,3,,,,,,,,,,,,,,,,,,,,,,,,,,,,,,,,,,,FALSE,,,,,,,,,,FALSE,,,,,,,,,,
302,10,00,14,30,2002,04,23,Levi,Ashdod N,80,,,FALSE,,FALSE,,FALSE,,302,,2,,,,,,,,3,,,,,,,,,,,,,,,,,,,1.5,,,,,2,,,FALSE,,,,,,,4,,,FALSE,,,,,,,,,,
303,15,00,19,30,2002,04,23,Levi,Jaffa S,80,,,FALSE,,FALSE,,FALSE,,303,,2,,,,,,,,,,,,,,,,,,,,,,,,,,,0.5,,,,,2,,,FALSE,,,,,,,4,,,FALSE,,,,,,,,,,
304,22,00,03,30,2002,04,23,Levi,Ashdod,11,,,FALSE,,FALSE,,FALSE,Gambari,304,,,,,,,,,20 Kg,,,,,,,,,,,,,,,,,,,,,,,,,,,,FALSE,,,,,,,,,,FALSE,,,,,,,,,,
305,07,30,11,00,2002,04,24,Levi,Ashdod N,,1.8,,FALSE,,FALSE,,FALSE,,305,,,,,,,,,,,,,,,,15,,,,,,,,,,,,,,,,,,,,,FALSE,mostly rofus,,,,,,,,,FALSE,,,,,,,,,,
306,11,30,14,30,2002,04,24,Levi,Bat yam N,,2.5,,FALSE,,FALSE,,FALSE,,306,,,,,,,,3,,,,,,,,,,,,,,1.5,,,,,,,,,,,,,,,FALSE,,0.5,,,,,,,,FALSE,,,,,,,,,,
307,15,15,19,30,2002,04,24,,Herzelia S,,2.7,,FALSE,,FALSE,,FALSE,,307,,,,,,,,4,,,,,,,,,,,,,,1,,,,,,,,,,,,,,,FALSE,,,,,,,,,,FALSE,,,,,,,,,,
308,21,00,05,00,2002,04,24,,Tel Aviv N,,1.1,,FALSE,,FALSE,,FALSE,Gambari,308,,,,,,,,,90 Kg,,,,,,,,,,,,,,,,,,,,,,,,,,,,FALSE,,,,,,,,,,FALSE,,,,,,,,,,
309,07,00,12,30,2002,04,25,Levi,Riding N,80,,,FALSE,,FALSE,,FALSE,,309,,2,,,,,,,,2,,,,,,,,,,,,,2,,,,,,1,,,,,1,,,FALSE,,,,,,,3,,,FALSE,,,,,,,,,,
310,13,30,19,00,2002,04,25,Levi,Ashdod N,120,,,FALSE,,FALSE,,FALSE,,310,,4,,,,,,,,,,,,,,2,,,,,,,,,,,,,0.5,,,,,3,,,FALSE,,,,,,,,,,FALSE,,,,,,,,,,
311,,,,,2002,04,26,Shrot,Ashdod N,,2.55,,FALSE,,FALSE,,FALSE,,311,,,,,,,,,,,,,,,,,,,,,,,,,,,,,,,,,,,,,FALSE,,,,,15,,,,,FALSE,,,,,,,,,,
312,,,,,2002,04,26,Shrot,Tel Aviv N,53,,,FALSE,,FALSE,,FALSE,,312,,,,,,,,,,,,,,,,,,,,,,,,,,,,,,,,,,,,,FALSE,,,,,1,,,,,FALSE,,,,,,,,,,
313,,,,,2002,04,26,Shrot,natanya S,,1.1,night,TRUE,,FALSE,,FALSE,,313,,,,,,,,,110 Kg,,,,,,,,,,,,,,,,,,,,,,,,,,,,FALSE,,,,,,,,,,FALSE,,,,,,,,,,
314,,,,,2002,04,27,Shrot,Natanya S,84,,,FALSE,,FALSE,,FALSE,,314,,1,,,,,,,,,,,,,,1,,,,,,,,,,,,1,1,,,,,,,,FALSE,,,,,,,,,,FALSE,,,,,,,,,,
315,,,,,2002,04,27,Shrot,bank,,,night,TRUE,,FALSE,,FALSE,,315,,,,,,,,,60 Kg,,,,,,,,,,,,,,,,,,,,,,,,,,,,FALSE,,,,,,,,,,FALSE,,,,,,,,,,
316,,,,,2002,05,06,Shrot,Bat yam N,,,,FALSE,,FALSE,,FALSE,,316,,,,,,,,,,,,,,,,,,1,,,,2.5,,,,,,,,,,,,,,,FALSE,,,,,,,,,,FALSE,,,,,,,,,,
317,,,,,2002,05,06,Shrot,Bat yam N,,,site:madregot,FALSE,,FALSE,,FALSE,,317,,,,,,,,,,,,,,,,,,,,,,,,,,,,,,,,,,,,,FALSE,,,,,,,,,,TRUE,,,,,,,,,,
318,,,,,2002,05,06,Shrot,Bat yam N,,,sute: madregot,FALSE,,FALSE,,FALSE,,318,,,,,,,,,,,,,,,,,,2,,,,4,,,,,,,,,,,,,,,FALSE,,,,,,,,,,FALSE,,,,,,,,,,
319,,,,,2002,05,06,Shrot,bank,,,night,TRUE,,FALSE,,FALSE,,319,,,,,,,,,45 Kg,,,,,,,,,,,,,,,,,,,,,,,,,,,,FALSE,,,,,,,,,,FALSE,,,,,,,,,,
320,,,,,2002,05,07,Shrot,Bat yam S,,1.8,,FALSE,,FALSE,,FALSE,,320,,,,,,,,,,,,,,,,,,,,,,,,,,,,,,,,,,,,,FALSE,,,,,10,,,,,FALSE,,,,,,,,,,
321,,,,,2002,05,07,Shrot,Ashdod S,,,night,TRUE,,FALSE,,FALSE,,321,,,,,,,,,40 Kg,,,,,,,,,,,,,,,,,,,,,,,,,,,,FALSE,,,,,,,,,,FALSE,,,,,,,,,,
322,,,,,2002,05,10,Shrot,Ashdod N,,1.4,,FALSE,,FALSE,,FALSE,,322,,,,,,,,,,,,,,,,,,,,,,,,,,,,,,,,,,,,,FALSE,,,,,12,,,,,FALSE,,,,,,,,,,
323,,,,,2002,05,10,Shrot,Bat yam S,,2.5,,FALSE,,FALSE,,FALSE,,323,,,,,,,,,,,,,,,,,,,,,,,,,,,,,,,,,,,,,FALSE,,,,,2,,,,,FALSE,,,,,,,,,,
324,,,,,2002,05,10,Shrot,Ashdod S,,1.7,,FALSE,,FALSE,,FALSE,,324,,,,,,,,,,,,,,,,,,,,,,,,,,,,,,,,,,,,,FALSE,,,,,20,,,,,FALSE,,,,,,,,,,
325,,,,,2002,05,10,Shrot,Ashdod S,,,night,TRUE,,FALSE,,FALSE,,325,,,,,,,,,50 Kg,,,,,,,,,,,,,,,,,,,,,,,,,,,,FALSE,,,,,,,,,,FALSE,,,,,,,,,,
326,,,,,2002,05,11,Shrot,Ashdod S,,1.6,,FALSE,,FALSE,,FALSE,,326,,,,,,,,,,,,,,,,,,,,,,,,,,,,,,,,,,,,,FALSE,,,,,1,,,,,FALSE,,,,,,,,,,
327,,,,,2002,05,11,Shrot,Ashdod S,,2.2,,FALSE,,FALSE,,FALSE,,327,,,,,,,,,,,,,,,,,,,,,,,,,,,,,,,,,,,,,FALSE,,,,,,,,,,TRUE,,,,,,,,,,
328,,,,,2002,05,11,Shrot,Ashdod S,,,night,TRUE,,FALSE,,FALSE,,328,,,,,,,,,45 Kg,,,,,,,,,,,,,,,,,,,,,,,,,,,,FALSE,,,,,,,,,,FALSE,,,,,,,,,,
329,19,30,05,30,2002,05,19,david,,12,,,FALSE,,FALSE,,FALSE,Gambari,329,,,,,,,,,45 Kg,,,,,,,,,,,,,,,,,,,,,,,,,,,,FALSE,,,,,,,,,,FALSE,,,,,,,,,,
330,07,30,10,00,2002,05,20,Levi,Ashkelon N,,1.8,,FALSE,,FALSE,,FALSE,,330,,,,,,,2,1,,,,,1,,,,,1.5 L+,1 S+,,,1.5,,,,,,,,,,,,,,,FALSE,,1.5,,,,,,,,FALSE,,,,,,,,,,
331,11,45,15,45,2002,05,20,Levi,Ashdod S,,2.2,,FALSE,,FALSE,,FALSE,,331,,,,,,,,,,,,,,,,,,,2,,,2,,,,,1,,,,,,,,,,FALSE,,1,,,,,,,,FALSE,,,,,,,,,,
332,20,00,00,30,2002,05,20,Levi,Ashdod S,11,,,FALSE,,FALSE,,FALSE,,332,,,,,,,,,35 Kg,,,,,,,,,,,,,,,,,,,,,,,,,,,,FALSE,,,,,,,,,,FALSE,,,,,,,,,,
333,06,30,10,00,2002,05,21,,Ashdod S,,1.8,,FALSE,,FALSE,3,FALSE,,333,,,,,,,,,,,,,1,,,2,,,,,,1.5,,,,,,,,,,,,,,,FALSE,,0.5,,,,,,,,FALSE,,,,,,,,,,
334,11,00,14,30,2002,05,21,Levi,Ashdod S,,2.2,,FALSE,,FALSE,,FALSE,,334,,,,,,,,1,,,,,,,,1,,,,,,3,,,,,,,,,,1,,,,,FALSE,,,,,,,,,,FALSE,,,,,,,,,,
335,15,30,19,30,2002,05,21,Levi,Ashkelon N,,2,,FALSE,,FALSE,,FALSE,,335,,,,,,,,,,,,,,,,2,,1 L+,,1 Ind,,1,,,,,,,,,,1,,,,,FALSE,,,,,,,,,,FALSE,,,,,,,,,,
336,20,00,,,2002,05,21,Levi,Katza N,11,,,FALSE,,FALSE,,FALSE,,336,,,,,,,,,60 Kg,,,,,,,,,,,,,,,,,,,,,,,,,,,,FALSE,,,,,,,,,,FALSE,,,,,,,,,,
337,06,00,09,30,2002,05,22,Levi,Ashdod S,,2,,FALSE,,FALSE,,FALSE,,337,1,,,,,,0.5,,,,1,,,,,,,1,,,,,,,,,1,,,,,,,,,,FALSE,,,,,,,,,,FALSE,,,,,,,,,,
338,10,30,14,00,2002,05,22,Levi,Ashdod N,,1.8,,FALSE,,FALSE,,FALSE,,338,,,,,,,0.5,,,,,,,,,1,,1,,,,1,,,,,2,,,,,,,,,,FALSE,,0.5,,,,,,,,FALSE,,,,,,,,,,
339,14,30,19,30,2002,05,22,Levi,Bat yam S,,2.9,,FALSE,,FALSE,,FALSE,,339,,,,,,,,,,,,,,,,2,,,,,,,,,,,5,,,,,,,,,,FALSE,,2.5,,,,,,,,FALSE,,,,,,,,,,
340,20,00,,,2002,05,22,Levi,Ashdod,8,,,FALSE,,FALSE,,FALSE,,340,,,,,,,,,60 Kg,,,,,,,,,,,,,,,,,,,,,,,,,,,,FALSE,,,,,,,,,,FALSE,,,,,,,,,,
341,02,00,05,30,2002,05,23,Levi,Ashdod S,10,,,FALSE,,FALSE,,FALSE,,341,,,,,,,,,25 Kg,,,,,,,,,,,,,,,,,,,,,,,,,,,,FALSE,,,,,,,,,,FALSE,,,,,,,,,,
342,06,30,10,30,2002,05,24,Levi,Ashdod S,,1.4,,FALSE,,FALSE,,FALSE,,342,,,,,,,,,,,,,,,,3,,,,,,1,,,,,,,,,,,,,,,FALSE,,,,,,,,,,FALSE,,,,,,,,,,
343,12,00,15,30,2002,05,24,Levi,Ashdod S,,2.2,,FALSE,,FALSE,,FALSE,,343,,,,,,,,,,,,,,,,,,,,,,,,,,,,,,,,,,,,,FALSE,,,,,,,,,,TRUE,,,,,,,,,,
344,16,30,19,30,2002,05,24,Levi,Ashdod N,,1.8,,FALSE,,FALSE,,FALSE,,344,,,,,,,,1,,,,,,,,,,,2,,,2,,,,,1,,,,,,,,1,,FALSE,,,,,,,,,,FALSE,,,,,,,,,,
345,20,00,,,2002,05,24,Levi,Ashdod S,10,,,FALSE,,FALSE,,FALSE,,345,,,,,,,,,55 Kg,,,,,,,,,,,,,,,,,,,,,,,,,,,,FALSE,,,,,,,,,,FALSE,,,,,,,,,,
346,11,30,15,30,2002,05,26,Levi,Ashdod S,,2.2,,FALSE,,FALSE,,FALSE,,346,3 B+,,,,,,,,,,1,,,,,,,,,,,,,,,,,,,,,,,,,,FALSE,,,,,,,,,,FALSE,,,,,,,,,,
347,17,00,20,00,2002,05,26,Levi,Ashdod N,,1.6,,FALSE,,FALSE,,FALSE,,347,,,,,,,,,,,,,,,,2,,,,,,1,,,,,1,,,,,,,,,,FALSE,,,,,,,,,,FALSE,,,,,,,,,,
348,21,00,,,2002,05,26,Levi,Ashdod S,10,,,FALSE,,FALSE,,FALSE,,348,,,,,,,,,35 Kg,,,,,,,,,,,,,,,,,,,,,,,,,,,,FALSE,,,,,,,,,,FALSE,,,,,,,,,,
349,,,,,2002,06,02,Knaan,Bat yam N,,2.6,,FALSE,,FALSE,,FALSE,,349,,,,,,,,,,,,,,1,,,,0.2 L+,,,,2.5,,,,,,,,,,0.2,,,,,FALSE,,,,,,,,,,FALSE,,,,,,,,,,
350,,,,,2002,06,03,Shrot,Jaffa N,,2.8,,FALSE,,FALSE,,FALSE,,350,,,,,,,,,,,,,,,,,,,,,,,,,,,,,3,,,,,,,,FALSE,,,,,,,,,,FALSE,,,,,,,,,,
351,,,,,2002,06,03,Shrot,Natanya S,50,,,FALSE,,FALSE,,FALSE,,351,,,,,,,,,,,,,,,,4,,,,,,,,,,,,,,,,,,,,,FALSE,,,,,,,6,,,FALSE,,,,,,,,,,
352,,,,,2002,06,04,Shrot,Jaffa N,,2.8,,FALSE,,FALSE,,FALSE,,352,,,,,,,,,,,,,,,,,,,,,,,,,,,,,,,,,,,,,FALSE,,,,,3,,,,,FALSE,,,,,,,,,,
353,,,,,2002,06,04,Shrot,Jaffa S,,2.8,,FALSE,,FALSE,,FALSE,,353,,,,,,,,,,,,,,,,,,,,,,,,,,,,,,,,,,,,,FALSE,,,,,4,,,,,FALSE,,,,,,,,,,
354,,,,,2002,06,04,Shrot,Jaffa N,,,,FALSE,,FALSE,,FALSE,,354,,,,,,,,,,,,,,,,,,,,,,,,,,,,,,,,,,,,,FALSE,,,,,2,,,,,FALSE,,,,,,,,,,
355,,,,,2002,06,04,Shrot,Ashdod N,,1.8,night,TRUE,,FALSE,,FALSE,,355,,,,,,,,,,,,,,,,,,,,,,,,,,,,,,,,,,,,,FALSE,,,,,,,,,,TRUE,,,,,,,,,,
356,,,,,2002,06,05,Shrot,Bat yam N,,2.8,,FALSE,,FALSE,,FALSE,,356,,,,,,,,,,,,,,,,,,,,,,,,,,,,,,,,,,,,,FALSE,,,,,1,,,,,FALSE,,,,,,,,,,
357,,,,,2002,06,05,Shrot,Herzelia S,,,,FALSE,,FALSE,,FALSE,,357,,,,,,,,,,,,,,,,,,,,,,,,,,,,,,,,,,,,,FALSE,,,,,10,,,,,FALSE,,,,,,,,,,
358,,,,,2002,06,05,Shrot,Bat yam S,,,,FALSE,,FALSE,,FALSE,,358,,,,,,,,,,,,,,,,,,,,,,,,,,,,,,,,,,,,,FALSE,,,,,10,,,,,FALSE,,,,,,,,,,
359,,,,,2002,06,05,Shrot,Bat yam S,,,,FALSE,,FALSE,,FALSE,,359,,,,,,,,,,,,,,,,,,,,,,,,,,,,,,,,,,,,,FALSE,,,,,4,,,,,FALSE,,,,,,,,,,
360,,,,,2002,06,05,Shrot,Ashdod S,,,night,TRUE,,FALSE,,FALSE,,360,,,,,,,,,30 Kg,,,,,,,,,,,,,,,,,,,,,,,,,,,,FALSE,,,,,,,,,,FALSE,,,,,,,,,,
361,,,,,2002,06,07,Shrot,Ashdod N,,2.6,,FALSE,,FALSE,,FALSE,,361,,,,,,,,,,,,,,,,,,,,,,,,,,,,,,,,,,,,,FALSE,,,,,,,,,,TRUE,,,,,,,,,,
362,,,,,2002,06,07,Shrot,Bat yam S,,1.4,,FALSE,,FALSE,,FALSE,,362,,,,,,,,,,,,,,,,,,,,,,,,,,,,18,,,,,,,,,FALSE,,,,,,,,,,FALSE,,,,,,,,,,
363,08,30,12,30,2002,06,10,Levi,Ashdod N,,2.6,,FALSE,,FALSE,,FALSE,,363,,,,,,,,1,,,,,,,,2,,,,,,1,,,,,3,,,,,,,,,,FALSE,,,,,,,,,,FALSE,,,,,,,,,,
364,13,30,18,00,2002,06,10,Levi,Jaffa S,,2.6,,FALSE,,FALSE,,FALSE,,364,,,,,,,,,,,,,,,,2 B+,,2,,,,3,,,,,6,,,,,0.5,,,2,,FALSE,,,,,,,,,,FALSE,,,,,,,,,,
365,21,00,05,15,2002,06,10,Levi,Ashdod S,11,,,FALSE,,FALSE,,FALSE,Gambari,365,,,,,,,,,30 Kg,,,,,,,,,,,,,,,,,,,,,,,,,,,,FALSE,,,,,,,,,,FALSE,,,,,,,,,,
366,06,30,10,30,2002,06,11,Levi,Ashdod N,,3.2,,FALSE,,FALSE,,FALSE,,366,,,,,,,,0.5,,1 B+1 S+,,,,,,,,,,,,1.5,,,,,3,,,,,,,,,,FALSE,,,,,,,,,,FALSE,,,,,,,,,,
367,11,45,14,45,2002,06,11,Levi,Ashdod,,3,,FALSE,,FALSE,,FALSE,,367,,,,,,,,,,2,,,,,,,,,,,,2,,,,,2,,,,,,,,,,FALSE,,,,,,,,,,FALSE,,,,,,,,,,
368,15,15,19,00,2002,06,11,Levi,Ashdod,,3,,FALSE,,FALSE,,FALSE,,368,,,,,,,,,,,,,,,,2,,,,,,1.5,,,,,2,,,,,,,,,,FALSE,,,,,,,,,,FALSE,,,,,,,,,,
369,21,00,04,00,2002,06,11,Levi,Ashdod S,11,,,FALSE,,FALSE,,FALSE,,369,,,,,,,,,25 Kg,,,,,many,,,,,,,,,,,,,,,,,,,,,,,FALSE,,,,,,,,,,FALSE,,,,,,,,,,
370,07,30,11,30,2002,06,12,Levi,Ashdod S,,2.2,,FALSE,,FALSE,,FALSE,,370,,,,,,,,,,,,,,many,,,,,,,,,,,,,,,,,,,,,,,FALSE,,,,,,,,,,FALSE,,,,,,,,,,
371,14,30,19,30,2002,06,12,Levi,Ashdod N,180,,,FALSE,,FALSE,0.4,FALSE,,371,,8,,,,,,,,,,,,,,,,,,,,,,,,,,,,,,,,1,,,FALSE,,,,,,,1,,,FALSE,,,,,,,,,,
372,20,30,02,15,2002,06,12,Levi,Jaffa N,185,,,FALSE,,FALSE,2.7,FALSE,,372,,2,,,,,,,,,,,,,,,,,,,,,,,,,,,,,,,,,,,FALSE,,,,,,,1,1,,FALSE,,,,,,,,,,
373,03,00,07,30,2002,06,12,Levi,Michmoret S,185,,,FALSE,,FALSE,2.4,FALSE,,373,,3,,,,,,,,,,,,,,,,,,,,,,,,,,,,,,,,2,,,TRUE,,,,,,,1,1,,FALSE,1 Ind,,,,,,,,,
374,08,30,13,30,2002,06,13,Levi,Jaffa S,180,,,FALSE,,FALSE,,FALSE,,374,,8,,,,,,,,2,,,,,,,,,,,,,,,,,,,,,,,,2,,,FALSE,,,,,,,1,,,FALSE,,,,,,,,,,
375,14,30,19,15,2002,06,13,Levi,Ashdod N,180,,,FALSE,,FALSE,,FALSE,,375,,7,,,,,,1,,1,,,,,,,,,,,,,,,,,,,,,,,,,,,FALSE,,,,,,,1,,,FALSE,,,,,,,,,,
376,21,30,03,00,2002,06,13,Levi,Ashdod N,,1.3,,FALSE,,FALSE,,FALSE,Gambari,376,,,,,,,,,25 Kg,,,,,,,,,,,,,,,,,,,,,,,,,,,,FALSE,,,,,,,,,,FALSE,,,,,,,,,,
377,08,30,13,00,2002,06,14,Levi,Ashdod N,180,,,FALSE,,FALSE,,FALSE,,377,,6,,,,,,,,,,,,,,,,,,,,,,,,,,,,,,,,2,,,FALSE,,,,,,,2,,,FALSE,,,,,,,,,,
378,14,00,19,30,2002,06,14,Levi,Jaffa S,185,,,FALSE,,FALSE,,FALSE,,378,,8,,,,,,,,,,,,,,,,,,,,,,,,,,,,,,,,2,,,FALSE,,,,,,,2,,,FALSE,,,,,,,,,,
379,20,30,01,30,2002,06,14,Levi,Ashdod N,180,,,FALSE,,FALSE,,FALSE,,379,,2.5,,,,,,,,,,,,,,,,,,,,,,,,,,,,,,,,2,,,FALSE,,,,,,,3,0.5,,FALSE,,,,,,,,,,
380,02,30,08,30,2002,06,14,Levi,Jaffa S,180,,,FALSE,,FALSE,,FALSE,,380,,3.5,,,,,,,,,,,,,,,,,,,,,,,,,,,,,,,,2,,,FALSE,,,,,,,3,,,FALSE,,,,,,,,,,
381,09,00,14,00,2002,06,15,Levi,Ashdod N,180,,,FALSE,,FALSE,,FALSE,,381,,5,,,,,,,,,,,,,,,,,,,,,,,,,,,,,,,,2,,,FALSE,,,,,,,2,,,FALSE,,,,,,,,,,
382,15,00,20,00,2002,06,15,Levi,Jaffa N,185,,,FALSE,,FALSE,,FALSE,,382,,5,,,,,,,,,,,,,,,,,,,,,,,,,,,,,,,,,,,FALSE,,,,,,,2,1,,FALSE,,,,,,,,,,
383,23,00,,,2002,06,15,Levi,Natanya S,12,,,FALSE,,FALSE,,FALSE,Gambari,383,,,,,,,,2,15 Kg,,,,,,,,,,,,,,,,,,,,,,,,,,,,FALSE,,,,,,,,,,FALSE,,,,,,,,,,
384,05,30,09,30,2002,06,16,Levi,Falick N,22,,,FALSE,,FALSE,,FALSE,,384,,,,,,,,,,,,,,,,,,,,,,4,,,,,,,,,,0.5,,,,,FALSE,,,,,,,,,,FALSE,,,,,,,,,,
385,10,00,14,00,2002,06,16,Levi,Hadera S,22,,,FALSE,,FALSE,,FALSE,,385,,,,,,,,1,,,,,,,,,,,,,,2,,,,,,,,,,,,,,,FALSE,,,,,,,,,,FALSE,,,,,,,,,,
386,15,00,19,00,2002,06,16,Levi,Hadera S,28,,,FALSE,,FALSE,,FALSE,,386,2,,,,,,,,,,,,,,2 B+,1 M+,,,,,,1,,,,,,,,,,,,,,,FALSE,,1 Ind,,,,,,,,FALSE,,,,,,,,,,
387,21,00,03,00,2002,06,16,Levi,Ashdod N,8,,,FALSE,,FALSE,,FALSE,,387,,,,,,,,,25 Kg,,,,,,,,,,,,,,,,,,,,,,,,,,,,FALSE,,,,,,,,,,FALSE,,,,,,,,,,
388,20,00,,,2002,06,26,Shrot,Jaffa N,180,,,FALSE,,FALSE,,FALSE,,388,,3,,,,,,,,,,,,,,,,,,,,,,,,,,,,,,,,,,,FALSE,,,,,,,,2,,FALSE,,,,,,,,,,
389,03,00,,,2002,06,27,Shrot,Natanya S,180,,,FALSE,,FALSE,,FALSE,,389,,5,,,,,,,,,,,,,,,,,,,,,,,,,,,,,,,,,,,FALSE,,,,,,,,,,FALSE,,,,,,,,,,
390,10,,,,2002,06,27,Shrot,Jaffa N,180,,,FALSE,,FALSE,,FALSE,,390,,5,,,,,,,,,,,,,,,,,,,,,,,,,,,,,,,,,,,FALSE,,,,,,,,,,FALSE,,,,,,,,,,
391,,,,,2002,06,27,Shrot,Natanya S,,,,FALSE,,FALSE,,FALSE,,391,,3,,,,,,,,,,,,,,,,,,,,,,,,,,,,,,,,,,,FALSE,,,,,,,,,,FALSE,,,,,,,,,,
392,21,30,,,2002,07,05,Levi,Ashdod N,,1.3,,FALSE,,FALSE,,FALSE,Gambari,392,,,,,,,,2,26 Kg,,,,,,,,,,,,,,,,,,,,,,,,,,,,FALSE,,,,,,,,,,FALSE,,,,,,0.5,,,,
393,06,30,09,30,2002,07,07,Levi,Riding N,,3.6,,FALSE,,FALSE,,FALSE,,393,1,,,,,,,1,,,,,,,,,,,,,,,,,,,,,1 B+,,,,,,,,FALSE,,1,,,,,,,,FALSE,,,,,,,,,,
394,21,30,05,30,2002,07,07,Levi,Ashdod N,,1.3,,FALSE,,FALSE,,FALSE,,394,,,,,,,,,25 Kg,,,,,,,,,,,,,,,,,,,,,,,,,,,,FALSE,,,,,,,,,,FALSE,,,,,,,,,,
395,06,30,09,30,2002,07,08,Levi,Ashdod N,,1.4,,FALSE,,FALSE,,FALSE,,395,,,,,,,,0.5,,,,,,many,,,,1.5 L+,,,1 M+,,,,,,,,,,,,,,,,FALSE,,,,,,,,,,FALSE,,,,,,,,,,
396,11,00,12,00,2002,07,08,Levi,Jaffa N,,2.8,,FALSE,,FALSE,,FALSE,,396,,,,,,,,1,,,,,,,,,,,,,,,,,,,,,,,,,,,,,FALSE,,,,,,,,,,FALSE,,,,,,,,,,
397,13,00,16,00,2002,07,08,Levi,Riding N,,2.8,,FALSE,,FALSE,,FALSE,,397,,,,,,,1,,,,,,0.5,,,,,0.5 L+,,,,,,,,,,,,,,,,,,,FALSE,,1,,,,,,,,FALSE,,,,,,,,,,
398,16,30,20,00,2002,07,08,Levi,Falick S,,3,,FALSE,,FALSE,,FALSE,,398,,,,,,,,2,,,,,,,,,,,,,,,,,,,,,,,,1,,,,,FALSE,,,,,,,,,,FALSE,,,,,,,,,,
399,21,00,05,30,2002,07,08,Levi,bank,,1.3,,FALSE,,FALSE,,FALSE,,399,,,,,,,,,25 Kg,,,,,,,,,,,,,,,,,,,,,,,,,,,,FALSE,,,,,,,,,,FALSE,,,,,,,,,,
400,06,30,09,30,2002,07,09,Levi,Riding N,40,,,FALSE,,FALSE,,FALSE,,400,,,,,,,,2,,,,,,,,,,,,,,,,,,,,,,,,,,,,,FALSE,,,,,,,,,,FALSE,,,,,,,,,,
401,11,00,15,30,2002,07,09,Levi,Jaffa S,180,,,FALSE,,FALSE,,FALSE,,401,,5,,,,,,,,2,,,,,1,,,,,,,,,,,,,,,,,,,1,,,FALSE,kalamari omek?,,,,,,,,,FALSE,,,,,,,,,,
402,16,30,20,30,2002,07,09,Levi,Ashdod N,180,,,FALSE,,FALSE,,FALSE,,402,,4,,,,,,,,1,,,,,1,,,,,,,,,,,,,,,,,,,1,,,FALSE,kalamari omek?,,,,,,,,,FALSE,,,,,,,,,,
403,22,00,03,30,2002,07,09,Levi,Ashdod N,11,,,FALSE,,FALSE,,FALSE,,403,,,,,,,,,,,,,,many,,,,,,,,,,,,,,,,,,,,,,,FALSE,,,,,,,,,,FALSE,,,,,,,,,,
404,,,,,2002,07,17,Shrot,Ashdod S,27,,,FALSE,,FALSE,,FALSE,,404,,,,,,,,,,,,,,,,,,,,,,,,,,,,,,,,,,,,,FALSE,,,,,6,,,,,FALSE,,,,,,,,,,
405,,,,,2002,07,17,Shrot,Ashdod S,27,,,FALSE,,FALSE,,FALSE,,405,,,,,,,,,,,,,,,,,,,,,,,,,,,,,,,,,,,,,FALSE,,,,,10,,,,,FALSE,,,,,,,,,,
406,,,,,2002,07,17,Shrot,Ashdod S,,1.2,night,TRUE,,FALSE,,FALSE,,406,,,,,,,,,2,,,,,,,,,,,,,,,,,,,,,,,,,,,,FALSE,,,,,,,,,,FALSE,,,,,,,,,,
407,,,,,2002,07,18,Shrot,Ashdod S,26,,,FALSE,,FALSE,,FALSE,,407,,,,,,,,,,,,,,,,,,,,,,,,,,,,,,,,,,,,,FALSE,,,,,6,,,,,FALSE,,,,,,,,,,
408,,,,,2002,07,18,Shrot,Katza N,26,,,FALSE,,FALSE,,FALSE,,408,,,,,,,,,,,,,,,,,,,,,,,,,,,,,,,,,,,,,FALSE,,,,,10,,,,,FALSE,,,,,,,,,,
409,,,,,2002,07,18,Shrot,Ashdod S,26,,,FALSE,,FALSE,,FALSE,,409,,,,,,,,,,,,,,,,,,,,,,,,,,,,,,,,,,,,,FALSE,,,,,5,,,,,FALSE,,,,,,,,,,
410,,,,,2002,07,18,Shrot,Ashdod S,,,,FALSE,,FALSE,,FALSE,,410,,,,,,,,,,,,,,,,,,,,,,,,,,,,,,,,,,,,,FALSE,,,,,3,,,,,FALSE,,,,,,,,,,
411,,,,,2002,07,19,Shrot,Ashdod S,26,,,FALSE,,FALSE,,FALSE,,411,,,,,,,,,,,,,,,,,,,,,,,,,,,,,,,,,,,,,FALSE,,,,,3,,,,,FALSE,,,,,,,,,,
412,,,,,2002,07,19,Shrot,Katza N,,3,,FALSE,,FALSE,,FALSE,,412,,,,,,,,,,,,,,,,,,,,,,,,,,,,,,,,,,,,,FALSE,,,,,10,,,,,FALSE,,,,,,,,,,
413,,,,,2002,07,19,Shrot,Ashdod S,,1.8,,FALSE,,FALSE,,FALSE,,413,,,,,,,,,,,,,,,,,,,,,,,,,,,,,,,,,,,,,FALSE,,,,,10,,,,,FALSE,,,,,,,,,,
414,,,,,2002,07,19,Shrot,Ashdod S,,,night,TRUE,,FALSE,,FALSE,,414,,,,,,,,,30 Kg,,,,,,,,,,,,,,,,,,,,,,,,,,,,FALSE,,,,,,,,,,FALSE,,,,,,,,,,
415,,,,,2002,07,20,Shrot,Ashdod N,,2.5,,FALSE,,FALSE,,FALSE,,415,,,,,,,,,,,,,,,,,,,,,,,,,,,,,,,,,,,,,FALSE,,,,,6,,,,,FALSE,,,,,,,,,,
416,,,,,2002,07,20,Shrot,Bat yam S,,1.6,,FALSE,,FALSE,,FALSE,,416,,,,,,,,,,,,,,,,,,,,,,,,,,,,,,,,,,,,,FALSE,,,,,2,,,,,FALSE,,,,,,,,,,
417,,,,,2002,07,20,Shrot,Ashdod S,,2.2,,FALSE,,FALSE,,FALSE,,417,,,,,,,,,,,,,,,,,,,,,,,,,,,,,,,,,,,,,FALSE,,,,,2,,,,,FALSE,,,,,,,,,,
418,,,,,2002,07,20,Shrot,Ashdod S,,,night,TRUE,,FALSE,,FALSE,,418,,,,,,,,,25 Kg,,,,,,,,,,,,,,,,,,,,,,,,,,,,FALSE,,,,,,,,,,FALSE,,,,,,,,,,
419,,,,,2002,07,21,Shrot,Ashdod S,,,night,TRUE,,FALSE,,FALSE,,419,,,,,,,,,20 Kg,,,,,,,,,,,,,,,,,,,,,,,,,,,,FALSE,,,,,,,,,,FALSE,,,,,,,,,,
420,09,30,14,00,2002,07,22,Levi,Ashdod N,185,,,FALSE,,FALSE,,FALSE,,420,,7,,,,,,,,3,,,,,,,,,,,,,,,,,,,,,,,,,,,FALSE,,,,,,,,,,FALSE,,2,,,,,,,,
421,15,00,19,30,2002,07,22,Levi,Ashdod N,185,,,FALSE,,FALSE,,FALSE,,421,,5,,,,,,,,2,,,,,,,,,,,,,,,,,,,,,,,,,,,FALSE,,,,,,,1,,,FALSE,,1,,,,,,,,
422,22,15,,,2002,07,22,Levi,Ashdod S,11,,,FALSE,,FALSE,,FALSE,,422,,,,,,,,,30 Kg,,,,,many small blue,,,,,,,,,,,,,,,,,,,,,,,FALSE,,,,,,,,,,FALSE,,,,,,,,,,
423,06,45,10,5,2002,07,23,Levi,nitzanim N,27,,,FALSE,,FALSE,,FALSE,,423,,,,,,,,2,,,,,,,,,,,,,,,,,,,,,,,,,,,,,FALSE,,,,,,,,,,FALSE,,,1.5 B+1 S+,,,,,,,
424,11,00,15,00,2002,07,23,Levi,Ashkelon S,28,,,FALSE,,FALSE,,FALSE,,424,,,,,,,,,,,,1,,,,,,,,,,0.5,,,,,,,,,,,,,,,FALSE,,1,,,,,,,,FALSE,,,3.5 B+1 S+,,,,,,,
425,15,30,20,00,2002,07,23,Levi,Ashkelon S,28,,,FALSE,,FALSE,,FALSE,,425,,,,,,,,,,,1,,,,,,,,,,,1 L+1 S+,,,,,,,,,,,,,,,FALSE,is ado,1,,,,,,,,FALSE,,,2 B+1 S+,,,,,,,
426,11,00,14,30,2002,07,24,Levi,Ashdod N,22,,,FALSE,,FALSE,3.4,FALSE,,426,,,,,,,,,,,,,,,,,,,,,,,,,,,,,,,,,,,,,FALSE,,,,,,,,,,TRUE,,,,,,,,,,
427,15,15,19,30,2002,07,24,Levi,Jaffa N,,3.5,,FALSE,,FALSE,,FALSE,,427,,,,,,,,1,,,1,,,,,,,1,,,,1,,,,,,,,,,,,,,,FALSE,,,,,,,,,,FALSE,,,1,,,,,,,
428,20,30,23,00,2002,07,24,Levi,Falick N,56,,,FALSE,,FALSE,,FALSE,,428,,,,,,,,,,,,,,,20 Kg,,,,,,,,,,,,,,,,,,,,,,FALSE,,,,,,,4,,,FALSE,,,,,,,,,,
429,01,00,05,30,2002,07,24,Levi,micmoret S,42,,,FALSE,,FALSE,,FALSE,,429,,,,,,,,,,,,,,,40 Kg,,,,,,,,,,,,,,,,,,,,,,FALSE,,,,,,,8,,,FALSE,,,,,,,,,,
430,06,30,10,00,2002,07,25,Levi,gaas S,28,,,FALSE,,FALSE,,FALSE,,430,2,,,,,,,1,,,1,,,,,,,,,,,,,,,,,2,1 B+1,,,,,,,,FALSE,,,,,,,,,,FALSE,,,,,,,,,,
431,09,30,13,00,2002,07,26,Levi,Ashdod N,,2.6,,FALSE,,FALSE,,FALSE,,431,,,,,,,,,,,,,,,,,,,,,,,,,,,,,,,,,,,,,FALSE,,,,,12 B+,,,,,FALSE,,,,,,,,,,
432,14,00,18,00,2002,07,26,Levi,Jaffa S,,,"maslol ""gol""",FALSE,,FALSE,,FALSE,,432,,,,,,,,,,,,,,,,,,1 L+,,,4 B+,1.5 L+,,,,,,,4 B+6.5,,,,,,2,,FALSE,,,,,,,,,,FALSE,,,,,,,,,,
433,18,30,19,00,2002,07,26,Levi,Ashdod N,,3.2,,FALSE,,FALSE,,FALSE,,433,,,,,,,,,,,,,,,,,,,,,,,,,,,,,,,,,,,,,FALSE,,,,,2,,,,,FALSE,,,,,,,,,,
434,,,,,2002,07,26,Levi,Bat yam S,,,night,TRUE,,FALSE,,FALSE,,434,,,,,,,,,30 Kg,,,,,,,,,,,,,,,,,,,,,,,,,,,,FALSE,,,,,,,,,,FALSE,,,,,,,,,,
435,07,00,14,45,2002,07,27,Levi,Jaffa S,,3,,FALSE,,FALSE,,FALSE,,435,,,,,,,,,,,,,,,,8,,,,,,,,,,,,,,,,,,,,,FALSE,,2,,,,,,,,FALSE,,,,,,,,,,
436,,,,,2002,07,27,Levi,Ashdod N,,3.2,,FALSE,,FALSE,,FALSE,,436,,,,,,,,,,,,,,,,2.5,,,,,,,,,,,,,4.5 S+,,,,,,,,FALSE,,,,,,,,,,FALSE,,,,,,,,,,
437,16,00,,,2002,07,27,Levi,Jaffa N,,3,,FALSE,,FALSE,,FALSE,,437,,,,,,,,,,,,,,,,,,,,,,1.5,,,,,,,,,,,,,,,FALSE,,,,,,,,,,FALSE,,,,,,,,,,
438,,,,,2002,07,27,Levi,Ashdod N,,1.4,night,TRUE,,FALSE,,FALSE,,438,,,,,,,,,30 Kg,,,,,,,,,,,,,,,,,,,,,,,,,,,,FALSE,,,,,,,,,,FALSE,,,,,,,,,,
439,07,,,,2002,07,28,Levi,Palmachim N,,3.4,,FALSE,,FALSE,,FALSE,,439,,,,,,,,,,,,,,,,4,,,,,,1.5,,,,,,,,,,1,,,,,FALSE,,,,,,,,,,FALSE,,,,,,,,,,
440,11,30,15,30,2002,07,28,Levi,Herzelia S,,2.8,,FALSE,,FALSE,,FALSE,,440,,,,,,,1,,,,,,,,,3,,,,,,,,,,,,,,,,,,,,,FALSE,,,,,,,,,,FALSE,,,,,,,,,,
441,16,45,20,00,2002,07,28,Levi,Riding S,,3,,FALSE,,FALSE,,FALSE,,441,,,,,,,,,,,,,,,,,,,,,,,,,,,,,,,,,,,,,FALSE,,,,,4,,,,,FALSE,,,,,,,,,,
442,22,30,03,30,2002,07,28,Levi,Ashdod S,12,,,FALSE,,FALSE,,FALSE,,442,,,,,,,,,20 Kg,,,,,,,,,,,,,,,,,,,,,,,,,,,,FALSE,,,,,,,,,,FALSE,,,,,,,,,,
443,11,30,15,30,2002,08,12,Levi,Ashdod S,,1.4,,FALSE,,FALSE,,FALSE,,443,,,,,,,,,,,,,1,,1.5,1 M+,,2.5,1,,1,,,,,,,,,,,1,,,,,FALSE,,,,,,,,,,FALSE,,,,,,,,,,
444,16,00,20,00,2002,08,12,Levi,Ashdod S,,1.4,,FALSE,,FALSE,,FALSE,,444,,,,,,,,,,,,,,,2,,,2,,,,,,,,,,,,,,,,,,,FALSE,,,,,,,,,,FALSE,,,,4,,,,,,
445,21,00,,,2002,08,12,Levi,Ashdod N,,,,FALSE,,FALSE,,FALSE,Gambari,445,,,,,,,,,20 Kg,,,,,,,,,,,,,,,,,,,,,,,,,,,,FALSE,,,,,,,,,,FALSE,,,,,,,,,,
446,06,45,10,15,2002,08,13,Levi,Rishon N,28,,,FALSE,,FALSE,,FALSE,,446,,,,,,,,1,,,,,,,,,,,,,,,,,,,,,9 M+,,,,,,,,FALSE,,,,,,,,,,FALSE,,,,,,,,,,
447,10,45,14,30,2002,08,13,Levi,gaas S,29,,,FALSE,,FALSE,2.8,FALSE,,447,,,,,,,,,,,,,,,,,,,,,,,,,,,,,4,,,,,,,,FALSE,,,,,,,,,,FALSE,,,,,,,,,,
448,15,30,19,00,2002,08,13,,Jaffa N,,4,,FALSE,,FALSE,2.5,FALSE,,448,,,,,,,,,,,,,,,,,,,,,,,,,,,,,,,,,,,,,FALSE,,,,,4,,,,,FALSE,,,,,,,,,,
449,23,00,05,30,2002,08,13,Levi,Ashdod N,,1.4,,FALSE,,FALSE,,FALSE,,449,,,,,,,,,25 Kg,,,,,,,,,,,,,,,,,,,,,,,,,,,,FALSE,,,,,,,,,,FALSE,,,,,,,,,,
450,06,30,10,30,2002,08,14,Levi,Jaffa N,29,,,FALSE,,FALSE,3.3,FALSE,Gambari,450,,,,,,,,1,,,,,,,,,,,,,,,,,,,,,,,1,,,,,,FALSE,,1,,,,,,,,FALSE,,,,,,,,,,
451,11,00,15,00,2002,08,14,Levi,Falick N,,4,,FALSE,,FALSE,,FALSE,,451,,,,,,,,,,,,,,,,,,,,,,,,,,,,,,,,,,,,,FALSE,,,,,,,,,,TRUE,,,,,,,,,,
452,15,30,19,00,2002,08,14,Levi,Hadera S,,3,,FALSE,,FALSE,,FALSE,,452,,,,,,,,,,,,,,,,,,,,,,,,,,,,,,,,,,,,,FALSE,,,,,3,,,,,FALSE,,,,,,,,,,
453,20,00,23,00,2002,08,14,Levi,Natanya S,12,,,FALSE,,FALSE,,FALSE,Gambari,453,,,,,,,,10,10 Kg,,,,,,,,,,,,,,,,,,,,,,,,,,,,FALSE,most of the gamberi is bizri,,,,,,,,,FALSE,,,,,,,,,,
454,12,00,05,30,2002,08,14,Levi,bank,13,,,FALSE,,FALSE,,FALSE,Gambari,454,,,,,,,,,20 B+10 S+,,,,,,,,,,,,,,,,,,,,,,,,,,,,FALSE,,,,,,,,,,FALSE,,,,,,,,,,
455,06,30,10,30,2002,08,15,Levi,Jaffa N,18,,,FALSE,,FALSE,,FALSE,,455,,,,,,,,,,,,,,,,,,,,,,,,,,,,,,,,,,,,,FALSE,lavan+kalamari,,,,7,,,,,FALSE,,,,,,,,,,
456,11,15,14,00,2002,08,15,Levi,Jaffa N,,,,FALSE,,FALSE,,FALSE,,456,,,,,,,,,,,,,,,,5,,,,,,,,,,,,,,,,,,,,,FALSE,,,,,,,,,,FALSE,,,,,,,,,,
457,15,00,19,00,2002,08,15,Levi,Herzelia S,26,,,FALSE,,FALSE,,FALSE,,457,,,,,,,,,,,,1,1,,,,,,,,,1.5,,,,,,,1.5,,,,,,,1 B+,FALSE,,1,,,,,,,,FALSE,,,,,,,,,,
458,20,00,00,00,2002,08,15,Levi,Ashdod N,9,,,FALSE,,FALSE,,FALSE,,458,,,,,,,,,,,,,,,,,,,,,,,,,,10 M+,,,,,,,,,,,FALSE,,,,,,,,,,FALSE,,,,,,,,,,
459,00,30,03,30,2002,08,15,Levi,Ashdod N,,1.4,,FALSE,,FALSE,,FALSE,Gambari,459,,,,,,,,,10 Kg,,,,,,,,,,,,,,,,,,,,,,,,,,,,FALSE,,,,,,,,,,FALSE,,,,,,,,,,
460,15,00,19,00,2002,08,16,Levi,Ashdod N,13,,,FALSE,,FALSE,,FALSE,,460,,,,,,,,,,,,,,,,15 M+,,,,,,,,,,,,,,,,,,,,,FALSE,,,,,,,,,,FALSE,,,,,,,,,,
461,19,30,01,30,2002,08,16,Levi,Ashdod N,9,,,FALSE,,FALSE,,FALSE,,461,,,,,,,,,,,,,,,,8,,,,,,,,,,,,,,,,,,,,,FALSE,,,,,,,,,,FALSE,,,,,,,,,,
462,02,30,07,00,2002,08,16,Levi,bank N,12,,,FALSE,,FALSE,,FALSE,,462,,,,,,,,,,,,,,,,,,,,,,,,,,,,,,,,,,,,,FALSE,,,,,18,,,,,FALSE,,,,,,,,,,
463,07,30,12,00,2002,08,17,Levi,Natanya S,,1.5,,FALSE,,FALSE,,FALSE,,463,,,,,,,,,,,,,,,,,,12,,,,,,,,,,,,,,,,,,,FALSE,,,,,6,,,,,FALSE,,,,,,,,,,
464,12,30,16,30,2002,08,17,Levi,Falick S,26,,,FALSE,,FALSE,,FALSE,,464,,,,,,,,1,,,,,1,,,,,,,,,1,,,,,,,,,,,,,,,FALSE,,1,,,,,,,,FALSE,,,,,,,,,,
465,17,00,20,00,2002,08,17,Levi,Tel Aviv S,27,,,FALSE,,FALSE,,FALSE,,465,,,,,,,,,,,,,,,,,,,,,,,,,,,,,8,,,,,,,,FALSE,,,,,6,,,,,FALSE,,,,,,,,,,
466,21,00,,,2002,08,17,Levi,,,1.4,,FALSE,,FALSE,,FALSE,Gambari,466,,,,,,,,,22 Kg,,,,,,,,,,,,,,,,,,,,,,,,,,,,FALSE,,,,,,,,,,FALSE,,,,,,,,,,
467,07,00,,,2002,08,18,Levi,Kor N,27,,,FALSE,,FALSE,,FALSE,spanish,467,,,,,,,,,,,,,1,,,,,1,,,,1,,,,,,,,,,,,,,,FALSE,,0.5,,,,,,,,FALSE,,,3,,,,,,,
468,11,30,14,30,2002,08,18,Levi,Falick S,27,,,FALSE,,FALSE,,FALSE,spanish,468,,,,,,,,0.5,,,,,1,,,,,,,,,,,,,,,,,,,,,,,,FALSE,,0.5,,,,,,,,FALSE,,,,,,,,,,
469,18,00,23,00,2002,08,18,Levi,Falick S,,2.6,,FALSE,,FALSE,,FALSE,spanish,469,,,,,,,,,,,,,1,,,5,,,,,,,,,,,,,,,,,,,,,FALSE,,1,,,,,,,,FALSE,,,,,,,,,,
470,00,00,05,30,2002,08,18,Levi,Ashdod N,10,,,FALSE,,FALSE,,FALSE,,470,,,,,,,,,20 Kg,,,,,,,,,,,,,,,,,,,,,,,,,,,,FALSE,,,,,,,,,,FALSE,,,,,,,,,,
471,16,00,19,30,2002,08,19,,Ashdod S,,1.6,,FALSE,,FALSE,,FALSE,,471,,,,,,,,10,,,,,,,1,,,,,,,,,,,,,,,,,,,,,,FALSE,10 lavan+malita,,,,,,,,,FALSE,,,,,,,,,,
472,,,,,2002,08,25,Knaaan,Ashdod S,,,,FALSE,,FALSE,,FALSE,,472,,,,,,,,15,,,,,,,,,,,,,,,,,,,,,,,,,,,,,FALSE,15 moslty soltan mix,,,,,,,,,FALSE,,,,,,,,,,
473,,,,,2002,08,26,Shrot,Ashdod S,22,,,FALSE,,FALSE,,FALSE,,473,,,,,,,,,,,,,,,,,,,,,,,,,,,,,,,,,,,,,FALSE,,,,,8,,,,,FALSE,,,,,,,,,,
474,,,,,2002,08,26,Shrot,Ashdod N,32,,,FALSE,,FALSE,,FALSE,,474,,,,,,,,,,,,,,,,,,,,,,,,,,,,,,,,,,,,,FALSE,,,,,12,,,,,FALSE,,,,,,,,,,
475,,,,,2002,08,26,Shrot,Ashdod S,,,night,TRUE,,FALSE,,FALSE,,475,,,,,,,,,25 Kg,,,,,,,,,,,,,,,,,,,,,,,,,,,,FALSE,,,,,3,,,,,FALSE,,,,,,,,,,
476,,,,,2002,08,27,Shrot,Ashdod S,32,,,FALSE,,FALSE,,FALSE,,476,,,,,,,,,,,,,,,,,,,,,,,,,,,,,,,,,,,,,FALSE,,,,,7,,,,,FALSE,,,,,,,,,,
477,,,,,2002,08,27,Shrot,Ashdod S,32,,,FALSE,,FALSE,,FALSE,,477,,,,,,,,,,,,,,,,,,,,,,,,,,,,,,,,,,,,,FALSE,,,,,7,,,,,FALSE,,,,,,,,,,
