Net,Start_Time_hh,Start_Time_mm,End_Time_hh,End_Time_mm,Year(XXXX),Month(XX),Day(XX),Fishermen,Fishing_field,Depth,Distance_to_Shore,Commants,Storm,High_Sea,Gambari,Net,Anshubi,Bakala,Barbon,Ben_Gurion,Crab,Denis,Farida,Fish,Gambari,Gerbida,Hazir,Hulim,Intias,Jelly_Fish,Kalamari,Lavan,Makarunim,Malitta,Marmir,Musar,Palamud,Pas_Tzahov,Rofus,Rofus_Fake,Sabida,Saragus,Sardin,Scombri,Soltan,Soltan_Fake,Soltan_Mix,Special,Tarachun,Taref,Televisia,Trulus,Missing,Comments,Lokus,Very_weak,Sol
1,20,15,02,00,1976,9,27,levi,Ashdod(S),8.5,,,FALSE,FALSE,FALSE,1,,,,,,,,20 Kg,,,,,,,,,,,,,,,,,,,,,,,,,,,,,FALSE,,,FALSE,
2,03,00,07,45,1976,9,30,levi,Bardawil,8,,fishing west from shore,FALSE,FALSE,FALSE,2,,,,,,,,20 Kg,,,,,,,,,,,,,,,,,,,,,,,,,,,,,FALSE,,,FALSE,
3,08,00,13,30,1976,9,30,levi,Bardawil E,7,,fising direction east,FALSE,FALSE,FALSE,3,,,,,,,,10 Kg,,,,,,,,,,,,,,,,,,,,,,,,,,,,,FALSE,,,FALSE,
4,14,00,19,15,1976,9,30,levi,Bardawil E,24,,fishing diraction east to west,FALSE,FALSE,FALSE,4,,,,,,,,24 Kg,,,,,,,,,,,,,,,,,,,,,,,,,,,,,FALSE,,,FALSE,
5,19,45,01,00,1976,9,30,levi,Bardawil W,7.5,,,FALSE,FALSE,FALSE,5,,,,,,,,20 Kg,,,,,,,,,,,,,,,,,,,,,,,,,,,,,FALSE,,,FALSE,
6,01,30,07,00,1976,9,30,levi,Bardawil W,8,10,Shore=kala/s,FALSE,FALSE,FALSE,6,,,,,,,,5 Kg,,,,,,,,,,,,,,,,,,,,,,,,,,,,,FALSE,,,FALSE,
7,08,00,11,00,1976,10,1,levi,Bardawil W,,,,FALSE,FALSE,FALSE,7,,,,,,,,8 Kg,,,,,,,,,,,,,,,,,,,,,,,,,,,,,FALSE,,,FALSE,
8,11,30,17,30,1976,10,1,levi,El Arish,,10,Shore=kala/s,FALSE,FALSE,FALSE,8,,,,,,,,30 Kg,,,,,,,,,,,,,,,,,,,,,,,,,,,,,FALSE,,,FALSE,
9,18,00,23,30,1976,10,1,levi,El Arish,,12.5,Shore=kala/s,FALSE,FALSE,FALSE,9,,,,,,,,30 Kg,,,,,,,,,,,,,,,,,,,,,,,,,,,,,FALSE,,,FALSE,
10,00,00,06,00,1976,10,2,levi,El Arish,,12.5,Shore=kala/s,FALSE,FALSE,FALSE,10,,,,,,,,20 Kg,,,,,,,,,,,,,,,,,,,,,,,,,,,,,FALSE,,,FALSE,
11,06,45,10,00,1976,10,2,levi,El Arish,18,12.5,Shore=kala/s,FALSE,FALSE,FALSE,11,,,,,,,,8 Kg,,,,,,,,,,,,,,,,,,,,,,,,,,,,,FALSE,,,FALSE,
12,10,15,15,00,1976,10,2,levi,El Arish,13,,direction east,FALSE,FALSE,FALSE,12,,,,,,,,20 Kg,,,,,,,,,,,,,,,,,,,,,,,,,,,,,FALSE,,,FALSE,
13,15,30,20,00,1976,10,2,levi,El Arish,13,,direction east,FALSE,FALSE,FALSE,13,,,,,,,,,,,,,,,,,,,,,,,,,,,,,,,,,,,,,FALSE,very low catch,,FALSE,
14,09,30,13,30,1976,10,11,levi,El Arish,14,,fishing direction west,FALSE,FALSE,FALSE,14,,,,,,,,30 Kg,,,,,,,,,,,,,,,,,,,,,,,,,,,,,FALSE,,,FALSE,
15,14,00,18,00,1976,10,11,levi,El Arish,14,,"fishing direction west
both nets torn by dolphins",FALSE,FALSE,FALSE,15,,,,,,,,12 Kg,,,,,,,,,,,,,,,,,,,,,,,,,,,,,FALSE,,,FALSE,
16,19,30,01,00,1976,10,11,levi,El Arish,15,,fishing direction east,FALSE,FALSE,FALSE,16,,,,,,,,25 Kg,,,,,,,,,,,,,,,,,,,,,,,,,,,,,FALSE,,,FALSE,
17,01,15,07,00,1976,10,12,levi,El Arish,16,,"fishing direction east
strong easterlies",FALSE,FALSE,FALSE,17,,,,,,,,125 Kg,,,,,,,,,,,,,,,,,,,,,,,,,,,,,FALSE,,,FALSE,
18,08,30,14,00,1976,10,12,levi,El Arish,14,,fishing direction east,FALSE,FALSE,FALSE,18,,,,,,,,60 Kg,,,,,,,,,,,,,,,,,,,,,,,,,,,,,FALSE,,,FALSE,
19,17,00,23,00,1976,10,12,levi,in front of Bardawil direction west,15,,,FALSE,FALSE,FALSE,19,,,,,,,,45 Kg,,,,,,,,,,,,,,,,,,,,,,,,,,,,,FALSE,,,FALSE,
20,23,30,06,00,1976,10,13,levi,El Arish,16,,fishing direction east,FALSE,FALSE,FALSE,20,,,,,,,,100 Kg,,,,,,,,,,,,,,,,,,,,,,,,,,,,,FALSE,,,FALSE,
21,07,00,13,00,1976,10,13,levi,El Arish,14,,fishing direction east,FALSE,FALSE,FALSE,21,,,,,,,,45 Kg,,,,,,,,,,,,,,,,,,,,,,,,,,,,,FALSE,,,FALSE,
22,13,00,19,00,1976,10,13,levi,El Arish,13,,"fishing direction east
both nets torn by dolphins",FALSE,FALSE,FALSE,22,,,,,,,,25 Kg,,,,,,,,,,,,,,,,,,,,,,,,,,,,,FALSE,,,FALSE,
23,19,45,01,00,1976,10,13,levi,El Arish,15,,"fishing direction west
one dolphin hole",FALSE,FALSE,FALSE,23,,,,,,,,40 Kg,,,,,,,,,,,,,,,,,,,,,,,,,,,,,FALSE,,,FALSE,
24,01,45,07,00,1976,10,14,levi,El Arish,16,,"fishing direction east &west

one dolphin hole",FALSE,FALSE,FALSE,24,,,,,,,,30 Kg,,,,,,,,,,,,,,,,,,,,,,,,,,,,,FALSE,,,FALSE,
25,08,00,13,00,1976,10,14,levi,El Arish,15,,"fishing direction west
holes in tow nets probably sharks",FALSE,FALSE,FALSE,25,,,,,,,,15 Kg,,,,,,,,,,,,,,,,,,,,,,,,,,,,,FALSE,,,FALSE,
26,15,30,16,15,1976,10,14,levi,El Arish W,12.5,,,FALSE,FALSE,FALSE,26,,,,,,,,2 Kg,,,,,,,,,,,,,,,,,,,,,,,,,,,,,FALSE,,,FALSE,
27,16,45,23,00,1976,10,14,levi,El Arish NE,17,,lots of crabes,FALSE,FALSE,FALSE,27,,,,,,,,25 Kg,,,,,,,,,,,,,,,,,,,,,,,,,,,,,FALSE,,,FALSE,
28,23,30,06,00,1976,10,15,levi,El Arish W,15,,,FALSE,FALSE,FALSE,28,,,,,,,,40 Kg,,,,,,,,,,,,,,,,,,,,,,,,,,,,,FALSE,,,FALSE,
29,06,30,07,00,1976,10,15,levi,El Arish E,14,,,FALSE,FALSE,FALSE,29,,,,,,,,15 Kg,,,,,,,,,,,,,,,,,,,,,,,,,,,,,FALSE,,,FALSE,
30,15,30,21,30,1976,10,15,levi,El Arish W,12,,,FALSE,FALSE,FALSE,30,,,,,,,,25 Kg,,,,,,,,,,,,,,,,,,,,,,,,,,,,,FALSE,,,FALSE,
31,22,00,05,00,1976,10,15,levi,El Arish W,15,,,FALSE,FALSE,FALSE,31,,,,,,,,30 Kg,,,,,,,,,,,,,,,,,,,,,,,,,,,,,FALSE,,,FALSE,
32,06,30,09,00,1976,10,16,levi,El Arish,,,,FALSE,FALSE,FALSE,32,,,,,,,,18 Kg,,,,,,,,,,,,,,,,,,,,,,,,,,,,,FALSE,,,FALSE,
33,09,15,11,15,1976,10,16,levi,El Arish,,,,FALSE,FALSE,FALSE,33,,,,,,,,8 Kg,,,,,,,,,,,,,,,,,,,,,,,,,,,,,FALSE,,,FALSE,
34,12,30,18,00,1976,10,16,levi,El Arish,16,,,FALSE,FALSE,FALSE,34,,,,,,,,25 Kg,,,,,,,,,,,,,,,,,,,,,,,,,,,,,FALSE,,,FALSE,
35,17,30,24,00,1976,10,16,levi,El Arish E+W,,,,FALSE,FALSE,FALSE,35,,,,,,,,25 Kg,,,,,,,,,,,,,,,,,,,,,,,,,,,,,FALSE,,,FALSE,
36,24,30,06,00,1976,10,17,levi,El Arish,17,,,FALSE,FALSE,FALSE,36,,,,,,,,30 Kg,,,,,,,,,,,,,,,,,,,,,,,,,,,,,FALSE,,,FALSE,
37,23,30,05,30,1976,11,4,levi,,11,3.4,,FALSE,FALSE,FALSE,37,,,,,,,,40 Kg,,,,,,,,,,,,,,,,,,,,,,,,,,,,,FALSE,,,FALSE,
38,07,30,11,30,1976,11,4,levi,Ashdod(S),23,,,FALSE,FALSE,FALSE,38,,,,,,,,7,,,,,,,,,,,,,,,,,,,,,,,,,,,,,FALSE,,,FALSE,
39,12,15,16,30,1976,11,4,levi,Ashdod(S),21,,,FALSE,FALSE,FALSE,39,,,,,,,,12,,,,,,,,,,,,,,,,,,,,,,,,,,,,,FALSE,,,FALSE,
40,17,15,23,00,1976,11,4,levi,Ashdod W,17,,,FALSE,FALSE,FALSE,40,,,,,,,,6,,,,,,,,,,,,,,,,,,,,,,,,,,,,,FALSE,,,FALSE,
41,23,30,04,00,1976,11,5,levi,Ashdod NE,23,,,FALSE,FALSE,FALSE,41,,,,,,,,4,,,,,,,,,,,,,,,,,,,,,,,,,,,,,FALSE,,,FALSE,
42,04,45,09,00,1976,11,05,levi,Ashdod(S),18,,,FALSE,FALSE,FALSE,42,,,,,,,,12,,,,,,,,,,,,,,,,,,,,,,,,,,,,,FALSE,,,FALSE,
43,14,00,18,00,1976,11,05,levi,Ashdod(N),14.5,,,FALSE,FALSE,FALSE,43,,,,,,,,8,,,,,,,,,,,,,,,,,,,,,,,,,,,,,FALSE,,,FALSE,
44,18,30,23,30,1976,11,05,levi,Ashdod(S),16,,,FALSE,FALSE,FALSE,44,,,,,,,,5,,,,,,,,,,,,,,,,,,,,,,,,,,,,,FALSE,,,FALSE,
45,00,15,05,30,1976,11,06,levi,Ashdod(N),20,,,FALSE,FALSE,FALSE,45,,,,,,,,6,,,,,,,,,,,,,,,,,,,,,,,,,,,,,FALSE,,,FALSE,
46,10,00,13,30,1976,11,06,levi,Ashdod(S),25,,,FALSE,FALSE,FALSE,46,,,,,,,,12,,,,,,,,,,,,,,,,,,,,,,,,,,,,,FALSE,,,FALSE,
47,14,00,16,45,1976,11,06,levi,Ashdod(N),25,,,FALSE,FALSE,FALSE,47,,,,,,,,10,,,,,,,,,,,,,,,,,,,,,,,,,,,,,FALSE,,,FALSE,
48,23,00,05,30,1976,11,07,levi,Ashdod(S),10.5,,,FALSE,FALSE,FALSE,48,,,,,,,,,2.5,,,,,,,,,,,,,,,,,,,,,,,,,,,,FALSE,,,FALSE,
49,07,00,11,00,1976,11,07,levi,Ashdod(S),27,,,FALSE,FALSE,FALSE,49,,,,,,,,14,,,,,,,,,,,,,,,,,,,,,,,,,,,,,FALSE,,,FALSE,
50,11,45,16,00,1976,11,07,levi,Ashdod(S),25,,,FALSE,FALSE,FALSE,50,,,,,,,,10,,,,,,,,,,,,,,,,,,,,,,,,,,,,,FALSE,,,FALSE,
51,16,30,21,45,1976,11,07,,Ashdod(N),25,,,FALSE,FALSE,FALSE,51,,,,,,,,7,,,,,,,,,,,,,,,,,,,,,,,,,,,,,FALSE,,,FALSE,
52,22,30,03,30,1976,11,05,levi,Ashdod(S),22,,,FALSE,FALSE,FALSE,52,,,,,,,,7,,,,,,,,,,,,,,,,,,,,,,,,,,,,,FALSE,,,FALSE,
53,04,15,08,30,1976,11,08,levi,Ashdod(S),22,,,FALSE,FALSE,FALSE,53,,,,,,,,4,,,,,,,,,,,,,,,,,,,,,,,,,,,,,FALSE,,,FALSE,
54,10,00,14,00,1976,11,08,levi,El Arish,15,,,FALSE,FALSE,FALSE,54,,,,,,,,16,,,,,,,,,,,,,,,,,,,,,,,,,,,,,FALSE,,,FALSE,
55,15,00,19,30,1976,11,08,levi,El Arish W,14.5,,,FALSE,FALSE,FALSE,55,,,,,,,,8,,,,,,,,,,,,,,,,,,,,,,,,,,,,,FALSE,,,FALSE,
56,20,30,01,30,1976,11,08,levi,El Arish W,20,,,FALSE,FALSE,FALSE,56,,,,,,,,,15,,,,,,,,,,,,,,,,,,,,,,,,,,,,FALSE,,,FALSE,
57,02,15,07,30,1976,11,09,levi,El Arish E,18,,,FALSE,FALSE,FALSE,57,,,,,,,,5,8 Kg,,,,,,,,,,,,,,,,,,,,,,,,,,,,FALSE,,,FALSE,
58,08,30,12,30,1976,11,09,levi,El Arish W,29,,,FALSE,FALSE,FALSE,58,,,,,,,,15,,,,,,,,,,,,,,,,,,,,,,,,,,,,,FALSE,,,FALSE,
59,13,30,17,30,1976,11,09,levi,El Arish E,30,,,FALSE,FALSE,FALSE,59,,,,,,,,20,,,,,,,,,,,,,,,,,,,,,,,,,,,,,FALSE,,,FALSE,
60,19,45,24,00,1976,11,09,levi,El Arish E,20,,,FALSE,FALSE,FALSE,60,,,,,,,,4,5 Kg,,,,,,,,,,,,,,,,,,,,,,,,,,,,FALSE,,,FALSE,
61,01,30,07,00,1976,11,10,levi,El Arish,20,,,FALSE,FALSE,FALSE,61,,,,,,,,10 Kg,,,,,,,,,,,,,,,,,,,,,,,,,,,,,FALSE,,,FALSE,
62,07,45,12,00,1976,11,10,levi,El Arish N,15,,,FALSE,FALSE,FALSE,62,,,,,,,,14,,,,,,,,,,,,,,,,,,,,,,,,,,,,,FALSE,,,FALSE,
63,10,30,14,30,1976,11,11,sarot,El Arish W,29,,,FALSE,FALSE,FALSE,63,,,,,,,,8,,,,,,,,,,,,,,,,,,,,,,,,,,,,,FALSE,,2 Ind,FALSE,
64,04,00,09,30,1976,11,16,sarot,El Arish E,26,,holes from dolphins,FALSE,FALSE,FALSE,64,,,,,,,,8,,,,,,,,,,,,,,,,,,,,,,,,,,,,,FALSE,,,FALSE,
65,11,00,15,00,1976,11,16,,El Arish,,,,FALSE,FALSE,FALSE,65,,,,,,,,20,,,,,,,,,,,,,,,,,,,,,,,,,,,,,FALSE,,,FALSE,
66,16,00,21,00,1976,11,16,sarot,El Arish,14,,,FALSE,FALSE,FALSE,66,,,,,,,,9,,,,,,,,,,,,,,,,,,,,,,,,,,,,,FALSE,,,FALSE,
67,22,00,08,00,1976,11,16,sarot,El Arish,,,,FALSE,FALSE,FALSE,67,,,,,,,,4,,,,,,,,,,,,,,,,,,,,,,,,,,,,,FALSE,,,FALSE,
68,00,30,04,00,1976,11,18,levi,Ashdod(S),10,,,FALSE,FALSE,FALSE,68,,,,,,,,12 Kg,,,,,,,,,,,,,,,,,,,,,,,,,,,,,FALSE,,,FALSE,
69,05,00,10,00,1976,11,18,levi,Ashdod(S),22,,,FALSE,FALSE,FALSE,69,,,,,,,,12,,,,,,,,,,,,,,,,,,,,,,,,,,,,,FALSE,,,FALSE,
70,10,45,14,30,1976,11,18,levi,Gaza S,15,,,FALSE,FALSE,FALSE,70,,,,,,,,10,,,,,,,,,,,,,,,,,,,,,,,,,,,,,FALSE,,1 Ind,FALSE,
71,15,15,19,30,1976,11,18,levi,Dir El Balk SW,14,,,FALSE,FALSE,FALSE,71,,,,,,,,11,,,,,,,,,,,,,,,,,,,,,,,,,,,,,FALSE,,1 Ind,FALSE,
72,20,15,24,30,1976,11,18,levi,Dir El Balk W,18,,,FALSE,FALSE,FALSE,72,,,,,,,,,,,,,,,,,,,,,,,,,,,,,,,,,,,,,FALSE,very low catch,,FALSE,
73,01,30,06,00,1976,11,19,levi,El Arish W,20,,,FALSE,FALSE,FALSE,73,,,,,,,,15 Kg,,,,,,,,,,,,,,,,,,,,,,,,,,,,,FALSE,,,FALSE,
74,07,30,11,30,1976,11,19,levi,El Arish E,29,,,FALSE,FALSE,FALSE,74,,,,,,,,15,,,,,,,,,,,,,,,,,,,,,,,,,,,,,FALSE,,2 Ind,FALSE,
75,12,30,16,30,1976,11,19,levi,El Arish W,24.5,,,FALSE,FALSE,FALSE,75,,,,,,,,12,,,,,,,,,,,,,,,,,,,,,,,,,,,,,FALSE,,1 Ind,FALSE,
76,17,30,23,30,1976,11,19,levi,El Arish E,20,,,FALSE,FALSE,FALSE,76,,,,,,,,,40 Kg,,,,,,,,,,,,,,,,,,,,,,,,,,,,FALSE,,1 Ind,FALSE,
77,08,00,12,00,1976,11,19,levi,El Arish W,29,,,FALSE,FALSE,FALSE,77,,,,,,,,10,,,,,,,,,,,,,,,,,,,,,,,,,,,,,FALSE,,,FALSE,
78,13,00,17,00,1976,11,20,levi,El Arish E,28,,,FALSE,FALSE,FALSE,78,,,,,,,,14,,,,,,,,,,,,,,,,,,,,,,,,,,,,,FALSE,,1 Ind,FALSE,
79,18,00,23,00,1976,11,20,levi,El Arish,20,,,FALSE,FALSE,FALSE,79,,,,,,,,,25 Kg,,,,,,,,,,,,,,,,,,,,,,,,,,,,FALSE,,,FALSE,
80,24,00,06,00,1976,11,21,levi,El Arish E,20,,,FALSE,FALSE,FALSE,80,,,,,,,,,18,,,,,,,,,,,,,,,,,,,,,,,,,,,,FALSE,,,FALSE,
81,07,00,17,00,1976,11,21,levi,El Arish E,26,,,FALSE,FALSE,FALSE,81,,,,,,,,17,,,,,,,,,,,,,,,,,,,,,,,,,,,,,FALSE,,,FALSE,
82,06,00,10,00,1976,11,22,levi,Nitzanim S,25,,,FALSE,FALSE,FALSE,82,,,,,,,,15,,,,,,,,,,,,,,,,,,,,,,,,,,,,,FALSE,,,FALSE,
83,10,45,14,45,1976,11,22,levi,Katza S,22,,,FALSE,FALSE,FALSE,83,,,,,,,,14,,,,,,,,,,,,,,,,,,,,,,,,,,,,,FALSE,,,FALSE,
84,15,30,20,00,1976,11,22,levi,Gaza N,22,,,FALSE,FALSE,FALSE,84,,,,,,,,9,,,,,,,,,,,,,,,,,,,,,,,,,,,,,FALSE,,,FALSE,
85,21,30,24,30,1976,11,22,levi,Ashkelon N,10,,,FALSE,FALSE,FALSE,85,,,,,,,,,2,,,,,,,,,,,,,,,,,,,,,,,,,,,,FALSE,,,FALSE,
86,01,00,05,00,1976,11,23,levi,Ashdod(N),10,,,FALSE,FALSE,FALSE,86,,,,,,,,,2.5,,,,,,,,,,,,,,,,,,,,,,,,,,,,FALSE,,,FALSE,
87,06,30,10,00,1976,11,23,levi,Ashkelon N,25,,,FALSE,FALSE,FALSE,87,,,,,,,,10,,,,,,,,,,,,,,,,,,,,,,,,,,,,,FALSE,,3 Ind,FALSE,
88,10,45,15,00,1976,11,23,levi,Ashdod(S),25,,,FALSE,FALSE,FALSE,88,,,,,,,,8,,,,,,,,,,,,,,,,,,,,,,,,,,,,,FALSE,,,FALSE,
89,17,00,21,00,1976,11,23,levi,Ashkelon N,,,,FALSE,FALSE,FALSE,89,,,,,,,,,2.5,,,,,,,,,,,,,,,,,,,,,,,,,,,,FALSE,,,FALSE,
90,21,30,04,30,1976,11,23,levi,Ashdod(S),9,,,FALSE,FALSE,FALSE,90,,,,,,,,,5.5,,,,,,,,,,,,,,,,,,,,,,,,,,,,FALSE,,,FALSE,
91,,,,,,,,,,,,strong SW winds,TRUE,FALSE,FALSE,91,,,,,,,,,,,,,,,,,,,,,,,,,,,,,,,,,,,,,FALSE,,,FALSE,
92,09,15,13,00,1976,11,29,levi,Ashdod(N),43,,,FALSE,FALSE,FALSE,92,,,,,,,,3,,,,,,,,,,,,,,,,,,,,,,,,,,,,,FALSE,,,FALSE,
93,14,00,17,30,1976,11,19,levi,Tel Aviv S,30,,"s winds

other fishing vessel was fishimg at 18F and caught 80 argaz",FALSE,FALSE,FALSE,93,,,,,,,,5,,,,,,,,,,,,,,,,,,,,,,,,,,,,,FALSE,,,FALSE,
94,17,30,23,30,1976,11,30,levi,Ashdod(S),8,,,FALSE,FALSE,FALSE,94,,,,,,,,,4.5,,,,,,,,,,,,,,,,,,,,,,,,,,,,FALSE,,,FALSE,
95,24,00,06,00,1976,12,1,levi,Ashdod(S),9.5,,,FALSE,FALSE,FALSE,95,,,,,,,,,2.5,,,,,,,,,,,,,,,,,,,,,,,,,,,,FALSE,,,FALSE,
96,07,30,11,15,1976,12,1,levi,Ashdod(S),22,,,FALSE,FALSE,FALSE,96,,,,,,,,25,,,,,,,,,,,,,,,,,,,,,,,,,,,,,FALSE,,,FALSE,
97,12,00,14,45,1976,12,1,levi,,,,,FALSE,FALSE,FALSE,97,,,,,,,,22,,,,,,,,,,,,,,,,,,,,,,,,,,,,,FALSE,,,FALSE,
98,,,,,1976,12,2,,,,,,TRUE,FALSE,FALSE,98,,,,,,,,,,,,,,,,,,,,,,,,,,,,,,,,,,,,,FALSE,,,FALSE,
99,23,30,05,45,1976,12,09,levi,Ashdod(S),10,,,FALSE,FALSE,FALSE,99,,,,,,,,,15 Kg,,,,,,,,,,,,,,,,,,,,,,,,,,,,FALSE,,,FALSE,
100,07,00,11,00,1976,12,09,levi,Ashdod(N),25,,,FALSE,FALSE,FALSE,100,,,,,,,,8,,,,,,,,,,,,,,,,,,,,,,,,,,,,,FALSE,,,FALSE,
101,11,45,15,45,1976,12,09,levi,Tel Aviv S,25,,,FALSE,FALSE,FALSE,101,,,,,,,,10,,,,,,,,,,,,,,,,,,,,,,,,,,,,,FALSE,,,FALSE,
102,13,00,17,00,1976,12,10,levi,Ashdod(S),25,,,FALSE,FALSE,FALSE,102,,,,,,,,17,,,,,,,,,,,,,,,,,,,,,,,,,,,,,FALSE,,,FALSE,
103,18,15,22,30,1976,12,10,levi,Ashkelon N,10,,,FALSE,FALSE,FALSE,103,,,,,,,,,2,,,,,,,,,,,,,,,,,,,,,,,,,,,,FALSE,,,FALSE,
104,23,00,05,00,1976,12,11,levi,Ashdod(S),8,,,FALSE,FALSE,FALSE,104,,,,,,,,,2.5,,,,,,,,,,,,,,,,,,,,,,,,,,,,FALSE,,,FALSE,
105,06,15,10,00,1976,12,11,levi,Ashdod(S),23,,,FALSE,FALSE,FALSE,105,,,,,,,,12,,,,,,,,,,,,,,,,,,,,,,,,,,,,,FALSE,,,FALSE,
106,10,30,14,00,1976,12,11,levi,Ashkelon N,22,,,FALSE,FALSE,FALSE,106,,,,,,,,10,,,,,,,,,,,,,,,,,,,,,,,,,,,,,FALSE,,,FALSE,
107,15,00,18,00,1976,12,11,levi,,22,,,FALSE,FALSE,FALSE,107,,,,,,,,8,,,,,,,,,,,,,,,,,,,,,,,,,,,,,FALSE,,,FALSE,
108,00,15,05,30,1976,12,12,levi,Ashdod(S),9,,,FALSE,FALSE,FALSE,108,,,,,,,,,2,,,,,,,,,,,,,,,,,,,,,,,,,,,,FALSE,,,FALSE,
109,06,30,10,30,1976,12,12,levi,Nitzanim S,22,,,FALSE,FALSE,FALSE,109,,,,,,,,15,,,,,,,,,,,,,,,,,,,,,,,,,,,,,FALSE,,,FALSE,
110,11,00,14,30,1976,12,12,levi,,22,,,FALSE,FALSE,FALSE,110,,,,,,,,10,,,,,,,,,,,,,,,,,,,,,,,,,,,,,FALSE,,,FALSE,
111,15,00,18,00,1976,12,12,levi,Ashdod,25,,,FALSE,FALSE,FALSE,111,,,,,,,,4,,,,,,,,,,,,,,,,,,,,,,,,,,,,,FALSE,,,FALSE,
112,22,00,02,00,1976,12,12,levi,Ashdod(S),10,,,FALSE,FALSE,FALSE,112,,,,,,,,,2,,,,,,,,,,,,,,,,,,,,,,,,,,,,FALSE,,,FALSE,
113,03,15,07,00,1976,12,13,levi,Ashkelon S,22,,,FALSE,FALSE,FALSE,113,,,,,,,,8,,,,,,,,,,,,,,,,,,,,,,,,,,,,,FALSE,,,FALSE,
114,07,30,11,30,1976,12,13,levi,Gaza N,22,,,FALSE,FALSE,FALSE,114,,,,,,,,15,,,,,,,,,,,,,,,,,,,,,,,,,,,,,FALSE,,,FALSE,
115,12,00,16,00,1976,12,13,levi,Ashkelon S,22,,,FALSE,FALSE,FALSE,115,,,,,,,,10,,,,,,,,,,,,,,,,,,,,,,,,,,,,,FALSE,,,FALSE,
116,16,30,22,30,1976,12,13,levi,Gaza S,22,,,FALSE,FALSE,FALSE,116,,,,,,,,8,,,,,,,,,,,,,,,,,,,,,,,,,,,,,FALSE,,,FALSE,
117,23,00,05,30,1976,12,14,levi,Gaza N,22,,,FALSE,FALSE,FALSE,117,,,,,,,,4,,,,,,,,,,,,,,,,,,,,,,,,,,,,,FALSE,,,FALSE,
118,06,00,10,00,1976,12,13,levi,Ashdod(S),22,,,FALSE,FALSE,FALSE,118,,,,,,,,8,0.5,,,,,,,,,,,,,,,,,,,,,,,,,,,,FALSE,,,FALSE,
119,10,30,14,30,1976,12,14,levi,Gaza S,22,,Hard conditions strong  N wind,FALSE,FALSE,FALSE,119,,,,,,,,15,,,,,,,,,,,,,,,,,,,,,,,,,,,,,FALSE,,3 Ind,FALSE,
120,16,30,22,30,1976,12,14,levi,Ashdod(N),22,,,FALSE,FALSE,FALSE,120,,,,,,,,4,0.5,,,,,,,,,,,,,,,,,,,,,,,,,,,,TRUE,,1 Ind,FALSE,0.5
121,23,00,04,00,1976,12,15,levi,Ashdod(S),23.5,,strong N wind,FALSE,FALSE,FALSE,121,,,,,,,,4,,,,,,,,,,,,,,,,,,,,,,,,,,,,,FALSE,,,FALSE,
122,04,30,08,30,1976,12,15,levi,Ashdod(S),25,,,FALSE,FALSE,FALSE,122,,,,,,,,6,,,,,,,,,,,,,,,,,,,,,,,,,,,,,FALSE,,,FALSE,
123,09,00,03,00,1976,12,15,levi,Ashkelon S,25,,,FALSE,FALSE,FALSE,123,,,,,,,,4,,,,,,,,,,,,,,,,,,,,,,,,,,,,,FALSE,,,FALSE,
124,13,30,16,15,1976,12,15,levi,Ashkelon N,26,,Hard weather,FALSE,FALSE,FALSE,124,,,,,,,,4,,,,,,,,,,,,,,,,,,,,,,,,,,,,,FALSE,,,FALSE,
125,,,,,1976,12,16,sarot,Nitzanim S,22,,,FALSE,FALSE,FALSE,125,,,,,,,,10,,,,,,,,,,,,,,,,,,,,,,,,,,,,,FALSE,,,FALSE,
126,,,,,1976,12,16,sarot,Gaza S,18,,,FALSE,FALSE,FALSE,126,,,,,,,,10,,,,,,,,,,,,,,,,,,,,,,,,,,,,,FALSE,,,FALSE,
127,,,,,1976,12,16,sarot,Han younes S,15,,,FALSE,FALSE,FALSE,127,,,,,,,,5,,,,,,,,,,,,,,,,,,,,,,,,,,,,,FALSE,,7 Ind,FALSE,
128,,,,,1976,12,16,sarot,El Arish E,17,,,FALSE,FALSE,FALSE,128,,,,,,,,2,,,,,,,,,,,,,,,,,,,,,,,,,,,,,FALSE,,,FALSE,
129,,,,,1976,12,17,sarot,Rafiah W,15,,,FALSE,FALSE,FALSE,129,,,,,,,,10,,,,,,,,,,,,,,,,,,,,,,,,,,,,,FALSE,,,FALSE,
130,,,,,1976,12,17,sarot,El Arish E,20,,,FALSE,FALSE,FALSE,130,,,,,,,,5,,,,,,,,,,,,,,,,,,,,,,,,,,,,,FALSE,,,FALSE,
131,,,,,1976,12,19,sarot,Mikmoret N,42,,,FALSE,FALSE,FALSE,131,,,,,,,,8,,,,,,,,,,,,,,,,,,,,,,,,,,,,,FALSE,,,FALSE,
132,,,,,1976,12,19,sarot,Zihron,42,,,FALSE,FALSE,FALSE,132,,,,,,,,3,,,,,,,,,,,,,,,,,,,,,,,,,,,,,FALSE,,,FALSE,
133,,,,,1976,12,20,sarot,Natanya S,34,,,FALSE,FALSE,FALSE,133,,,,,,,,3,,,,,,,,,,,,,,,,,,,,,,,,,,,,,FALSE,,2 Ind,FALSE,
134,,,,,1976,12,20,sarot,Herzelia S,42,,,FALSE,FALSE,FALSE,134,,,,,,,,3,,,,,,,,,,,,,,,,,,,,,,,,,,,,,FALSE,,2 Ind,FALSE,
135,,,,,1976,12,20,sarot,Jaffa S,23,,,FALSE,FALSE,FALSE,135,,,,,,,,8,,,,,,,,,,,,,,,,,,,,,,,,,,,,,FALSE,,,FALSE,
136,,,,,1976,12,21,sarot,Katza S,15,,,FALSE,FALSE,FALSE,136,,,,,,,,8,,,,,,,,,,,,,,,,,,,,,,,,,,,,,FALSE,,,FALSE,
137,,,,,1976,12,21,sarot,Ashkelon N,20,,,FALSE,FALSE,FALSE,137,,,,,,,,8,,,,,,,,,,,,,,,,,,,,,,,,,,,,,FALSE,,,FALSE,
138,,,,,1976,12,21,sarot,Ashdod(S),,,,FALSE,FALSE,FALSE,138,,,,,,,,,3,,,,,,,,,,,,,,,,,,,,,,,,,,,,FALSE,,,FALSE,
139,,,,,1976,12,21,sarot,Ashdod(S),,,,FALSE,FALSE,FALSE,139,,,,,,,,1,2,,,,,,,,,,,,,,,,,,,,,,,,,,,,FALSE,,,FALSE,
140,22,00,05,00,1976,12,27,levi,Ashkelon S,97,,,FALSE,FALSE,FALSE,140,,,,,,,,10,,,,,,,,,,,,,,,,,,,,,,,,,,,,,FALSE,,,FALSE,
141,06,00,12,00,1976,12,28,levi,W,105,,,FALSE,FALSE,FALSE,141,,,,,,,,8,,,,,,,,,,,,,,,,,,,,,,,,,,,,,FALSE,,,FALSE,
142,13,00,19,00,1976,12,28,levi,E,110,,,FALSE,FALSE,FALSE,142,,,,,,,,10,,,,,,,,,,,,,,,,,,,,,,,,,,,,,FALSE,,,FALSE,
143,20,00,05,00,1976,12,28,levi,Ashdod(S),110,,,FALSE,FALSE,FALSE,143,,,,,,,,10,,,,,,,,,,,,,,,,,,,,,,,,,,,,,FALSE,,,FALSE,
144,13,00,17,00,1976,12,30,levi,Ashdod(S),21,,,FALSE,FALSE,FALSE,144,,,,,,,,7,,,,,,,,,,,,,,,,,,,,,,,,,,,,,FALSE,,,FALSE,
145,18,00,22,00,1976,12,30,levi,Ashdod(S),8,,,FALSE,FALSE,FALSE,145,,,,,,,,20 Kg,,,,,,,,,,,,,,,,,,,,,,,,,,,,,FALSE,,,FALSE,
146,22,30,04,00,1976,12,31,levi,Ashdod(S),10,,,FALSE,FALSE,FALSE,146,,,,,,,,20 Kg,,,,,,,,,,,,,,,,,,,,,,,,,,,,,FALSE,,,FALSE,
147,07,00,13,00,1976,12,31,levi,Ashdod(S),105,,,FALSE,FALSE,FALSE,147,,,,,,,,12,,,,,,,,,,,,,,,,,,,,,,,,,,,,,FALSE,,,FALSE,
148,21,00,04,00,1976,12,31,levi,Ashdod(S),105,,,FALSE,FALSE,FALSE,148,,,,,,,,10,,,,,,,,,,,,,,,,,,,,,,,,,,,,,FALSE,,,FALSE,
149,05,00,11,00,1977,01,01,levi,Ashdod SW,102.5,,,FALSE,FALSE,FALSE,149,,,,,,,,13,,,,,,,,,,,,,,,,,,,,,,,,,,,,,FALSE,,,FALSE,
150,12,00,19,00,1977,01,01,levi,Ashdod NE,102.5,,,FALSE,FALSE,FALSE,150,,,,,,,,12,,,,,,,,,,,,,,,,,,,,,,,,,,,,,FALSE,,,FALSE,
151,20,30,03,15,1977,01,01,levi,Ashdod(N),97.5,,,FALSE,FALSE,FALSE,151,,,,,,,,5,,,,,,,,,,,,,,,,,,,,,,,,,,,,,FALSE,,,FALSE,
152,04,00,09,00,1977,01,02,levi,Ashdod(S),100,,,FALSE,FALSE,FALSE,152,,,,,,,,4,,,,,,,,,,,,,,,,,,,,,,,,,,,,,FALSE,,,FALSE,
153,06,00,10,30,1977,01,05,zin,Ashkelon S,22.5,,,FALSE,FALSE,FALSE,153,,,,,,,,10,,,,,,,,,,,,,,,,,,,,,,,,,,,,,FALSE,,,FALSE,
154,11,00,16,30,1977,01,05,zin,Gaza S,23,,,FALSE,FALSE,FALSE,154,,,,,,,,13,,,,,,,,,,,,,,,,,,,,,,,,,,,,,FALSE,,,FALSE,
155,17,15,23,30,1977,01,05,zin,Rafiah,15,,,FALSE,FALSE,FALSE,155,,,,,,,,5,,,,,,,,,,,,,,,,,,,,,,,,,,,,,FALSE,,,FALSE,
156,24,00,06,00,1977,01,06,zin,Rafiah,25,,,FALSE,TRUE,FALSE,156,,,,,,,,4,,,,,,,,,,,,,,,,,,,,,,,,,,,,,FALSE,,,FALSE,
157,09,30,14,00,1977,01,06,zin,Rafiah,22,,,FALSE,FALSE,FALSE,157,,,,,,,,6,,,,,,,,,,,,,,,,,,,,,,,,,,,,,FALSE,,,FALSE,
158,14,30,17,30,1977,01,06,zin,Gaza N,23,,,FALSE,FALSE,FALSE,158,,,,,,,,4,,,,,,,,,,,,,,,,,,,,,,,,,,,,,FALSE,,,FALSE,
159,08,30,18,30,1977,01,07,zin,Nitzanim S,102,,,FALSE,FALSE,FALSE,159,,,,,,,,27,,,,,,,,,,,,,,,,,,,,,,,,,,,,,FALSE,,,FALSE,
160,14,30,20,00,1977,01,07,zin,,102,,,FALSE,FALSE,FALSE,160,,,,,,,,8,,,,,,,,,,,,,,,,,,,,,,,,,,,,,FALSE,,,FALSE,
161,04,00,21,00,1977,01,07,zin,Ashkelon S,105,,,FALSE,FALSE,FALSE,161,,,,,,,,13,,,,,,,,,,,,,,,,,,,,,,,,,,,,,FALSE,,,FALSE,
162,05,00,10,30,1977,01,08,zin,Rafih N,105,,,FALSE,FALSE,FALSE,162,,,,,,,,105,,,,,,,,,,,,,,,,,,,,,,,,,,,,,FALSE,,,FALSE,
163,11,15,17,00,1977,01,07,zin,Gaza S,107,,,FALSE,FALSE,FALSE,163,,,,,,,,12,,,,,,,,,,,,,,,,,,,,,,,,,,,,,FALSE,,,FALSE,
164,17,45,23,30,1977,01,08,zin,Rafiah N,102.5,,,FALSE,FALSE,FALSE,164,,,,,,,,5,,,,,,,,,,,,,,,,,,,,,,,,,,,,,FALSE,,,FALSE,
165,00,30,06,15,1977,01,09,zin,,103.5,,,FALSE,FALSE,FALSE,165,,,,,,,,,,,,,,,,,,,,,,,,,,,,,,,,,,,,,FALSE,,,FALSE,
166,07,15,14,00,1977,01,09,zin,,105,,,FALSE,FALSE,FALSE,166,,,,,,,,13,,,,,,,,,,,,,,,,,,,,,,,,,,,,,FALSE,,,FALSE,
167,,,,,1977,01,10,sarot,Palmahim N,75,,,FALSE,FALSE,FALSE,167,,,,,,,,8,,,,,,,,,,,,,,,,,,,,,,,,,,,,,FALSE,,,FALSE,
168,,,,,1977,01,10,sarot,Falick S,75,,,FALSE,FALSE,FALSE,168,,,,,,,,8,,,,,,,,,,,,,,,,,,,,,,,,,,,,,FALSE,,,FALSE,
169,,,,,1977,01,10,sarot,Bat Yam S,40,,,FALSE,FALSE,FALSE,169,,,,,,,,9,,,,,,,,,,,,,,,,,,,,,,,,,,,,,FALSE,,,FALSE,
170,,,,,1977,01,10,sarot,Ashdod(S),,,,FALSE,FALSE,FALSE,170,,,,,,,,,25 Kg,,,,,,,,,,,,,,,,,,,,,,,,,,,,FALSE,,,FALSE,
171,,,,,1977,01,10,sarot,Ashdod(N),40,,,FALSE,FALSE,FALSE,171,,,,,,,,5,,,,,,,,,,,,,,,,,,,,,,,,,,,,,FALSE,,,FALSE,
172,,,,,1977,01,11,sarot,Reedingn N,40,,3 hours trawling,FALSE,FALSE,FALSE,172,,,,,,,,13,,,,,,,,,,,,,,,,,,,,,,,,,,,,,FALSE,,,FALSE,
173,,,,,1977,01,11,sarot,Falick S,40,,3 hours trawling,FALSE,FALSE,FALSE,173,,,,,,,,12,,,,,,,,,,,,,,,,,,,,,,,,,,,,,FALSE,,,FALSE,
174,,,,,1977,01,11,zin,Jaffa S,35,,,FALSE,FALSE,FALSE,174,,,,,,,,5,,,,,,,,,,,,,,,,,,,,,,,,,,,,,FALSE,,,FALSE,
175,,,,,1977,01,12,sarot,Ashdod(N),25,,,FALSE,FALSE,FALSE,175,,,,,,,,11,,,,,,,,,,,,,,,,,,,,,,,,,,,,,FALSE,,,FALSE,
176,,,,,1977,01,12,sarot,Jaffa S,23.25,,,FALSE,FALSE,FALSE,176,,,,,,,,11,,,,,,,,,,,,,,,,,,,,,,,,,,,,,FALSE,,,FALSE,
177,,,,,1977,01,13,sarot,El Arish W,23,,,FALSE,FALSE,FALSE,177,,,,,,,,5,,,,,,,,,,,,,,,,,,,,,,,,,,,,,FALSE,,,FALSE,
178,,,,,1977,01,13,sarot,El Arish W,28,,,FALSE,FALSE,FALSE,178,,,,,,,,4,,,,,,,,,,,,,,,,,,,,,,,,,,,,,FALSE,,3 Ind,FALSE,
179,,,,,1977,01,13,sarot,kels W,18,,,FALSE,FALSE,FALSE,179,,,,,,,,10,,,,,,,,,,,,,,,,,,,,,,,,,,,,,FALSE,,1 Ind,FALSE,
180,,,,,1977,01,13,sarot,kels E,23,,,FALSE,FALSE,FALSE,180,,,,,,,,3,,,,,,,,,,,,,,,,,,,,,,,,,,,,,FALSE,,,FALSE,
181,,,,,1977,01,13,sarot,,13,,,FALSE,FALSE,FALSE,181,,,,,,,,5,,,,,,,,,,,,,,,,,,,,,,,,,,,,,FALSE,,,FALSE,
182,,,,,1977,01,14,sarot,Ashdod W,13,,,FALSE,FALSE,FALSE,182,,,,,,,,8,,,,,,,,,,,,,,,,,,,,,,,,,,,,,FALSE,,,FALSE,
183,,,,,1977,01,14,sarot,Ashdod E,13,,,FALSE,FALSE,FALSE,183,,,,,,,,10,,,,,,,,,,,,,,,,,,,,,,,,,,,,,FALSE,,1  Ind,FALSE,
184,,,,,1977,01,15,sarot,Rafiah E,105,,,FALSE,FALSE,FALSE,184,,,,,,,,10,,,,,,,,,,,,,,,,,,,,,,,,,,,,,FALSE,,,FALSE,
185,14,30,18,30,1977,01,15,sarot,Nitzanim S,109,,,FALSE,FALSE,FALSE,185,,,,,,,,4,,,,,,,,,,,,,,,,,,,,,,,,,,,,,FALSE,,,FALSE,
186,19,45,02,00,1977,01,17,sarot,Gaza S,107,,,FALSE,FALSE,FALSE,186,,,,,,,,5,,,,,,,,,,,,,,,,,,,,,,,,,,,,,FALSE,,,FALSE,
187,05,00,09,30,1977,01,18,zin,Rafiah W,22.5,,,FALSE,FALSE,FALSE,187,,,,,,,,5,,,,,,,,,,,,,,,,,,,,,,,,,,,,,FALSE,,,FALSE,
188,11,00,,,1977,01,18,zin,,,,,TRUE,FALSE,FALSE,188,,,,,,,,,,,,,,,,,,,,,,,,,,,,,,,,,,,,,FALSE,,,FALSE,
189,,,,,1977,01,19,,,,,,TRUE,FALSE,FALSE,189,,,,,,,,,,,,,,,,,,,,,,,,,,,,,,,,,,,,,FALSE,,,FALSE,
190,,,,,1977,01,20,,,,,,TRUE,FALSE,FALSE,190,,,,,,,,,,,,,,,,,,,,,,,,,,,,,,,,,,,,,FALSE,,,FALSE,
191,21,30,23,30,1977,01,21,zin,Ashdod(S),,,,TRUE,FALSE,FALSE,191,,,,,,,,24 Kg,,,,,,,,,,,,,,,,,,,,,,,,,,,,,FALSE,,,FALSE,
192,08,00,10,30,1977,01,23,zin,Nitzanim S,22.5,,,FALSE,FALSE,FALSE,192,,,,,,,,11,,,,,,,,,,,,,,,,,,,,,,,,,,,,,FALSE,,,FALSE,
193,,,,,1977,01,24,sarot,Katza S,23,,,FALSE,FALSE,FALSE,193,,,,,,,,10,,,,,,,,,,,,,,,,,,,,,,,,,,,,,FALSE,,,FALSE,
194,,,,,1977,01,24,sarot,Gaza N,16.5,,,FALSE,FALSE,FALSE,194,,,,,,,,8,,,,,,,,,,,,,,,,,,,,,,,,,,,,,FALSE,,,FALSE,
195,,,,,1977,01,24,sarot,Ashdod(S),,,,FALSE,FALSE,FALSE,195,,,,,,,,,30 Kg,,,,,,,,,,,,,,,,,,,,,,,,,,,,FALSE,,,FALSE,
196,,,,,1977,01,24,sarot,Ashdod(S),,,,FALSE,FALSE,FALSE,196,,,,,,,,,18 Kg,,,,,,,,,,,,,,,,,,,,,,,,,,,,FALSE,,,FALSE,
197,,,,,1977,01,24,sarot,Ashdod(S),,,,FALSE,FALSE,FALSE,197,,,,,,,,,18 Kg,,,,,,,,,,,,,,,,,,,,,,,,,,,,FALSE,,,FALSE,
198,,,,,1977,01,25,sarot,Ashdod(N),25,,,FALSE,FALSE,FALSE,198,,,,,,,,20,,,,,,,,,,,,,,,,,,,,,,,,,,,,,FALSE,,,FALSE,
199,,,,,1977,01,25,sarot,Jaffa S,25,,,FALSE,FALSE,FALSE,199,,,,,,,,15,,,,,,,,,,,,,,,,,,,,,,,,,,,,,FALSE,,,FALSE,
200,,,,,1977,01,25,sarot,Ashdod,,,"Gambari net
6 hours trawling",FALSE,FALSE,FALSE,200,,,,,,,,32 Kg,,,,,,,,,,,,,,,,,,,,,,,,,,,,,FALSE,,,FALSE,
201,,,,,1977,01,25,sarot,Ashdod,,,"Gambari net
6 hours trawling",FALSE,FALSE,FALSE,201,,,,,,,,,23,,,,,,,,,,,,,,,,,,,,,,,,,,,,FALSE,,,FALSE,
202,,,,,1977,01,26,sarot,Ashdod(N),25,,,FALSE,FALSE,FALSE,202,,,,,,,,11,,,,,,,,,,,,,,,,,,,,,,,,,,,,,FALSE,,,FALSE,
203,,,,,1977,01,26,sarot,Jaffa S,25,,,FALSE,FALSE,FALSE,203,,,,,,,,12,,,,,,,,,,,,,,,,,,,,,,,,,,,,,FALSE,,,FALSE,
204,,,,,1977,01,27,sarot,Ashdod(N),34,,,FALSE,FALSE,FALSE,204,,,,,,,,6,,,,,,,,,,,,,,,,,,,,,,,,,,,,,FALSE,,,FALSE,
205,,,,,1977,01,27,sarot,Jaffa S,25,,,FALSE,FALSE,FALSE,205,,,,,,,,10,,,,,,,,,,,,,,,,,,,,,,,,,,,,,FALSE,,,FALSE,
206,,,,,1977,01,27,sarot,Ashdod(S),,,16 hours trawling,FALSE,FALSE,FALSE,206,,,,,,,,,70 Kg,,,,,,,,,,,,,,,,,,,,,,,,,,,,FALSE,,,FALSE,
207,,,,,1977,01,28,sarot,Ashdod(N),25,,,FALSE,FALSE,FALSE,207,,,,,,,,12,,,,,,,,,,,,,,,,,,,,,,,,,,,,,FALSE,,,FALSE,
208,,,,,1977,01,28,sarot,Ashdod,,,6 hours trawling,FALSE,FALSE,FALSE,208,,,,,,,,,20 Kg,,,,,,,,,,,,,,,,,,,,,,,,,,,,FALSE,,,FALSE,
209,,,,,1977,01,29,sarot,Ashdod,,,"7 hours trawling
Gambari net",FALSE,FALSE,FALSE,209,,,,,,,,,40 Kg,,,,,,,,,,,,,,,,,,,,,,,,,,,,FALSE,,,FALSE,
210,,,,,1977,01,30,sarot,Ashdod(N),25,,"5 hours trawling
Gambari net",FALSE,FALSE,FALSE,210,,,,,,,,,13,,,,,,,,,,,,,,,,,,,,,,,,,,,,FALSE,,,FALSE,
211,,,,,1977,01,30,sarot,Tel Aviv S,25,,,FALSE,FALSE,FALSE,211,,,,,,,,10,,,,,,,,,,,,,,,,,,,,,,,,,,,,,FALSE,,,FALSE,
212,,,,,1977,01,30,sarot,Ashdod(S),,,,FALSE,FALSE,FALSE,212,,,,,,,,,23 Kg,,,,,,,,,,,,,,,,,,,,,,,,,,,,FALSE,,,FALSE,
213,,,,,1977,01,30,sarot,Ashdod(S),,,,FALSE,FALSE,FALSE,213,,,,,,,,,27 Kg,,,,,,,,,,,,,,,,,,,,,,,,,,,,FALSE,,,FALSE,
214,,,,,1977,01,31,sarot,Ashdod(N),25,,5 hours trawling,FALSE,FALSE,FALSE,214,,,,,,,,10,,,,,,,,,,,,,,,,,,,,,,,,,,,,,FALSE,,,FALSE,
215,,,,,1977,01,31,sarot,Jaffa S,25,,,FALSE,FALSE,FALSE,215,,,,,,,,8,,,,,,,,,,,,,,,,,,,,,,,,,,,,,FALSE,,,FALSE,
216,,,,,1977,01,31,sarot,Ashdod(S),,,7 hours trawling,FALSE,FALSE,FALSE,216,,,,,,,,0,,,,,,,,,,,,,,,,,,,,,,,,,,,,,FALSE,,,FALSE,
217,,,,,1977,02,01,sarot,Ashdod(S),20,,4 hours trawling,FALSE,FALSE,FALSE,217,,,,,,,,17,,,,,,,,,,,,,,,,,,,,,,,,,,,,,FALSE,,,FALSE,
218,,,,,1977,02,01,sarot,Ashkelon N,20,,4 hours trawling,FALSE,FALSE,FALSE,218,,,,,,,,13,,,,,,,,,,,,,,,,,,,,,,,,,,,,,FALSE,,,FALSE,
219,,,,,1977,02,01,sarot,Ashdod,20,,,FALSE,FALSE,FALSE,219,,,,,,,,20,,,,,,,,,,,,,,,,,,,,,,,,,,,,,FALSE,,,FALSE,
220,22,15,04,15,1977,02,01,sarot,Ashdod(S),10.5,,,FALSE,FALSE,FALSE,220,,,,,,,,6 Kg,,,,,,,,,,,,,,,,,,,,,,,,,,,,,FALSE,,,FALSE,
221,10,30,05,30,1977,02,02,zin,Ashdod,21.5,,,FALSE,FALSE,FALSE,221,,,,,,,,18,,,,,,,,,,,,,,,,,,,,,,,,,,,,,FALSE,,,FALSE,
222,11,00,14,15,1977,02,02,zin,Ashdod,7,,,FALSE,FALSE,FALSE,222,,,,,,,,7,,,,,,,,,,,,,,,,,,,,,,,,,,,,,FALSE,,,FALSE,
223,14,45,17,15,1977,02,02,zin,Ashdod,,,,FALSE,FALSE,FALSE,223,,,,,,,,12,,,,,,,,,,,,,,,,,1,,,,,,,,,,,,FALSE,,,FALSE,
224,00,30,05,00,1977,02,03,zin,Katza,21.5,,Gambari net,FALSE,FALSE,FALSE,224,,,,,,,,3 Kg,,,,,,,,,,,,,,,,,,,,,,,,,,,,,FALSE,,,FALSE,3 Kg
225,06,45,10,45,1977,02,03,zin,Nitzanim S,20.5,,,FALSE,FALSE,FALSE,225,,,,,,,,7,,,,,,,,,,,,,,,,,,,,,,,,,,,,,FALSE,,,FALSE,
226,12,00,17,00,1977,02,03,zin,Ashdod,25.5,,,FALSE,FALSE,FALSE,226,,,,,,,,13,,,,,,,,,,,,,,,,,,,,,,,,,,,,,FALSE,,,FALSE,
227,18,30,00,30,1977,02,03,zin,Ashdod(S),,,,FALSE,FALSE,FALSE,227,,,,,,,,6 Kg,,,,,,,,,,,,,,,,,,,,,,,,,,,,,FALSE,,,FALSE,
228,03,00,07,00,1977,02,04,zin,Ashdod(S),25.5,,,FALSE,FALSE,FALSE,228,,,,,,,,5,,,,,,,,,,,,,,,,,,,,,,,,,,,,,FALSE,,,FALSE,
229,07,30,12,00,1977,02,04,zin,Ashkelon N,25.5,,,FALSE,FALSE,FALSE,229,,,,,,,,14,,,,,,,,,,,,,,,,,,,,,,,,,,,,,FALSE,,,FALSE,
230,,,,,1977,02,05,,,,,,TRUE,FALSE,FALSE,230,,,,,,,,,,,,,,,,,,,,,,,,,,,,,,,,,,,,,FALSE,,,FALSE,
231,,,,,1977,02,06,,,,,,TRUE,FALSE,FALSE,231,,,,,,,,,,,,,,,,,,,,,,,,,,,,,,,,,,,,,FALSE,,,FALSE,
232,,,,,1977,02,07,,,,,,TRUE,FALSE,FALSE,232,,,,,,,,,,,,,,,,,,,,,,,,,,,,,,,,,,,,,FALSE,,,FALSE,
233,,,,,1977,02,08,,,,,,TRUE,FALSE,FALSE,233,,,,,,,,,,,,,,,,,,,,,,,,,,,,,,,,,,,,,FALSE,,,FALSE,
234,,,,,1977,02,09,,,,,,TRUE,FALSE,FALSE,234,,,,,,,,,,,,,,,,,,,,,,,,,,,,,,,,,,,,,FALSE,,,FALSE,
235,,,,,1977,02,10,sarot,Ashdod(S),20,,,FALSE,FALSE,FALSE,235,,,,,,,,3,,,,,,,,,,,,,,,,,,,,,,,,,,,,,FALSE,,,FALSE,
236,,,,,1977,02,11,sarot,ashkelon N,20,,,FALSE,FALSE,FALSE,236,,,,,,,,9,,,,,,,,,,,,,,,,,,,,,,,,,,,,,FALSE,,1 Ind,FALSE,
237,,,,,1977,02,11,sarot,Ashdod(S),25,,,FALSE,FALSE,FALSE,237,,,,,,,,9,,,,,,,,,,,,,,,,,,,,,,,,,,,,,FALSE,,1 Ind,FALSE,
238,,,,,1977,02,11,sarot,Ashkelon N,35,,,FALSE,FALSE,FALSE,238,,,,,,,,7,,,,,,,,,,,,,,,,,,,,,,,,,,,,,FALSE,,,FALSE,
239,,,,,1977,2,12,sarot,Han Yunes N,25,,,FALSE,FALSE,FALSE,239,,,,,,,,8,,,,,,,,,,,,,,,,,,,,,,,,,,,,,FALSE,,,FALSE,
240,,,,,1977,02,12,sarot,Gaza N,18,,,FALSE,FALSE,FALSE,240,,,,,,,,7,,,,,,,,,,,,,,,,,,,,,,,,,,,,,FALSE,,,FALSE,
241,,,,,1977,02,12,sarot,Ashkelon N,11,,,FALSE,FALSE,FALSE,241,,,,,,,,,1,,,,,,,,,,,,,,,,,,,,,,,,,,,,FALSE,,,FALSE,
242,,,,,1977,02,13,sarot,Ashdod(S),11,,,FALSE,FALSE,FALSE,242,,,,,,,,,1,,,,,,,,,,,,,,,,,,,,,,,,,,,,FALSE,,,FALSE,
243,,,,,1977,02,13,sarot,Ashdod(N),25,,,FALSE,FALSE,FALSE,243,,,,,,,,3,,,,,,,,,,,,,,,,,6,,,,,,,,,,,,FALSE,,,FALSE,
244,,,,,1977,02,13,sarot,Jaffa S,,,,FALSE,FALSE,FALSE,244,,,,,,,,9,,,,,,,,,,,,,,,,,,,,,,,,,,,,,FALSE,,,FALSE,
245,21,00,04,15,1977,02,15,sarot,Ashdod(S),,,,FALSE,FALSE,FALSE,245,,,,,,,,,40 Kg,,,,,,,,,,,,,,,,,,,,,,,,,,,,FALSE,,,FALSE,
