Net,Start_Time_hh,Start_Time_mm,End_Time_hh,End_Time_mm,Year(XXXX),Month(XX),Day(XX),Fishermen,Fishing_field,Depth,Distance_to_Shore,Commants,Fishing_field_text,Storm,Speed,High_Sea,Net_Type,Net,Anshubi,Bakala,Barbon,Ben_Gurion,Crab,Denis,Farida,Fish,Gambari,Gerbida,Hazir,Hulim,Intias,Jelly_Fish,Kalamari,Lavan,Makarunim,Malitta,Marmir,Musar,Palamud,Pas_Tzahov,Rofus,Rofus_Fake,Sabida,Saragus,Sardin,Scombri,Soltan,Soltan_Fake,Soltan_Mix,Special,Tarachun,Taref,Televisia,Trulus,Missing,Comments,Lokus,Muslach,Gitara,Box_General,Tziporot,Varod,Vest,Shed Yam,Very_weak,Daba,Octepus,Adom,Hazaim,Lokus_manot,Soltan_Hul,Gerbid_new,barbon_vadim,Cristal,sol
1,05,30,10,15,1977,02,16,Sarot,Ashkelon N,26,,,,FALSE,,FALSE,,1,,,,,,,,11,,,,,,,,,,,,,,,,,,,,,,,,,,,,,FALSE,,,,,,,,,,FALSE,,,,,,,,,,
2,10,40,13,00,1977,02,16,Sarot,Ashdod S,26,,,,FALSE,,FALSE,,2,,,,,,,,4,,,,,,,,,,,,,,,,,,,,,,,,,,,,,FALSE,,,,,,,,,,FALSE,,,,,,,,,,
3,14,00,16,00,1977,02,16,Sarot,Ashdod S,32,,,,FALSE,,FALSE,,3,,,,,,,,,,,,,,,,,,,,,,,,,,,,,,,,,,,,,FALSE,,,,,,,,,,FALSE,,,4,,,,,,,
4,05,30,22,30,1977,02,16,Sarot,Ashdod S,8.5,,,,FALSE,,FALSE,,4,,,,,,,,40 Kg,,,,,,,,,,,,,,,,,,,,,,,,,,,,,FALSE,,,,,,,,,,FALSE,,,,,,,,,,
5,07,30,12,00,1977,02,17,Tzion,Katza S,10,,,,FALSE,,FALSE,,5,,,,,,,,13,,,,,,,,,,,,,,,,,,,,,,,,,,,,,FALSE,,,,,,,,,,FALSE,,,,,,,,,,
6,12,30,16,00,1977,02,17,Tzion,Gazza S,16,,,,FALSE,,FALSE,,6,,,,,,,,13,,,,,,,,,,,,,,,,,,,,,,,,,,,,,FALSE,,,,,,,,,,FALSE,,,,,,,,,,
7,17,30,24,00,1977,02,17,Tzion,Ashdod S,8,,,,FALSE,,FALSE,,7,,,,,,,,,25 Kg,,,,,,,,,,,,,,,,,,,,,,,,,,,,FALSE,,,,,,,,,,FALSE,,,,,,,,,,
8,24,30,05,30,1977,02,18,Tzion,Ashdod S,,,,,FALSE,,FALSE,,8,,,,,,,,20 Kg,,,,,,,,,,,,,,,,,,,,,,,,,,,,,FALSE,,,,,,,,,,FALSE,,,,,,,,,,
9,07,00,11,00,1977,02,18,Tzion,Ashdod S,24.5,,,,FALSE,,FALSE,,9,,,,,,,,4,,,,,,,,,,,,,,,,,,,,,,,,,,,,,FALSE,,,,,,,,,,FALSE,,,,,,,,,,
10,13,00,16,15,1977,02,18,Tzion,Katza S,16,,,,FALSE,,FALSE,,10,,,,,,,,4,,,,,,,,,,,,,,,,,,,,,,,,,,,,,FALSE,,,,,,,,,,FALSE,,,,,,,,,,
11,17,30,05,00,1977,02,18,Tzion,Ashdod S,,,,,FALSE,,FALSE,,11,,,,,,,,,40 Kg,,,,,,,,,,,,,,,,,,,,,,,,,,,,FALSE,,,,,,,,,,FALSE,,,,,,,,,,
12,06,30,10,30,1977,02,19,Tzion,Katza S,16,,,,FALSE,,FALSE,,12,,,,,,,,25,,,,,,,,,,,,,,,,,6,,,,,,,,,,,,FALSE,,0.5,,,,,,,,FALSE,,,,,,,,,,
13,11,30,19,00,1977,02,19,Tzion,Gazza S,20.5,,,,FALSE,,FALSE,,13,,,,,,,,25,,,,,,,,,,,,,,,,,6,,,,,,,,,,,,FALSE,,0.5,,,,,,,,FALSE,,,,,,,,,,
14,19,30,05,00,1977,02,19,Tzion,Ashdod S,,,,,FALSE,,FALSE,,14,,,,,,,,,30 Kg,,,,,,,,,,,,,,,,,,,,,,,,,,,,FALSE,,,,,,,,,,FALSE,,,,,,,,,,
15,06,15,10,30,1977,02,20,Tzion,Katza S,21,,,,FALSE,,FALSE,,15,,,,,,,,,,,,,,,,,,,,,,,,,,,,,,,,,,,,,FALSE,,,,,,,,,,FALSE,,,,,,,,,,
16,19,45,06,00,1977,02,21,Levi,Ashdod S,10,,,,FALSE,,FALSE,,16,,,,,,,,,30 Kg,,,,,,,,,,,,,,,,,,,,,,,,,,,,FALSE,,,,,,,,,,FALSE,,,,,,,,,,
17,08,45,13,00,1977,02,22,Levi,Gazza S,22,,,,FALSE,,FALSE,,17,,,,,,,,5,,,,,,,,,,,,,,,,,,,,,,,,,,,,,FALSE,,,,,,,,,,FALSE,,,,,,,,,,
18,13,15,18,00,1977,02,22,Levi,Ashdod S,17.5,,,,FALSE,,FALSE,,18,,,,,,,,15,,,,,,,,,,,,,,,,,,,,,,,,,,,,,FALSE,,,,,,,,,,FALSE,,,,,,,,,,
19,18,15,24,30,1977,02,22,Levi,Gazza S,15,,,,FALSE,,FALSE,,19,,,,,,,,4,,,,,,,,,,,,,,,,,,,,,,,,,,,,,FALSE,,,,,,,,,,FALSE,,,,,,,,,,
20,14,00,18,00,1977,02,23,Levi,Ashdod W,27,,,,FALSE,,FALSE,,20,,,,,,,,7,,,,,,,,,,,,,,,,,,,,,,,,,,,,,FALSE,,,,,,,,,,FALSE,,,,,,,,,,
21,21,30,05,00,1977,02,23,Levi,Ashdod,18,,,,FALSE,,FALSE,,21,,,,,,,,12,,,,,,,,,,,,,,,,,,,,,,,,,,,,,FALSE,,,,,,,,,,FALSE,,,,,,,,,,
22,06,00,10,00,1977,02,24,Levi,Ashdod,28,,,,FALSE,,FALSE,,22,,,,,,,,13,,,,,,,,,,,,,,,,,,,,,,,,,,,,,FALSE,,,,,,,,,,FALSE,,,,,,,,,,
23,10,30,14,00,1977,02,24,Levi,Ashdod,28,,,,FALSE,,FALSE,,23,,,,,,,,5,,,,,,,,,,,,,,,,,,,,,,,,,,,,,FALSE,,,,,,,,,,FALSE,,,,,,,,,,
24,15,45,18,30,1977,02,24,Levi,Ashdod,28,,,,FALSE,,FALSE,,24,,,,,,,,6,,,,,,,,,,,,,,,,,,,,,,,,,,,,,FALSE,,,,,,,,,,FALSE,,,,,,,,,,
25,00,30,06,15,1977,02,25,Levi,Ashdod,16,,,,FALSE,,FALSE,Gambari,25,,,,,,,,,12,,,,,,,,,,,,,,,,,,,,,,,,,,,,FALSE,,,,,,,,,,FALSE,,,,,,,,,,
26,07,30,12,00,1977,02,25,Levi,Ashdod,12,,,,FALSE,,FALSE,,26,,,,,,,,10,,,,,,,,,,,,,,,,,,,,,,,,,,,,,FALSE,,,,,,,,,,FALSE,,,,,,,,,,
27,12,45,17,00,1977,02,25,Levi,Ashdod W,12,,,,FALSE,,FALSE,,27,,,,,,,,5,,,,,,,,,,,,,,,,,,,,,,,,,,,,,FALSE,,,,,,,,,,FALSE,,,,,,,,,,
28,18,00,00,00,1977,02,25,Levi,Ashdod W,15.5,,,,FALSE,,FALSE,Gambari,28,,,,,,,,,16 Kg,,,,,,,,,,,,,,,,,,,,,,,,,,,,FALSE,,,,,,,,,,FALSE,,,,,,,,,,
29,00,30,06,00,1977,02,26,Levi,Ashdod W,15.5,,,,FALSE,,FALSE,Gambari,29,,,,,,,,,10 Kg,,,,,,,,,,,,,,,,,,,,,,,,,,,,FALSE,,,,,,,,,,FALSE,,,,,,,,,,
30,08,00,12,00,1977,02,26,Levi,Ashdod W,28,,,,FALSE,,FALSE,,30,,,,,,,,10,,,,,,,,,,,,,,,,,,,,,,,,,,,,,FALSE,,,,,,,,,,FALSE,,,,,,,,,,
31,12,45,17,00,1977,02,26,Levi,Ashdod W,20,,,,FALSE,,FALSE,,31,,,,,,,,6,,,,,,,,,,,,,,,,,,,,,,,,,,,,,FALSE,,,,,,,,,,FALSE,,,,,,,,,,
32,22,00,03,00,1977,02,26,Levi,Ashkelon N,8,,,,FALSE,,FALSE,Gambari,32,,,,,,,,,8 Kg,,,,,,,,,,,,,,,,,,,,,,,,,,,,FALSE,,,,,,,,,,FALSE,,,,,,,,,,
33,15,30,18,00,1977,02,27,Levi,Ashdod S,21,,,,FALSE,,FALSE,,33,,,,,,,,7,,,,,,,,,,,,,,,,,,,,,,,,,,,,,FALSE,,,,,,,,,,FALSE,,,,,,,,,,
34,20,00,06,00,1977,02,27,Levi,Ashkelon N,12,,,,FALSE,,FALSE,Gambari,34,,,,,,,,,18 Kg,,,,,,,,,,,,,,,,,,,,,,,,,,,,FALSE,,,,,,,,,,FALSE,,,,,,,,,,
35,11,00,14,15,1977,02,28,Levi,Nitanim S,21,,,,FALSE,,FALSE,,35,,,,,,,,2,,,,,,,,,,,,,,,,,,,,,,,,,,,,,FALSE,,,,,,,,,,FALSE,,,,,,,,,,
36,15,00,19,00,1977,02,28,Levi,Gazza S,22,,,,FALSE,,FALSE,,36,,,,,,,,10,,,,,,,,,,,,,,,,,,,,,,,,,,,,,FALSE,,,,,,,,,,FALSE,,,,,,,,,,
37,20,00,01,00,1977,02,28,Levi,Rafiah N,24,,,,FALSE,,FALSE,,37,,,,,,,,6,,,,,,,,,,,,,,,,,,,,,,,,,,,,,FALSE,,,,,,,,,,FALSE,,,,,,,,,,
38,02,00,07,00,1977,03,01,Levi,Gazza S,22,,,,FALSE,,FALSE,,38,,,,,,,,8,,,,,,,,,,,,,,,,,,,,,,,,,,,,,FALSE,,,,,,,,,,FALSE,,,,,,,,,,
39,12,45,17,30,1977,03,01,Levi,Gazza N,22,,,,FALSE,,FALSE,,39,,,,,,,,5,,,,,,,,,,,,,,,,,,,,,,,,,,,,,FALSE,,,,,,,,,,FALSE,,,,,,,,,,
40,,,,,1977,03,02,,,,,,,TRUE,,FALSE,,40,,,,,,,,,,,,,,,,,,,,,,,,,,,,,,,,,,,,,FALSE,,,,,,,,,,FALSE,,,,,,,,,,
41,,,,,1977,03,03,,,,,,,TRUE,,FALSE,,41,,,,,,,,,,,,,,,,,,,,,,,,,,,,,,,,,,,,,FALSE,,,,,,,,,,FALSE,,,,,,,,,,
42,,,,,1977,03,04,,,,,,,TRUE,,FALSE,,42,,,,,,,,,,,,,,,,,,,,,,,,,,,,,,,,,,,,,FALSE,,,,,,,,,,FALSE,,,,,,,,,,
43,,,,,1977,03,05,,,,,,,TRUE,,FALSE,,43,,,,,,,,,,,,,,,,,,,,,,,,,,,,,,,,,,,,,FALSE,,,,,,,,,,FALSE,,,,,,,,,,
44,,,,,1977,03,06,Sarot,Robin N,23,,,,FALSE,,FALSE,,44,,,,,,,,,,,,,,,,,,,,,,,,,,,,,,,,,,,,,FALSE,,,,,,,,,,TRUE,,,,,,,,,,
45,,,,,1977,03,06,Sarot,Herzelia S,42,,,,FALSE,,FALSE,,45,,,,,,,,13,,,,,,,,,,,,,,,,,,,,,,,,,,,,,FALSE,,,,,,,,,,FALSE,,,,,,,,,,
46,,,,,1977,03,06,Sarot,Ashdod S,,,,,FALSE,,FALSE,Gambari,46,,,,,,,,,25 Kg,,,,,,,,,,,,,,,,,,,,,,,,,,,,FALSE,,,,,,,,,,FALSE,,,,,,,,,,
47,,,,,1977,03,07,Sarot,Ashdod N,42,,,,FALSE,,FALSE,,47,,,,,,,,6,,,,,,,,,,,,,,,,,,,,,,,,,,,,,FALSE,,,,,,,,,,FALSE,,,,,,,,,,
48,,,,,1977,03,07,Sarot,Jaffa S,42,,,,FALSE,,FALSE,,48,,,,,,,,6,,,,,,,,,,,,,,,,,,,,,,,,,,,,,FALSE,,,,,,,,,,FALSE,,,,,,,,,,
49,,,,,1977,03,07,Sarot,Robin S,25,,,,FALSE,,FALSE,,49,,,,,,,,6,,,,,,,,,,,,,,,,,,,,,,,,,,,,,FALSE,,,,,,,,,,FALSE,,,,,,,,,,
50,,,,,1977,03,07,Sarot,Ashdod S,,,,,FALSE,,FALSE,Gambari,50,,,,,,,,,20 Kg,,,,,,,,,,,,,,,,,,,,,,,,,,,,FALSE,,,,,,,,,,FALSE,,,,,,,,,,
51,,,,,1977,03,08,Sarot,Katza S,21,,,,FALSE,,FALSE,,51,,,,,,,,,,,,,,,,,,,,,,,,,,,,,,,,,,,,,FALSE,,,,,,,,,,FALSE,,,,,,,,,,
52,,,,,1977,03,09,Tzion,,,,,,FALSE,,TRUE,,52,,,,,,,,,,,,,,,,,,,,,,,,,,,,,,,,,,,,,FALSE,,,,,,,,,,FALSE,,,,,,,,,,
53,00,00,06,00,1977,03,10,Zion,Rafiah N,21,,,,FALSE,,TRUE,,53,,,,,,,,5,,,,,,,,,,,,1 Ind,,,,,,,,,,,,,,,,,FALSE,,,,,,,,,,FALSE,,,,,,,,,,
54,08,45,12,45,1977,03,11,Tzion,Ashdod S,26,,,,FALSE,,FALSE,,54,,,,,,,,12,,,,,,,,,,,,,,,,,,,,,,,,,,,,,FALSE,,,,,,,,,,FALSE,,,,,,,,,,
55,13,15,17,30,1977,03,11,Tzion,Ashkelon N,26,,,,FALSE,,FALSE,,55,,,,,,,,20,,,,,,,,,,,,,,,,,,,,,,,,,,,,,FALSE,,,,,,,,,,FALSE,,,,,,,,,,
56,05,30,09,15,1977,03,12,Tzion,Ashdod S,26,,,,FALSE,,FALSE,,56,,,,,,,,8,,,,,,,,,,,,,,,,,,,,,,,,,,,,,FALSE,,,,,,,,,,FALSE,,,,,,,,,,
57,09,30,14,15,1977,03,12,Tzion,Ashkelon N,26,,,,FALSE,,FALSE,,57,,,,,,,,10,,,,,,,,,,,,,,,,,,,,,,,,,,,,,FALSE,,,,,,,,,,FALSE,,,,,,,,,,
58,05,30,09,30,1977,03,13,Tzion,Ashdod S,25,,,,FALSE,,FALSE,,58,,,,,,,,8,,,,,,,,,,,,,,,,,,,,,,,,,,,,,FALSE,,,,,,,,,,FALSE,,,,,,,,,,
59,10,00,14,00,1977,03,13,Tzion,Ashkelon S,26,,,,FALSE,,FALSE,,59,,,,,,,,8,,,,,,,,,,,,,,,,,,,,,,,,,,1,,,FALSE,,,,,,,,,,FALSE,,,,,,,,,,
60,14,30,18,45,1977,03,13,Tzion,Gazza S,23,,,,FALSE,,FALSE,,60,,,,,,,,15,,,,,,,,,,,,,,,,,,,,,,,,,,,,,FALSE,,,,,,,,,,FALSE,,,,,,,,,,
61,19,30,00,30,1977,03,13,Tzion,Ashdod SW,19.5,,,,FALSE,,FALSE,,61,,,,,,,,4,,,,,,,,,,,,,,,,,,,,,,,,,,,,,FALSE,,,,,,,,,,FALSE,,,,,,,,,,
62,02,30,06,45,1977,03,14,Tzion,Ashdod W,20,,,,FALSE,,FALSE,,62,,,,,,,,6,,,,,,,,,,,,,,,,,,,,,,,,,,,,,FALSE,,,,,,,,,,FALSE,,,,,,,,,,
63,07,15,11,30,1977,03,14,Tzion,Bardawill W,23.5,,,,FALSE,,FALSE,,63,,,,,,,,13,,,,,,,,,,,,,,,,,,,,,,,,,,,,,FALSE,,,,,,,,,,FALSE,,,,,,,,,,
64,12,00,16,30,1977,03,14,Tzion,Bardawill W,26,,,,FALSE,,FALSE,,64,,,,,,,,7,,,,,,,,,,,,,,,,,,,,,,,,,,,,,FALSE,,,,,,,,,,FALSE,,,,,,,,,,
65,17,00,23,00,1977,03,14,Tzion,Bardawill E,23.5,,,,FALSE,,FALSE,,65,,,,,,,,4 +27 Ind,10 Kg,,,,,,,,,,,,,,,,,,,,,,,,,,,,FALSE,,,,,,,,,,FALSE,,,,,,,,,,
66,00,00,05,30,1977,03,15,Tzion,Ashdod E,26.5,,,,FALSE,,FALSE,,66,,,,,,,,3,,,,,,,,,,,,,,,,,,,,,,,,,,,,,FALSE,,,,,,,,,,FALSE,,,,,,,,,,
67,06,30,10,30,1977,03,15,Tzion,Ashdod,20,,,,FALSE,,FALSE,,67,,,,,,,,12,,,,,,,,,,,,,,,,,,,,,,,,,,,,,FALSE,,,,,,,,,,FALSE,,,,,,,,,,
68,11,00,15,00,1977,03,15,Tzion,,20,,,,FALSE,,FALSE,,68,,,,,,,,7,,,,,,,,,,,,,,,,,,,,,,,,,,,,,FALSE,,,,,,,,,,FALSE,,,,,,,,,,
69,15,30,19,45,1977,03,15,Tzion,Rafiah WE,20,,,,FALSE,,FALSE,,69,,,,,,,,8,,,,,,,,,,,,,,,,,,,,,,,,,,,,,FALSE,,,,,,,,,,FALSE,,,,,,,,,,
70,20,15,01,30,1977,03,15,Tzion,Gazza,,,,,FALSE,,FALSE,,70,,,,,,,,3,,,,,,,,,,,,,,,,,,,,,,,,,,,,,FALSE,,,,,,,,,,FALSE,,,,,,,,,,
71,04,30,09,30,1977,03,16,Tzion,Rafiah WE,22.5,,,,FALSE,,FALSE,,71,,,,,,,,12,,,,,,,,,,,,,,,,,,,,,,,,,,,,,FALSE,,,,,,,,,,FALSE,,,,,,,,,,
72,10,00,13,15,1977,03,16,Tzion,Gazza N,20,,,,FALSE,,FALSE,,72,,,,,,,,10,,,,,,,,,,,,,,,,,,,,,,,,,,,,,FALSE,,,,,,,,,,FALSE,,,,,,,,,,
73,09,15,13,15,1977,03,17,Levi,Ashdod W,8,,,,FALSE,,FALSE,Gambari,73,,,,,,,,,10 Kg,,,,,,,,,,,,,,,,,,,,,,,,,,,,FALSE,,,,,,,,,,FALSE,,,,,,,,,,
74,13,30,18,30,1977,03,17,Levi,Ashdod E,8,,,,FALSE,,TRUE,,74,,,,,,,,,,,,,,,,,,,,,,,,,,,,,,,,,,,,,FALSE,,,,,,,,,,FALSE,,,,,,,,,,
75,19,30,01,00,1977,03,17,Levi,Ashdod E,12,,,,FALSE,,FALSE,,75,,,,,,,,,,,,,,,,,,,,,,,,,,,,,,,,,,,,,FALSE,,,,,,,,,,FALSE,,,,,,,,,,
76,05,45,10,00,1977,03,20,Levi,Ashdod S,25,,,,FALSE,,FALSE,,76,,,,,,,,10,,,,,,,,,,,,,,,,,,,,,,,,,,,,,FALSE,,,,,,,,,,FALSE,,,,,,,,,,
77,10,30,14,30,1977,03,20,Levi,Ashkelon S,22,,,,FALSE,,FALSE,,77,,,,,,,,6,,,,,,,,,,,,,,,,,,,,,,,,,,,,,FALSE,,,,,,,,,,FALSE,,,,,,,,,,
78,15,15,20,00,1977,03,20,Levi,Gazza N,25,,,,FALSE,,FALSE,,78,,,,,,,,8,,,,,,,,,,,,,,,,,,,,,,,,,,,,,FALSE,,,,,,,,,,FALSE,,,,,,,,,,
79,22,00,05,30,1977,03,20,Levi,Ashkelon N,10,,,,FALSE,,FALSE,Gambari,79,,,,,,,,,15 Kg,,,,,,,,,,,,,,,,,,,,,,,,,,,,FALSE,,,,,,,,,,FALSE,,,,,,,,,,
80,07,00,11,00,1977,03,21,Levi,Ashdod S,25,,,,FALSE,,FALSE,,80,,,,,,,,7,,,,,,,,,,,,,,,,,,,,,,,,,,,,,FALSE,,,,,,,,,,FALSE,,,,,,,,,,
81,11,30,16,30,1977,03,21,Tzion,Ashkelon N,26,,,,FALSE,,TRUE,,81,,,,,,,,9,,,,,,,,,,,,,,,,,,,,,,,,,,,,,FALSE,,,,,,,,,,FALSE,,,,,,,,,,
82,11,30,15,15,1977,03,22,Levi,Ashdod S,15,,,,FALSE,,FALSE,,82,,,,,,,,6,,,,,,,,,,,,,,,,,,,,,,,,,,,,,FALSE,,,,,,,,,,FALSE,,,,,,,,,,
83,05,30,10,00,1977,03,22,Levi,Ashdod S,26,,,,FALSE,,FALSE,,83,,,,,,,,8,,,,,,,,,,,,,,,,,,,,,,,,,,,,,FALSE,,,,,,,,,,FALSE,,,,,,,,,,
84,15,45,18,45,1977,03,22,Levi,Katza S,20,,,,FALSE,,FALSE,,84,,,,,,,,2,,,,,,,,,,,,,,,,,,,,,,,,,,,,,FALSE,,,,,,,,,,FALSE,,,,,,,,,,
85,,,,,1977,04,12,Sarot,Ashdod W,8,,,,FALSE,,FALSE,,85,,,,,,,,6 Kg,,,,,,,,,,,,,,,,,,,,,,,,,,,,,FALSE,,,,,,,,,,FALSE,,,,,,,,,,
86,,,,,1977,04,12,Sarot,Ashdod W,8,,,,FALSE,,FALSE,,86,,,,,,,,60 Kg,,,,,,,,,,,,,,,,,,,,,,,,,,,,,FALSE,,,,,,,,,,FALSE,,,,,,,,,,
87,,,,,1977,04,12,Sarot,Ashdod E,10,,,,FALSE,,TRUE,,87,,,,,,,,40 Kg,,,,,,,,,,,,,,,,,,,,,,,,,,,,,FALSE,,,,,,,,,,FALSE,,,,,,,,,,
88,16,00,00,00,1977,04,13,,Ashdod W,,,,,FALSE,,FALSE,,88,,,,,,,,20 Kg,,,,,,,,,,,,,,,,,,,,,,,,,,,,,FALSE,,,,,,,,,,FALSE,,,,,,,,,,
89,,,,,1977,04,14,Sarot,Ashdod,,,,,FALSE,,TRUE,,89,,,,,,,,,,,,,,,,,,,,,,,,,,,,,,,,,,,,,FALSE,,,,,,,,,,FALSE,,,,,,,,,,
90,12,30,,,1977,04,16,Sarot,Ashdod,8,,,,FALSE,,FALSE,,90,,,,,,,,50 Kg,,,,,,,,,,,,,,,,,,,,,,,,,,,,,FALSE,,,,,,,,,,FALSE,,,,,,,,,,
91,19,00,00,00,1977,04,16,Sarot,Ashdod,8,,,,FALSE,,FALSE,,91,,,,,,,,30 Kg,,,,,,,,,,,,,,,,,,,,,,,,,,,,,FALSE,,,,,,,,,,FALSE,,,,,,,,,,
92,00,30,06,00,1977,04,16,Sarot,Ashdod,8,,,,FALSE,,FALSE,,92,,,,,,,,35 Kg,,,,,,,,,,,,,,,,,,,,,,,,,,,,,FALSE,,,,,,,,,,FALSE,,,,,,,,,,
93,06,30,,,1977,04,17,Sarot,Ashdod,8,,,,FALSE,,FALSE,,93,,,,,,,,20 Kg,,,,,,,,,,,,,,,,,,,,,,,,,,,,,FALSE,,,,,,,,,,FALSE,,,,,,,,,,
94,12,00,,,1977,04,17,Sarot,Ashdod,9,,,,FALSE,,FALSE,,94,,,,,,,,20 Kg,,,,,,,,,,,,,,,,,,,,,,,,,,,,,FALSE,,,,,,,,,,FALSE,,,,,,,,,,
95,,,,,1977,04,17,Sarot,Ashdod,8,,,,FALSE,,FALSE,,95,,,,,,,,30 Kg,,,,,,,,,,,,,,,,,,,,,,,,,,,,,FALSE,,,,,,,,,,FALSE,,,,,,,,,,
96,,,,,1977,04,18,Sarot,,8,,,,FALSE,,FALSE,,96,,,,,,,,10 Kg,,,,,,,,,,,,,,,,,,,,,,,,,,,,,FALSE,,,,,,,,,,FALSE,,,,,,,,,,
97,,,,,1977,04,18,Sarot,,8,,,,FALSE,,FALSE,,97,,,,,,,,10 Kg,,,,,,,,,,,,,,,,,,,,,,,,,,,,,FALSE,,,,,,,,,,FALSE,,,,,,,,,,
98,,,,,1977,04,18,Sarot,,8,,,,FALSE,,FALSE,,98,,,,,,,,30 Kg,,,,,,,,,,,,,,,,,,,,,,,,,,,,,FALSE,,,,,,,,,,FALSE,,,,,,,,,,
99,,,,,1977,04,18,Sarot,,8,,,,FALSE,,FALSE,,99,,,,,,,,40 Kg,,,,,,,,,,,,,,,,,,,,,,,,,,,,,FALSE,,,,,,,,,,FALSE,,,,,,,,,,
100,06,00,,,1977,04,19,Sarot,,8,,,,FALSE,,FALSE,,100,,,,,,,,10 Kg,,,,,,,,,,,,,,,,,,,,,,,,,,,,,FALSE,,,,,,,,,,FALSE,,,,,,,,,,
101,,,,,1977,04,19,Sarot,,8,,,,FALSE,,FALSE,,101,,,,,,,,50 Kg,,,,,,,,,,,,,,,,,,,,,,,,,,,,,FALSE,,,,,,,,,,FALSE,,,,,,,,,,
102,12,00,16,00,1977,04,22,Levi,Ashdod W,8,,,,FALSE,,FALSE,,102,,,,,,,,18 Kg,,,,,,,,,,,,,,,,,,,,,,,,,,,,,FALSE,,,,,,,,,,FALSE,,,,,,,,,,
103,16,30,13,00,1977,04,22,Levi,Ashdod E,8.5,,,,FALSE,,TRUE,,103,,,,,,,,30 Kg,,,,,,,,,,,,,,,,,,,,,,,,,,,,,FALSE,,,,,,,,,,FALSE,,,,,,,,,,
104,23,30,06,30,1977,04,23,Levi,Ashdod W,8,,,,FALSE,,TRUE,,104,,,,,,,,12 Kg,,,,,,,,,,,,,,,,,,,,,,,,,,,,,FALSE,,,,,,,,,,FALSE,,,,,,,,,,
105,08,15,14,30,1977,04,23,Levi,,8,,,,FALSE,,TRUE,,105,,,,,,,,10,,,,,,,,,,,,,,,,,,,,,,,,,,,,,FALSE,,,,,,,,,,FALSE,,,,,,,,,,
106,18,30,00,30,1977,04,25,Levi,Ashdod E,8,,,,FALSE,,FALSE,,106,,,,,,,,10 Kg,,,,,,,,,,,,,,,,,,,,,,,,,,,,,FALSE,,,,,,,,,,FALSE,,,,,,,,,,
107,01,00,05,00,1977,04,26,Levi,Ashdod W,8,,,,FALSE,,FALSE,Gambari,107,,,,,,,,,13 Kg,,,,,,,,,,,,,,,,,,,,,,,,,,,,FALSE,,,,,,,,,,FALSE,,,,,,,,,,
108,07,30,12,30,1977,04,26,Levi,Ashdod S,8,,,,FALSE,,FALSE,,108,,,,,,,,20 Kg,,,,,,,,,,,,,,,,,,,,,,,,,,,,,FALSE,,,,,,,,,,FALSE,,,,,,,,,,
109,13,00,19,00,1977,04,26,Levi,Ashdod W,8,,,,FALSE,,FALSE,,109,,,,,,,,15 Kg,,,,,,,,,,,,,,,,,,,,,,,,,,,,,FALSE,,,,,,,,,,FALSE,,,,,,,,,,
110,19,30,02,00,1977,04,26,Levi,Ashdod W,8,,,,FALSE,,FALSE,,110,,,,,,,,18 Kg,,,,,,,,,,,,,,,,,,,,,,,,,,,,,FALSE,,,,,,,,,,FALSE,,,,,,,,,,
111,02,30,07,00,1977,04,27,Levi,Ashdod W,8,,,,FALSE,,FALSE,,111,,,,,,,,15 Kg,,,,,,,,,,,,,,,,,,,,,,,,,,,,,FALSE,,,,,,,,,,FALSE,,,,,,,,,,
112,07,30,10,00,1977,04,27,Levi,Ashdod,13,,,,FALSE,,FALSE,,112,,,,,,,,5 Kg,,,,,,,,,,,,,,,,,,,,,,,,,,,,,FALSE,,2 Ind,,,,,,,,FALSE,,,,,,,,,,
113,10,45,16,15,1977,04,27,Levi,Ashdod,8,,,,FALSE,,FALSE,,113,,,,,,,,15 Kg,,,,,,,,,,,,,,,,,,,,,,,,,,,,,FALSE,,,,,,,,,,FALSE,,,,,,,,,,
114,18,00,00,30,1977,04,27,Levi,Ashdod W,8,,,,FALSE,,FALSE,,114,,,,,,,,20 Kg,,,,,,,,,,,,,,,,,,,,,,,,,,,,,FALSE,,,,,,,,,,FALSE,,,,,,,,,,
115,00,45,07,00,1977,04,28,Levi,Ashdod,8,,,,FALSE,,FALSE,,115,,,,,,,,35 Kg,,,,,,,,,,,,,,,,,,,,,,,,,,,,,FALSE,,,,,,,,,,FALSE,,,,,,,,,,
116,07,30,13,30,1977,04,28,Levi,Ashdod,8,,,,FALSE,,FALSE,,116,,,,,,,,22 Kg,,,,,,,,,,,,,,,,,,,,,,,,,,,,,FALSE,,,,,,,,,,FALSE,,,,,,,,,,
117,14,00,20,00,1977,04,28,Levi,Ashdod,8,,,,FALSE,,FALSE,,117,,,,,,,,10 Kg,,,,,,,,,,,,,,,,,,,,,,,,,,,,,FALSE,,,,,,,,,,FALSE,,,,,,,,,,
118,20,30,02,00,1977,04,28,Levi,,,,,,FALSE,,FALSE,,118,,,,,,,,18 Kg,,,,,,,,,,,,,,,,,,,,,,,,,,,,,FALSE,,,,,,,,,,FALSE,,,,,,,,,,
119,02,30,08,30,1977,04,29,Levi,Ashdod E,8,,,,FALSE,,FALSE,,119,,,,,,,,15 Kg,,,,,,,,,,,,,,,,,,,,,,,,,,,,,FALSE,,,,,,,,,,FALSE,,,,,,,,,,
120,09,00,14,30,1977,04,29,Levi,Ashdod W,8,,,,FALSE,,FALSE,,120,,,,,,,,12 Kg,,,,,,,,,,,,,,,,,,,,,,,,,,,,,FALSE,,,,,,,,,,FALSE,,,,,,,,,,
121,15,00,18,45,1977,04,29,Levi,Ashdod,12.5,,,,FALSE,,FALSE,,121,,,,,,,,30 Kg,,,,,,,,,,,,,,,,,,,,,,,,,,,,,FALSE,,,,,,,,,,FALSE,,,,,,,,,,
122,19,00,00,30,1977,04,29,Levi,Ashdod,12.5,,,,FALSE,,FALSE,,122,,,,,,,,30 Kg,,,,,,,,,,,,,,,,,,,,,,,,,,,,,FALSE,,,,,,,,,,FALSE,,,,,,,,,,
123,01,00,07,00,1977,04,30,Levi,Ashdod,12.5,,,,FALSE,,FALSE,,123,,,,,,,,40 Kg,,,,,,,,,,,,,,,,,,,,,,,,,,,,,FALSE,,,,,,,,,,FALSE,,,,,,,,,,
124,08,00,13,00,1977,04,30,Levi,Ashdod,12.5,,,,FALSE,,FALSE,,124,,,,,,,,30 Kg,,,,,,,,,,,,,,,,,,,,,,,,,,,,,FALSE,,,,,,,,,,FALSE,,,,,,,,,,
125,13,30,20,00,1977,04,30,Levi,Ashdod,12.5,,,,FALSE,,FALSE,,125,,,,,,,,30 Kg,,,,,,,,,,,,,,,,,,,,,,,,,,,,,FALSE,,,,,,,,,,FALSE,,,,,,,,,,
126,20,30,02,30,1977,04,30,Levi,Ashdod,13,,,,FALSE,,FALSE,,126,,,,,,,,60 Kg,,,,,,,,,,,,,,,,,,,,,,,,,,,,,FALSE,,,,,,,,,,FALSE,,,,,,,,,,
127,03,00,09,00,1977,05,01,Levi,Ashdod,12.5,,,,FALSE,,FALSE,,127,,,,,,,,40 Kg,,,,,,,,,,,,,,,,,,,,,,,,,,,,,FALSE,,,,,,,,,,FALSE,,,,,,,,,,
128,09,30,15,30,1977,05,01,Levi,Ashdod,12.3,,,,FALSE,,FALSE,,128,,,,,,,,35 Kg,,,,,,,,,,,,,,,,,,,,,,,,,,,,,FALSE,,,,,,,,,,FALSE,,,,,,,,,,
129,16,00,22,00,1977,05,01,Levi,Ashdod,12.5,,,,FALSE,,FALSE,,129,,,,,,,,40 Kg,,,,,,,,,,,,,,,,,,,,,,,,,,,,,FALSE,,,,,,,,,,FALSE,,,,,,,,,,
130,08,15,11,45,1977,05,3,zion,,13.5,,,mishtach,FALSE,,FALSE,,130,,,,,,,,18 Kg,,,,,,,,,,,,,,,,,,,,,,,,,,,,,FALSE,,,,,,,,,,FALSE,,,,,,,,,,
131,12,00,17,30,1977,05,3,zion,,12,,,mishtach,FALSE,,FALSE,,131,,,,,,,,18 Kg,,,,,,,,,,,,,,,,,,,,,,,,,,,,,FALSE,,,,,,,,,,FALSE,,,,,,,,,,
132,17,45,00,00,1977,05,3,zion,,13,,,mishtach,FALSE,,FALSE,,132,,,,,,,,40 Kg,,,,,,,,,,,,,,,,,,,,,,,,,,,,,FALSE,,,,,,,,,,FALSE,,,,,,,,,,
133,00,30,06,00,1977,05,4,zion,,,,,mishtach,FALSE,,FALSE,,133,,,,,,,,25 Kg,,,,,,,,,,,,,,,,,,,,,,,,,,,,,FALSE,,,,,,,,,,FALSE,,,,,,,,,,
134,06,45,11,45,1977,05,4,zion,,12.5,,,mishtach,FALSE,,FALSE,,134,,,,,,,,15 Kg,,,,,,,,,,,,,,,,,,,,,,,,,,,,,FALSE,,,,,,,,,,FALSE,,,,,,,,,,
135,13,30,18,00,1977,05,4,zion,,12,,,borot E,FALSE,,FALSE,,135,,,,,,,,4 Kg,,,,,,,,,,,,,,,,,,,,,,,,,,,,,FALSE,,,,,,,,,,FALSE,,,,,,,,,,
136,18,15,00,00,1977,05,4,zion,,,,,borot,FALSE,,FALSE,,136,,,,,,,,25 Kg,,,,,,,,,,,,,,,,,,,,,,,,,,,,,FALSE,,,,,,,,,,FALSE,,,,,,,,,,
137,00,30,06,00,1977,05,5,zion,,,,,borot,FALSE,,FALSE,,137,,,,,,,,25 Kg,,,,,,,,,,,,,,,,,,,,,,,,,,,,,FALSE,,,,,,,,,,FALSE,,,,,,,,,,
138,08,00,09,15,1977,05,5,zion,,,,,mishtach,FALSE,,FALSE,,138,,,,,,,,6 Kg,,,,,,,,,,,,,,,,,,,,,,,,,,,,,FALSE,,,,,,,,,,FALSE,,,,,,,,,,
139,10,00,12,15,1977,05,5,zion,,,,,mishtach,FALSE,,FALSE,,139,,,,,,,,12 Kg,,,,,,,,,,,,,,,,,,,,,,,,,,,,,FALSE,,,,,,,,,,FALSE,,,,,,,,,,
140,14,30,15,45,1977,05,5,zion,,,,,kir,FALSE,,FALSE,,140,,,,,,,,17 Kg,,,,,,,,,,,,,,,,,,,,,,,,,,,,,FALSE,,,,,,,,,,FALSE,,,,,,,,,,
141,19,15,01,00,1977,05,5,zion,,13,,,mishtach,FALSE,,FALSE,,141,,,,,,,,24 Kg,,,,,,,,,,,,,,,,,,,,,,,,,,,,,FALSE,,,,,,,,,,FALSE,,,,,,,,,,
142,01,30,08,00,1977,05,6,zion,,,,,kels,FALSE,,FALSE,,142,,,,,,,,25 Kg,,,,,,,,,,,,,,,,,,,,,,,,,,,,,FALSE,,,,,,,,,,FALSE,,,,,,,,,,
143,08,30,13,30,1977,05,6,zion,,,,,mishtach,FALSE,,FALSE,,143,,,,,,,,17 Kg,,,,,,,,,,,,,,,,,,,,,,,,,,,,,FALSE,,,,,,,,,,FALSE,,,,,,,,,,
144,14,00,20,00,1977,05,6,zion,,,,,mishtach,FALSE,,FALSE,,144,,,,,,,,15 Kg,,,,,,,,,,,,,,,,,,,,,,,,,,,,,FALSE,,,,,,,,,,FALSE,,,,,,,,,,
145,20,30,02,00,1977,05,6,zion,,,,,borot,FALSE,,FALSE,,145,,,,,,,,12 Kg,,,,,,,,,,,,,,,,,,,,,,,,,,,,,FALSE,,,,,,,,,,FALSE,,,,,,,,,,
146,07,00,12,30,1977,05,7,zion,,,,,mishtach,FALSE,,FALSE,,146,,,,,,,,15 Kg,,,,,,,,,,,,,,,,,,,,,,,,,,,,,FALSE,,,,,,,,,,FALSE,,,,,,,,,,
147,13,30,16,00,1977,05,7,zion,,,,,mishtach,FALSE,,FALSE,,147,,,,,,,,4 Kg,,,,,,,,,,,,,,,,,,,,,,,,,,,,,FALSE,,,,,,,,,,FALSE,,,,,,,,,,
148,13,00,,,1977,05,8,Sarot,El Arish,8,,,,FALSE,,FALSE,,148,,,,,,,,1 Kg,,,,,,,,,,,,,,,,,,,,,,,,,,,,,FALSE,,,,,,,,,,FALSE,,,,,,,,,,
149,,,,,1977,05,9,Sarot,Mishtach,12,9,,,FALSE,,FALSE,,149,,,,,,,,12 Kg,,,,,,,,,,,,,,,,,,,,,,,,,,,,,FALSE,,,,,,,,,,FALSE,,,,,,,,,,
150,,,,,1977,05,9,Sarot,Mishtach,,10.5,,,FALSE,,FALSE,,150,,,,,,,,15 Kg,,,,,,,,,,,,,,,,,,,,,,,,,,,,,FALSE,,,,,,,,,,FALSE,,,,,,,,,,
151,,,,,1977,05,9,Sarot,Mishtach,,12,,,FALSE,,FALSE,,151,,,,,,,,20 Kg,,,,,,,,,,,,,,,,,,,,,,,,,,,,,FALSE,,,,,,,,,,FALSE,,,,,,,,,,
152,,,,,1977,05,9,Sarot,Mishtach,,13,,,FALSE,,FALSE,,152,,,,,,,,20 Kg,,,,,,,,,,,,,,,,,,,,,,,,,,,,,FALSE,,,,,,,,,,FALSE,,,,,,,,,,
153,,,,,1977,05,10,Sarot,Mishtach,,10.5,,,FALSE,,FALSE,,153,,,,,,,,10 Kg,,,,,,,,,,,,,,,,,,,,,,,,,,,,,FALSE,,,,,,,,,,FALSE,,,,,,,,,,
154,,,,,1977,05,10,Sarot,KelsE,8,,,,FALSE,,FALSE,,154,,,,,,,,,,,,,,,,,,,,,,,,,,,,,,,,,,,,,FALSE,,,,,,,,,,TRUE,,,,,,,,,,
155,,,,,1977,05,10,Sarot,,18,,,gvaot,FALSE,,FALSE,,155,,,,,,,,8 Kg,,,,,,,,,,,,,,,,,,,,,,,,,,,,,FALSE,,,,,,,,,,FALSE,,,,,,,,,,
156,,,,,1977,05,10,Sarot,Borot,,,,,FALSE,,FALSE,,156,,,,,,,,30 Kg,,,,,,,,,,,,,,,,,,,,,,,,,,,,,FALSE,,,,,,,,,,FALSE,,,,,,,,,,
157,,,,,1977,05,11,Sarot,Mishtach,,10.5,,,FALSE,,FALSE,,157,,,,,,,,8 Kg,,,,,,,,,,,,,,,,,,,,,,,,,,,,,FALSE,,,,,,,,,,FALSE,,,,,,,,,,
158,,,,,1977,05,11,Sarot,Mishtach,,12,,,FALSE,,FALSE,,158,,,,,,,,6 Kg,,,,,,,,,,,,,,,,,,,,,,,,,,,,,FALSE,,,,,,,,,,FALSE,,,,,,,,,,
159,,,,,1977,05,11,Sarot,Borot,,,,,FALSE,,FALSE,,159,,,,,,,,40 Kg,,,,,,,,,,,,,,,,,,,,,,,,,,,,,FALSE,,,,,,,,,,FALSE,,,,,,,,,,
160,,,,,1977,05,12,Sarot,Mishtach,20,,,,FALSE,,FALSE,,160,,,,,,,,,,,,,,,,,,,,,,,,,,,,,,,,,,,,,FALSE,,,,,,,,,,TRUE,,,,,,,,,,
161,,,,,1977,05,12,Sarot,Mishtach,,10,,,FALSE,,FALSE,,161,,,,,,,,20 Kg,,,,,,,,,,,,,,,,,,,,,,,,,,,,,FALSE,,,,,,,,,,FALSE,,,,,,,,,,
162,,,,,1977,05,12,Sarot,Borot,,10,,,FALSE,,FALSE,,162,,,,,,,,20 Kg,,,,,,,,,,,,,,,,,,,,,,,,,,,,,FALSE,,,,,,,,,,FALSE,,,,,,,,,,
163,,,,,1977,05,12,Sarot,Mishtach,,12,,,FALSE,,FALSE,,163,,,,,,,,25 Kg,,,,,,,,,,,,,,,,,,,,,,,,,,,,,FALSE,,,,,,,,,,FALSE,,,,,,,,,,
164,,,,,1977,05,13,Sarot,Mishtach,,10,,,FALSE,,FALSE,,164,,,,,,,,18 Kg,,,,,,,,,,,,,,,,,,,,,,,,,,,,,FALSE,,,,,,,,,,FALSE,,,,,,,,,,
165,,,,,1977,05,13,Sarot,Mishtach,,10,,,FALSE,,FALSE,,165,,,,,,,,12 Kg,,,,,,,,,,,,,,,,,,,,,,,,,,,,,FALSE,,,,,,,,,,FALSE,,,,,,,,,,
166,,,,,1977,05,13,Sarot,Mishtach,,,,,FALSE,,FALSE,,166,,,,,,,,17 Kg,,,,,,,,,,,,,,,,,,,,,,,,,,,,,FALSE,,,,,,,,,,FALSE,,,,,,,,,,
167,,,,,1977,05,13,Sarot,Borot,,,,,FALSE,,FALSE,,167,,,,,,,,13 Kg,,,,,,,,,,,,,,,,,,,,,,,,,,,,,FALSE,,,,,,,,,,FALSE,,,,,,,,,,
168,00,00,06,00,1977,05,17,Sarot,Mishtach,,,,,FALSE,,FALSE,,168,,,,,,,,11 Kg,,,,,,,,,,,,,,,,,,,,,,,,,,,,,FALSE,,,,,,,,,,FALSE,,,,,,,,,,
169,06,00,12,00,1977,05,17,Sarot,Mishtach,,,,,FALSE,,FALSE,,169,,,,,,,,16 Kg,,,,,,,,,,,,,,,,,,,,,,,,,,,,,FALSE,,,,,,,,,,FALSE,,,,,,,,,,
170,,,,,1977,05,18,Sarot,Mishtach,,,,,FALSE,,FALSE,,170,,,,,,,,21 Kg,,,,,,,,,,,,,,,,,,,,,,,,,,,,,FALSE,,,,,,,,,,FALSE,,,,,,,,,,
171,,,,,1977,05,18,Sarot,Mishtach,,,,,FALSE,,FALSE,,171,,,,,,,,13 Kg,,,,,,,,,,,,,,,,,,,,,,,,,,,,,FALSE,,,,,,,,,,FALSE,,,,,,,,,,
172,,,,,1977,05,19,Sarot,Mishtach,,,,,FALSE,,FALSE,,172,,,,,,,,8 Kg,,,,,,,,,,,,,,,,,,,,,,,,,,,,,FALSE,,,,,,,,,,FALSE,,,,,,,,,,
173,,,,,1977,05,19,Sarot,Mishtach,,,,,FALSE,,FALSE,,173,,,,,,,,12 Kg,,,,,,,,,,,,,,,,,,,,,,,,,,,,,FALSE,,,,,,,,,,FALSE,,,,,,,,,,
174,,,,,1977,05,19,Sarot,Mishtach,,,,,FALSE,,FALSE,,174,,,,,,,,15 Kg,,,,,,,,,,,,,,,,,,,,,,,,,,,,,FALSE,,,,,,,,,,FALSE,,,,,,,,,,
175,,,,,1977,05,19,Sarot,Mishtach,,,,,FALSE,,FALSE,,175,,,,,,,,20 Kg,,,,,,,,,,,,,,,,,,,,,,,,,,,,,FALSE,,,,,,,,,,FALSE,,,,,,,,,,
176,,,,,1977,05,20,Sarot,Mishtach,,,,,FALSE,,FALSE,,176,,,,,,,,10 Kg,,,,,,,,,,,,,,,,,,,,,,,,,,,,,FALSE,,,,,,,,,,FALSE,,,,,,,,,,
177,,,,,1977,05,20,Sarot,Mishtach,,,,,FALSE,,FALSE,,177,,,,,,,,8 Kg,,,,,,,,,,,,,,,,,,,,,,,,,,,,,FALSE,,,,,,,,,,FALSE,,,,,,,,,,
178,,,,,1977,05,20,Sarot,Mishtach,,,,,FALSE,,FALSE,,178,,,,,,,,30 Kg,,,,,,,,,,,,,,,,,,,,,,,,,,,,,FALSE,,,,,,,,,,FALSE,,,,,,,,,,
179,,,,,1977,05,20,Sarot,Borot,,,,,FALSE,,FALSE,,179,,,,,,,,20 Kg,,,,,,,,,,,,,,,,,,,,,,,,,,,,,FALSE,,,,,,,,,,FALSE,,,,,,,,,,
180,16,00,22,00,1977,05,24,Levi,Kels,,,,,FALSE,,FALSE,,180,,,,,,,,19 Kg,,,,,,,,,,,,,,,,,,,,,,,,,,,,,FALSE,,,,,,,,,,FALSE,,,,,,,,,,
181,22,30,04,30,1977,05,24,Levi,Mishtach,,,,,FALSE,,FALSE,,181,,,,,,,,35 Kg,,,,,,,,,,,,,,,,,,,,,,,,,,,,,FALSE,,,,,,,,,,FALSE,,,,,,,,,,
182,05,00,11,00,1977,05,25,Levi,Mishtach,,,,,FALSE,,FALSE,,182,,,,,,,,13 Kg,,,,,,,,,,,,,,,,,,,,,,,,,,,,,FALSE,,,,,,,,,,FALSE,,,,,,,,,,
183,11,30,13,00,1977,05,25,Levi,Mishtach,,,botz,,FALSE,,FALSE,,183,,,,,,,,2 Kg,,,,,,,,,,,,,,,,,,,,,,,,,,,,,FALSE,,,,,,,,,,FALSE,,,,,,,,,,
184,14,45,20,00,1977,05,25,Levi,Mishtach,,,,,FALSE,,FALSE,,184,,,,,,,,18 Kg,,,,,,,,,,,,,,,,,,,,,,,,,,,,,FALSE,,,,,,,,,,FALSE,,,,,,,,,,
185,22,15,04,30,1977,05,25,Levi,Mishtach,,,,,FALSE,,FALSE,,185,,,,,,,,,,,,,,,,,,,,,,,,,,,,,,,,,,,,,FALSE,,,,,,,,,,FALSE,,,,,,,,,,
186,23,30,05,00,1977,05,28,Levi,,12,,,,FALSE,,FALSE,,186,,,,,,,,20 Kg,,,,,,,,,,,,,,,,,,,,,,,,,,,,,FALSE,,,,,,,,,,FALSE,,,,,,,,,,
187,05,30,11,30,1977,05,29,Levi,,13.5,,,,FALSE,,TRUE,,187,,,,,,,,12 Kg,,,,,,,,,,,,,,,,,,,,,,,,,,,,,FALSE,,,,,,,,,,FALSE,,,,,,,,,,
188,15,30,19,30,1977,05,29,Levi,Mishtach,,,,,FALSE,,FALSE,,188,,,,,,,,6 Kg,,,,,,,,,,,,,,,,,,,,,,,,,,,,,FALSE,,,,,,,,,,FALSE,,,,,,,,,,
189,21,30,05,00,1977,05,29,Levi,Borot,,,,,FALSE,,FALSE,,189,,,,,,,,25 Kg,,,,,,,,,,,,,,,,,,,,,,,,,,,,,FALSE,,,,,,,,,,FALSE,,,,,,,,,,
190,18,30,00,00,1977,05,30,Levi,Mishtach W,,,,,FALSE,,FALSE,,190,,,,,,,,25 Kg,,,,,,,,,,,,,,,,,,,,,,,,,,,,,FALSE,,,,,,,,,,FALSE,,,,,,,,,,
191,00,30,04,30,1977,05,31,Levi,Borot E,,,,,FALSE,,FALSE,,191,,,,,,,,15 Kg,,,,,,,,,,,,,,,,,,,,,,,,,,,,,FALSE,,,,,,,,,,FALSE,,,,,,,,,,
192,08,45,12,00,1977,06,1,Zion,,15.5,,,,FALSE,,FALSE,,192,,,,,,,,,,,,,,,,,,,,,,,,,,,,,,,,,,,,,FALSE,,,,,,,,,,TRUE,,,,,,,,,,
193,16,00,18,15,1977,06,1,Zion,Borot E,12,,,,FALSE,,FALSE,,193,,,,,,,,1.5 Kg,,,,,,,,,,,,,,,,,,,,,,,,,,,,,FALSE,,,,,,,,,,FALSE,,,,,,,,,,
194,19,30,00,00,1977,06,1,Zion,Borot,,,,,FALSE,,FALSE,,194,,,,,,,,20 Kg,,,,,,,,,,,,,,,,,,,,,,,,,,,,,FALSE,,,,,,,,,,FALSE,,,,,,,,,,
195,00,15,05,00,1977,06,2,Zion,Borot,,,,,FALSE,,FALSE,,195,,,,,,,,15 Kg,,,,,,,,,,,,,,,,,,,,,,,,,,,,,FALSE,,,,,,,,,,FALSE,,,,,,,,,,
196,07,00,10,30,1977,06,2,Zion,Kels,8,,,,FALSE,,FALSE,,196,,,,,,,,,,,,,,,,,,,,,,,,,,,,,,,,,,,,,FALSE,,,,,,,,,,TRUE,,,,,,,,,,
197,13,00,17,00,1977,06,2,Zion,,12.5,,botz,,FALSE,,FALSE,,197,,,,,,,,9 Kg,,,,,,,,,,,,,,,,,,,,,,,,,,,,,FALSE,,,,,,,,,,FALSE,,,,,,,,,,
198,17,30,00,00,1977,06,2,Zion,,11.5,,,,FALSE,,FALSE,,198,,,,,,,,25 Kg,,,,,,,,,,,,,,,,,,,,,,,,,,,,,FALSE,,,,,,,,,,FALSE,,,,,,,,,,
199,00,15,05,15,1977,06,3,Zion,,10.5,,hol,,FALSE,,FALSE,,199,,,,,,,,16 Kg,,,,,,,,,,,,,,,,,,,,,,,,,,,,,FALSE,,,,,,,,,,FALSE,,,,,,,,,,
200,06,00,10,00,1977,06,3,Zion,,13,,botz,,FALSE,,FALSE,,200,,,,,,,,8 Kg,,,,,,,,,,,,,,,,,,,,,,,,,,,,,FALSE,,,,,,,,,,FALSE,,,,,,,,,,
201,17,00,20,00,1977,06,3,Zion,,10.5,,hol,,FALSE,,FALSE,,201,,,,,,,,4 Kg,,,,,,,,,,,,,,,,,,,,,,,,,,,,,FALSE,,,,,,,,,,FALSE,,,,,,,,,,
202,20,00,05,00,1977,06,3,Zion,,,,,,FALSE,,FALSE,,202,,,,,,,,28 Kg,,,,,,,,,,,,,,,,,,,,,,,,,,,,,FALSE,,,,,,,,,,FALSE,,,,,,,,,,
203,05,45,07,15,1977,06,4,Zion,,12.5,,botz,,FALSE,,FALSE,,203,,,,,,,,,,,,,,,,,,,,,,,,,,,,,,,,,,,,,FALSE,,,,,,,,,,FALSE,,,,,,,,,,
204,05,45,11,00,1977,06,4,Zion,Mishtach,13.5,,botz,,FALSE,,FALSE,,204,,,,,,,,5 Kg,,,,,,,,,,,,,,,,,,,,,,,,,,,,,FALSE,,,,,,,,,,FALSE,,,,,,,,,,
205,13,45,18,00,1977,06,4,Zion,Mishtach,13.5,,,,FALSE,,FALSE,,205,,,,,,,,,,,,,,,,,,,,,,,,,,,,,,,,,,,,,FALSE,,,,,,,,,,TRUE,,,,,,,,,,
206,19,15,00,00,1977,06,4,Zion,Kir,,,,,FALSE,,FALSE,,206,,,,,,,,10 Kg,,,,,,,,,,,,,,,,,,,,,,,,,,,,,FALSE,,,,,,,,,,FALSE,,,,,,,,,,
207,00,15,05,30,1977,06,5,Zion,Mishtach,,,hol,,FALSE,,FALSE,,207,,,,,,,,8 Kg,,,,,,,,,,,,,,,,,,,,,,,,,,,,,FALSE,,,,,,,,,,FALSE,,,,,,,,,,
208,10,00,15,00,1977,06,12,Sarot,,8,,,,FALSE,,FALSE,,208,,,,,,,,12 Kg,,,,,,,,,,,,,,,,,,,,,,,,,,,,,FALSE,,,,,,,,,,FALSE,,,,,,,,,,
209,15,30,21,30,1977,06,12,Sarot,,8,,,,FALSE,,FALSE,,209,,,,,,,,10 Kg,,,,,,,,,,,,,,,,,,,,,,,,,,,,,FALSE,,,,,,,,,,FALSE,,,,,,,,,,
210,22,00,03,00,1977,06,12,Sarot,,8,,,,FALSE,,FALSE,,210,,,,,,,,10 Kg,,,,,,,,,,,,,,,,,,,,,,,,,,,,,FALSE,,,,,,,,,,FALSE,,,,,,,,,,
211,03,30,08,30,1977,06,13,Sarot,Kels,8,,,,FALSE,,FALSE,,211,,,,,,,,10 Kg,,,,,,,,,,,,,,,,,,,,,,,,,,,,,FALSE,,,,,,,,,,FALSE,,,,,,,,,,
212,09,30,14,00,1977,06,13,Sarot,,8,,,,FALSE,,FALSE,,212,,,,,,,,5 Kg,,,,,,,,,,,,,,,,,,,,,,,,,,,,,FALSE,,,,,,,,,,FALSE,,,,,,,,,,
213,16,30,23,30,1977,06,13,Sarot,Borot,12,,,,FALSE,,FALSE,,213,,,,,,,,10 Kg,,,,,,,,,,,,,,,,,,,,,,,,,,,,,FALSE,,,,,,,,,,FALSE,,,,,,,,,,
214,00,30,04,30,1977,06,14,Sarot,Borot,,,,,FALSE,,FALSE,,214,,,,,,,,18 Kg,,,,,,,,,,,,,,,,,,,,,,,,,,,,,FALSE,,,,,,,,,,FALSE,,,,,,,,,,
215,06,00,12,00,1977,06,14,Sarot,,8,,,,FALSE,,FALSE,,215,,,,,,,,13 Kg,,,,,,,,,,,,,,,,,,,,,,,,,,,,,FALSE,,,,,,,,,,FALSE,,,,,,,,,,
216,12,00,18,00,1977,06,14,Sarot,,8,,,,FALSE,,FALSE,,216,,,,,,,,17 Kg,,,,,,,,,,,,,,,,,,,,,,,,,,,,,FALSE,,,,,,,,,,FALSE,,,,,,,,,,
217,18,00,00,00,1977,06,14,Sarot,,8,,,,FALSE,,FALSE,,217,,,,,,,,17 Kg,,,,,,,,,,,,,,,,,,,,,,,,,,,,,FALSE,,,,,,,,,,FALSE,,,,,,,,,,
218,00,00,06,00,1977,06,15,Sarot,,8,,,,FALSE,,FALSE,,218,,,,,,,,13 Kg,,,,,,,,,,,,,,,,,,,,,,,,,,,,,FALSE,,,,,,,,,,FALSE,,,,,,,,,,
219,06,00,12,00,1977,06,15,Sarot,,8,,,,FALSE,,FALSE,,219,,,,,,,,13 Kg,,,,,,,,,,,,,,,,,,,,,,,,,,,,,FALSE,,,,,,,,,,FALSE,,,,,,,,,,
220,12,00,17,00,1977,06,15,Sarot,,8,,,,FALSE,,FALSE,,220,,,,,,,,7 Kg,,,,,,,,,,,,,,,,,,,,,,,,,,,,,FALSE,,,,,,,,,,FALSE,,,,,,,,,,
221,17,30,21,30,1977,06,15,Sarot,,5,,,,FALSE,,FALSE,,221,,,,,,,,,,,,,,,,,,,,,,,,,,,,,,,,,,,,,FALSE,,,,,,,,,,TRUE,,,,,,,,,,
222,00,00,06,00,1977,06,16,Sarot,El Arish,8,,,,FALSE,,FALSE,,222,,,,,,,,10 Kg,,,,,,,,,,,,,,,,,,,,,,,,,,,,,FALSE,,,,,,,,,,FALSE,,,,,,,,,,
223,06,00,12,00,1977,06,16,Sarot,,8,,,,FALSE,,FALSE,,223,,,,,,,,6 Kg,,,,,,,,,,,,,,,,,,,,,,,,,,,,,FALSE,,,,,,,,,,FALSE,,,,,,,,,,
224,12,00,18,00,1977,06,16,Sarot,,8,,,,FALSE,,FALSE,,224,,,,,,,,12 Kg,,,,,,,,,,,,,,,,,,,,,,,,,,,,,FALSE,,,,,,,,,,FALSE,,,,,,,,,,
225,18,00,00,00,1977,06,16,Sarot,,8,,,,FALSE,,FALSE,,225,,,,,,,,10 Kg,,,,,,,,,,,,,,,,,,,,,,,,,,,,,FALSE,,,,,,,,,,FALSE,,,,,,,,,,
226,00,00,06,00,1977,06,17,Sarot,,8,,,,FALSE,,FALSE,,226,,,,,,,,10 Kg,,,,,,,,,,,,,,,,,,,,,,,,,,,,,FALSE,,,,,,,,,,FALSE,,,,,,,,,,
227,06,00,11,00,1977,06,17,Sarot,,8,,,,FALSE,,FALSE,,227,,,,,,,,,,,,,,,,,,,,,,,,,,,,,,,,,,,,,FALSE,,,,,,,,,,TRUE,,,,,,,,,,
228,,,,,1977,06,17,Sarot,Mishtach,,,lots of eggs,,FALSE,,FALSE,,228,,,,,,,,2.5 Kg,,,,,,,,,,,,,,,,,,,,,,,,,,,,,FALSE,,,,,,,,,,FALSE,,,,,,,,,,
229,,,,,1977,06,17,Sarot,,,,,,FALSE,,FALSE,,229,,,,,,,,5 Kg,,,,,,,,,,,,,,,,,,,,,,,,,,,,,FALSE,,,,,,,,,,FALSE,,,,,,,,,,
230,,,,,1977,06,18,Sarot,Mishtach,,,,,FALSE,,FALSE,,230,,,,,,,,17 Kg,,,,,,,,,,,,,,,,,,,,,,,,,,,,,FALSE,,,,,,,,,,FALSE,,,,,,,,,,
231,,,,,1977,06,18,Sarot,Mishtach,,,,,FALSE,,FALSE,,231,,,,,,,,5 Kg,,,,,,,,,,,,,,,,,,,,,,,,,,,,,FALSE,,,,,,,,,,FALSE,,,,,,,,,,
232,,,,,1977,06,18,Sarot,Mishtach,,,,,FALSE,,FALSE,,232,,,,,,,,17 Kg,,,,,,,,,,,,,,,,,,,,,,,,,,,,,FALSE,,,,,,,,,,FALSE,,,,,,,,,,
233,,,,,1977,06,18,Sarot,Borot,,,,,FALSE,,FALSE,,233,,,,,,,,19 Kg,,,,,,,,,,,,,,,,,,,,,,,,,,,,,FALSE,,,,,,,,,,FALSE,,,,,,,,,,
234,11,45,15,00,1977,06,20,Levi,Kels,10,,,,FALSE,,FALSE,,234,,,,,,,,4 Kg,,,,,,,,,,,,,,,,,,,,,,,,,,,,,FALSE,,,,,,,,,,FALSE,,,,,,,,,,
235,15,30,21,30,1977,06,20,Levi,,9.5,,,,FALSE,,FALSE,,235,,,,,,,,6 Kg,,,,,,,,,,,,,,,,,,,,,,,,,,,,,FALSE,,,,,,,,,,FALSE,,,,,,,,,,
236,12,00,18,00,1977,06,21,Levi,Mishtach,,,,,FALSE,,FALSE,,236,,,,,,,,15 Kg,,,,,,,,,,,,,,,,,,,,,,,,,,,,,FALSE,,,,,,,,,,FALSE,,,,,,,,,,
237,19,00,00,00,1977,06,21,Levi,Mishtach,,,,,FALSE,,FALSE,,237,,,,,,,,20 Kg,,,,,,,,,,,,,,,,,,,,,,,,,,,,,FALSE,,,,,,,,,,FALSE,,,,,,,,,,
238,00,30,06,00,1977,06,22,Levi,Mishtach,,,botz,,FALSE,,FALSE,,238,,,,,,,,17 Kg,,,,,,,,,,,,,,,,,,,,,,,,,,,,,FALSE,,,,,,,,,,FALSE,,,,,,,,,,
239,07,00,12,00,1977,06,22,Levi,Mishtach,,,,,FALSE,,FALSE,,239,,,,,,,,8 Kg,,,,,,,,,,,,,,,,,,,,,,,,,,,,,FALSE,,,,,,,,,,FALSE,,,,,,,,,,
240,12,30,18,00,1977,06,22,Levi,Mishtach,,,,,FALSE,,FALSE,,240,,,,,,,,8 Kg,,,,,,,,,,,,,,,,,,,,,,,,,,,,,FALSE,,,,,,,,,,FALSE,,,,,,,,,,
241,18,30,00,00,1977,06,22,Levi,Mishtach,,,,,FALSE,,FALSE,,241,,,,,,,,15 Kg,,,,,,,,,,,,,,,,,,,,,,,,,,,,,FALSE,,,,,,,,,,FALSE,,,,,,,,,,
242,04,30,09,30,1977,06,23,Levi,Mishtach,,,,,FALSE,,FALSE,,242,,,,,,,,8 Kg,,,,,,,,,,,,,,,,,,,,,,,,,,,,,FALSE,,,,,,,,,,FALSE,,,,,,,,,,
243,11,00,17,00,1977,06,23,Levi,Mishtach,,,,,FALSE,,FALSE,,243,,,,,,,,10 Kg,,,,,,,,,,,,,,,,,,,,,,,,,,,,,FALSE,,,,,,,,,,FALSE,,,,,,,,,,
244,18,30,00,00,1977,06,23,Levi,Borot,,,,,FALSE,,FALSE,,244,,,,,,,,18 Kg,,,,,,,,,,,,,,,,,,,,,,,,,,,,,FALSE,,,,,,,,,,FALSE,,,,,,,,,,
245,00,00,06,15,1977,06,24,Levi,Borot,,,,,FALSE,,FALSE,,245,,,,,,,,18 Kg,,,,,,,,,,,,,,,,,,,,,,,,,,,,,FALSE,,,,,,,,,,FALSE,,,,,,,,,,
246,06,45,07,45,1977,06,24,Levi,Borot E,16,,,,FALSE,,FALSE,,246,,,,,,,,,,,,,,,,,,,,,,,,,,,,,,,,,,,,,FALSE,,,,,,,,,,TRUE,,,,,,,,,,
247,09,45,15,00,1977,06,24,Levi,Mishtach,,,,,FALSE,,FALSE,,247,,,,,,,,7 Kg,,,,,,,,,,,,,,,,,,,,,,,,,,,,,FALSE,,,,,,,,,,FALSE,,,,,,,,,,
248,15,30,21,00,1977,06,24,Levi,Borot,,,,,FALSE,,FALSE,,248,,,,,,,,12 Kg,,,,,,,,,,,,,,,,,,,,,,,,,,,,,FALSE,,,,,,,,,,FALSE,,,,,,,,,,
249,21,30,05,00,1977,06,24,Levi,Borot,,,,,FALSE,,FALSE,,249,,,,,,,,25 Kg,,,,,,,,,,,,,,,,,,,,,,,,,,,,,FALSE,,,,,,,,,,FALSE,,,,,,,,,,
250,05,30,11,00,1977,06,25,Levi,Kels E,8,,,,FALSE,,FALSE,,250,,,,,,,,5 Kg,,,,,,,,,,,,,,,,,,,,,,,,,,,,,FALSE,,,,,,,,,,FALSE,,,,,,,,,,
251,14,30,21,30,1977,06,25,Levi,Mishtach,,,,,FALSE,,FALSE,,251,,,,,,,,15 Kg,,,,,,,,,,,,,,,,,,,,,,,,,,,,,FALSE,,,,,,,,,,FALSE,,,,,,,,,,
252,22,00,05,00,1977,06,25,Levi,Borot,,,,,FALSE,,FALSE,,252,,,,,,,,25 Kg,,,,,,,,,,,,,,,,,,,,,,,,,,,,,FALSE,,,,,,,,,,FALSE,,,,,,,,,,
253,,,,,1977,06,27,Sarot,,16,,,,FALSE,,FALSE,,253,,,,,,,,4,,,,,,,,,,,,,,,,,,,,,,,,,,,,,FALSE,,1 Ind,,,,,,,,FALSE,,,,,,,,,,
254,,,,,1977,06,27,Sarot,,20,,,,FALSE,,FALSE,,254,,,,,,,,3,,,,,,,,,,,,,,,,,,,,,,,,,,,,,FALSE,,2 Ind,,,,,,,,FALSE,,,,,,,,,,
255,17,30,23,00,1977,06,27,Sarot,Borot,,,,,FALSE,,FALSE,,255,,,,,,,,14 Kg,,,,,,,,,,,,,,,,,,,,,,,,,,,,,FALSE,,,,,,,,,,FALSE,,,,,,,,,,
256,00,00,05,00,1977,06,28,Sarot,Borot,,,,,FALSE,,FALSE,,256,,,,,,,,16 Kg,,,,,,,,,,,,,,,,,,,,,,,,,,,,,FALSE,,,,,,,,,,FALSE,,,,,,,,,,
257,,,,,1977,06,28,Sarot,Borot,25,,,,FALSE,,FALSE,,257,,,,,,,,7,,,,,,,,,,,,,,,,,,,,,,,,,,,,,FALSE,,2 Ind,,,,,,,,FALSE,,,,,,,,,,
258,,,,,1977,06,28,Sarot,Borot,25,,,,FALSE,,FALSE,,258,,,,,,,,7,,,,,,,,,,,,,,,,,,,,,,,,,,,,,FALSE,,,,,,,,,,FALSE,,,,,,,,,,
259,,,,,1977,06,28,Sarot,Borot,18,,,,FALSE,,FALSE,,259,,,,,,,,15,,,,,,,,,,,,,,,,,,,,,,,,,,,,,FALSE,,1 Ind,,,,,,,,FALSE,,,,,,,,,,
260,,,,,1977,06,28,Sarot,Borot,,,,,FALSE,,FALSE,,260,,,,,,,,13 Kg,,,,,,,,,,,,,,,,,,,,,,,,,,,,,FALSE,,,,,,,,,,FALSE,,,,,,,,,,
261,,,,,1977,06,28,Sarot,Borot,,,,,FALSE,,FALSE,,261,,,,,,,,12 Kg,,,,,,,,,,,,,,,,,,,,,,,,,,,,,FALSE,,,,,,,,,,FALSE,,,,,,,,,,
262,,,,,1977,06,29,Sarot,Borot,18,,,,FALSE,,FALSE,,262,,,,,,,,16,,,,,,,,,,,,,,,,,,,,,,,,,,,,,FALSE,,1 Ind,,,,,,,,FALSE,,,,,,,,,,
263,,,,,1977,06,29,Sarot,Borot,18,,,,FALSE,,FALSE,,263,,,,,,,,24 Kg,,,,,,,,,,,,,,,,,,,,,,,,,,,,,FALSE,,3 Ind,,,,,,,,FALSE,,,,,,,,,,
264,,,,,1977,06,29,Sarot,Borot,,,,,FALSE,,FALSE,,264,,,,,,,,18 Kg,,,,,,,,,,,,,,,,,,,,,,,,,,,,,FALSE,,,,,,,,,,FALSE,,,,,,,,,,
265,,,,,1977,06,29,Sarot,Borot,,,,,FALSE,,FALSE,,265,,,,,,,,15,,,,,,,,,,,,,,,,,,,,,,,,,,,,,FALSE,,,,,,,,,,FALSE,,,,,,,,,,
266,,,,,1977,06,30,Sarot,Borot E,9,,,,FALSE,,FALSE,,266,,,,,,,,14 Kg,,,,,,,,,,,,,,,,,,,,,,,,,,,,,FALSE,,,,,,,,,,FALSE,,,,,,,,,,
267,,,,,1977,06,30,Sarot,Borot,,,,,FALSE,,FALSE,,267,,,,,,,,18 Kg,,,,,,,,,,,,,,,,,,,,,,,,,,,,,FALSE,,,,,,,,,,FALSE,,,,,,,,,,
268,,,,,1977,06,30,Sarot,Borot,,,,,FALSE,,FALSE,,268,,,,,,,,14 Kg,,,,,,,,,,,,,,,,,,,,,,,,,,,,,FALSE,,,,,,,,,,FALSE,,,,,,,,,,
269,,,,,1977,07,1,Sarot,Borot,8.5,,,,FALSE,,FALSE,,269,,,,,,,,8 Kg,,,,,,,,,,,,,,,,,,,,,,,,,,,,,FALSE,,,,,,,,,,FALSE,,,,,,,,,,
270,,,,,1977,07,1,Sarot,Kels,8,,,,FALSE,,FALSE,,270,,,,,,,,,,,,,,,,,,,,,,,,,,,,,,,,,,,,,FALSE,,,,,,,,,,FALSE,,,,,,,,,12 Kg,
271,,,,,1977,07,1,Sarot,Ashdod W,8,,,,FALSE,,FALSE,,271,,,,,,,,,,,,,,,,,,,,,,,,,,,,,,,,,,,,,FALSE,,,,,,,,,,FALSE,,,,,,,,,12 Kg,
272,,,,,1977,07,1,Sarot,Ashdod W,8,,,,FALSE,,FALSE,,272,,,,,,,,,,,,,,,,,,,,,,,,,,,,,,,,,,,,,FALSE,,,,,,,,,,FALSE,,,,,,,,,20 Kg,
273,,,,,1977,07,Sarot,Sarot,Ashdod W,8,,,,FALSE,,FALSE,,273,,,,,,,,,,,,,,,,,,,,,,,,,,,,,,,,,,,,,FALSE,,,,,,,,,,FALSE,,,,,,,,,18 Kg,
274,,,,,1977,07,2,Sarot,Kels E,9,,,,FALSE,,FALSE,,274,,,,,,,,15 Kg,,,,,,,,,,,,,,,,,,,,,,,,,,,,,FALSE,,,,,,,,,,FALSE,,,,,,,,,,
275,,,,,1977,07,2,Sarot,Kels,9,,,,FALSE,,FALSE,,275,,,,,,,,6 Kg,,,,,,,,,,,,,,,,,,,,,,,,,,,,,FALSE,,,,,,,,,,FALSE,,,,,,,,,,
276,,,,,1977,07,2,Sarot,Kels,9,,,,FALSE,,FALSE,,276,,,,,,,,12 Kg,,,,,,,,,,,,,,,,,,,,,,,,,,,,,FALSE,,,,,,,,,,FALSE,,,,,,,,,,
277,07,00,12,00,1977,07,5,Levi,Ashdod W,8,,,,FALSE,,FALSE,,277,,,,,,,,1 Kg,,,,,,,,,,,,,,,,,,,,,,,,,,,,,FALSE,,,,,,,,,,FALSE,,,,,,,,,9 Kg,
278,12,30,18,00,1977,07,5,Levi,Kels W,8,,,,FALSE,,FALSE,,278,,,,,,,,,,,,,,,,,,,,,,,,,,,,,,,,,,,,,FALSE,,,,,,,,,,FALSE,,,,,,,,,5 Kg S+,
279,18,30,00,00,1977,07,5,Levi,Borot,8,,,,FALSE,,FALSE,,279,,,,,,,,18 Kg,,,,,,,,,,,,,,,,,,,,,,,,,,,,,FALSE,,,,,,,,,,FALSE,,,,,,,,,,
280,00,30,06,00,1977,07,6,Levi,Borot,,,,,FALSE,,FALSE,,280,,,,,,,,15 Kg,,,,,,,,,,,,,,,,,,,,,,,,,,,,,FALSE,,,,,,,,,,FALSE,,,,,,,,,,
281,06,45,12,00,1977,07,6,Levi,Ashdod E,8,,,,FALSE,,FALSE,,281,,,,,,,,10,,,,,,,,,,,,,,,,,,,,,,,,,,,,,FALSE,,,,,,,,,,FALSE,,,,,,,,,,
282,12,30,18,30,1977,07,6,Levi,Ashdod E,8.5,,,,FALSE,,FALSE,,282,,,,,,,,10 Kg,,,,,,,,,,,,,,,,,,,,,,,,,,,,,FALSE,,,,,,,,,,FALSE,,,,,,,,,,
283,19,30,22,00,1977,07,6,Levi,Borot,,,,,FALSE,,FALSE,,283,,,,,,,,3 Kg,,,,,,,,,,,,,,,,,,,,,,,,,,,,,FALSE,,,,,,,,,,FALSE,,,,,,,,,,
284,22,30,05,00,1977,07,7,Sarot,Borot,,,,,FALSE,,FALSE,,284,,,,,,,,25 Kg,,,,,,,,,,,,,,,,,,,,,,,,,,,,,FALSE,,,,,,,,,,FALSE,,,,,,,,,,
285,09,45,15,15,1977,07,7,Levi,Ashdod E,8,,,,FALSE,,FALSE,,285,,,,,,,,8 Kg,,,,,,,,,,,,,,,,,,,,,,,,,,,,,FALSE,,,,,,,,,,FALSE,,,,,,,,,,
286,16,45,22,15,1977,07,7,Levi,Borot,8,,,,FALSE,,FALSE,,286,,,,,,,,10 Kg,,,,,,,,,,,,,,,,,,,,,,,,,,,,,FALSE,,,,,,,,,,FALSE,,,,,,,,,,
287,22,45,05,00,1977,07,7,Levi,Borot,,,,,FALSE,,FALSE,,287,,,,,,,,20 Kg,,,,,,,,,,,,,,,,,,,,,,,,,,,,,FALSE,,,,,,,,,,FALSE,,,,,,,,,,
288,07,15,13,00,1977,07,8,Levi,Ashdod W,9.5,,,,FALSE,,FALSE,,288,,,,,,,,10 Kg,,,,,,,,,,,,,,,,,,,,,,,,,,,,,FALSE,,,,,,,,,,FALSE,,,,,,,,,,
289,20,15,01,30,1977,07,8,Levi,Borot,,,,,FALSE,,FALSE,Gambari,289,,,,,,,,8 Kg,,,,,,,,,,,,,,,,,,,,,,,,,,,,,FALSE,,,,,,,,,,FALSE,,,,,,,,,,
290,10,00,13,00,1977,07,9,Levi,Borot,17.5,,,,FALSE,,FALSE,,290,,,,,,,,,,,,10,,,,,,,,,,,,,,,,,,,,,,,,,FALSE,,1 Ind,,,,,,,,FALSE,,,,,,,,,,
291,14,00,17,30,1977,07,9,Levi,Borot,17.5,,,,FALSE,,FALSE,,291,,,,,,,,10,,,,,,,,,,,,,,,,,,,,,,,,,,,,,FALSE,,,,,,,,,,FALSE,,,,,,,,,,
292,18,30,00,00,1977,07,9,Levi,Borot,,,,,FALSE,,FALSE,,292,,,,,,,,10,,,,,,,,,,,,,,,,,,,,,,,,,,,,,FALSE,,,,,,,,,,FALSE,,,,,,,,,,
293,00,30,06,30,1977,07,10,Levi,Borot,,,,,FALSE,,FALSE,,293,,,,,,,,12 Kg,,,,,,,,,,,,,,,,,,,,,,,,,,,,,FALSE,,,,,,,,,,FALSE,,,,,,,,,,
294,06,15,09,30,1977,07,10,Levi,Borot,17.5,,,,FALSE,,FALSE,,294,,,,,,,,,4 Kg,,,5,,,,,,,,,,,,,,,,,,,,,,,,,FALSE,,,,,,,,,,FALSE,,,,,,,,,,
295,10,15,12,00,1977,07,10,Levi,Borot E,25,,,,FALSE,,FALSE,,295,,,,,,,,,,,,5,,,,,,,,,,,,,,,,,,,,,,,,,FALSE,,,,,,,,,,FALSE,,,,,,,,,,
296,12,30,15,30,1977,07,10,Levi,Borot E,25,,,,FALSE,,FALSE,,296,,,,,,,,,2 Kg,,,5,,,,,,,,,,,,,,,,,,,,,,,,,FALSE,,,,,,,,,,FALSE,,,,,,,,,,
297,16,00,18,45,1977,07,10,Levi,Borot E,20,,,,FALSE,,FALSE,,297,,,,,,,,4,3 Kg,,,,,,,,,,,,,,,,,,,,,,,,,,,,FALSE,,,,,,,,,,FALSE,,,,,,,,,,
298,19,45,01,00,1977,07,10,Levi,Borot,,,,,FALSE,,FALSE,,298,,,,,,,,10 Kg,,,,,,,,,,,,,,,,,,,,,,,,,,,,,FALSE,,,,,,,,,,FALSE,,,,,,,,,,
299,01,30,06,00,1977,07,11,Levi,Borot,,,,,FALSE,,FALSE,,299,,,,,,,,10 Kg,,,,,,,,,,,,,,,,,,,,,,,,,,,,,FALSE,,,,,,,,,,FALSE,,,,,,,,,,
300,07,30,11,30,1977,07,11,Levi,Ashdod E,16,,,,FALSE,,FALSE,,300,,,,,,,,6,,,,,,,,,,,,,,,,,,,,,,,,,,,,,FALSE,,,,,,,,,,FALSE,,,,,,,,,,
301,13,00,16,00,1977,07,11,Levi,,14,,,,FALSE,,FALSE,,301,,,,,,,,10,,,,,,,,,,,,,,,,,,,,,,,,,,,,,FALSE,,2 Ind,,,,,,,,FALSE,,,,,,,,,,
302,17,15,21,00,1977,07,11,Levi,,12,,,,FALSE,,FALSE,,302,,,,,,,,3.5,,,,,,,,,,,,,,,,,,,,,3.5,,,,,,,,FALSE,,1 Ind,,,,,,,,FALSE,,,,,,,,,,
303,22,30,03,00,1977,07,11,Levi,,12,,,,FALSE,,FALSE,,303,,,,,,,,3,,,,,,,,,,,,,,,,,,,,,,,,,,,,,FALSE,,,,,,,,,,FALSE,,,,,,,,,,
304,04,45,08,30,1977,07,12,Levi,El Arish E,15.5,,,,FALSE,,FALSE,,304,,,,,,,,8,,,,,,,,,,,,,,,,,,,,,,,,,,,,,FALSE,,2 Ind,,,,,,,,FALSE,,,,,,,,,,
305,09,00,12,30,1977,07,12,Levi,Gazza N,16.5,,,,FALSE,,FALSE,,305,,,,,,,,5,,,,,,,,,,,,,,,,,,,,,,,,,,,,,FALSE,,1 Ind,,,,,,,,FALSE,,,,,,,,,,
306,13,15,15,30,1977,07,12,Levi,,17.5,,,,FALSE,,FALSE,,306,,,,,,,,4,,,,,,,,,,,,,,,,,,,,,,,,,,,,,FALSE,,1,,,,,,,,FALSE,,,,,,,,,,
307,,,,,1977,07,15,Sarot,Borot,,,,,FALSE,,FALSE,,307,,,,,,,,21 Kg,,,,,,,,,,,,,,,,,,,,,,,,,,,,,FALSE,,,,,,,,,,FALSE,,,,,,,,,,
308,,,,,1977,07,15,Sarot,,12,,,,FALSE,,FALSE,,308,,,,,,,,20,,,,,,,,,,,,,,,,,,,,,,,,,,,,,FALSE,,1 Ind,,,,,,,,FALSE,,,,,,,,,,
309,,,,,1977,07,16,Sarot,,25,,,,FALSE,,FALSE,,309,,,,,,,,10,,,,,,,,,,,,,,,,,,,,,,,,,,,,,FALSE,,5 Ind,,,,,,,,FALSE,,,,,,,,,,
310,,,,,1977,07,16,Sarot,Borot,,,,,FALSE,,FALSE,,310,,,,,,,,15 Kg,,,,,,,,,,,,,,,,,,,,,,,,,,,,,FALSE,,,,,,,,,,FALSE,,,,,,,,,,
311,,,,,1977,07,16,Sarot,,,,,,FALSE,,FALSE,,311,,,,,,,,13 Kg,,,,,,,,,,,,,,,,,,,,,,,,,,,,,FALSE,,,,,,,,,,FALSE,,,,,,,,,,
312,,,,,1977,07,17,Sarot,,,,,,FALSE,,FALSE,,312,,,,,,,,20 Kg,,,,,,,,,,,,,,,,,,,,,,,,,,,,,FALSE,,,,,,,,,,FALSE,,,,,,,,,,
313,12,00,15,30,1977,07,21,Zion,Ashdod N,21,,,,FALSE,,FALSE,,313,,,,,,,,6 Kg,,,,,,,,,,,,,,,,,,,,,2 Kg,,,,,,,,FALSE,,,,,,,,,,FALSE,,,,,,,,,,
314,16,15,19,00,1977,07,21,Zion,Katza N,20.5,,,,FALSE,,FALSE,,314,,,,,,,,6 Kg,,,,,,,,,,,,,,,,,,,,,4 Kg,,,,,,,,FALSE,,,,,,,,,,FALSE,,,,,,,,,,
315,04,30,08,30,1977,07,22,Zion,Ashdod N,21,,,,FALSE,,FALSE,,315,,,,,,,,10 Kg,,,,,,,,,,,,,,,,,,,,,,,,,,,,,FALSE,,,,,,,,,,FALSE,,,,,,,,,,
316,09,30,13,00,1977,07,22,Zion,Ashdod N,21,,,,FALSE,,FALSE,,316,,,,,,,,15 Kg,,,,,,,,,,,,,,,,,,,,,,,,,,,,,FALSE,,,,,,,,,,FALSE,,,,,,,,,,
317,13,45,17,30,1977,07,22,Zion,Ashdod N,21,,,,FALSE,,FALSE,,317,,,,,,,,8 Kg,,,,,,,,,,,,,,,,,,,,,,,,,,,,,FALSE,,,,,,,,,,FALSE,,,,,,,,,,
318,18,30,22,30,1977,07,22,Zion,,15.5,,,,FALSE,,FALSE,,318,,,,,,,,,,,,,,,,,,,,,,,,,,,,,,,,,,,,,FALSE,,,,,,,,,,FALSE,,,,,,,,,,
319,05,00,09,00,1977,07,23,Zion,Ashkelon N,21.5,,,,FALSE,,FALSE,,319,,,,,,,,10 Kg,,,,,,,,,,,,,,,,,,,,,,,,,,,,,FALSE,,,,,,,,,,FALSE,,,,,,,,,,
320,09,45,13,30,1977,07,23,Zion,Ashdod S,,,,,FALSE,,FALSE,,320,,,,,,,,9 Kg,,,,,,,,,,,,,,,,,,,,,,,,,,,,,FALSE,,,,,,,,,,FALSE,,,,,,,,,,
321,18,00,23,00,1977,07,24,Zion,,8,,,,FALSE,,FALSE,,321,,,,,,,,6 Kg,,,,,,,,,,,,,,,,,,,,,,,,,,,,,FALSE,,,,,,,,,,FALSE,,,,,,,,,,
322,23,15,05,00,1977,07,25,Zion,Borot,11.5,,,,FALSE,,FALSE,,322,,,,,,,,15 Kg,,,,,,,,,,,,,,,,,,,,,,,,,,,,,FALSE,,,,,,,,,,FALSE,,,,,,,,,,
323,06,00,12,00,1977,07,25,Zion,Mishtach,,,,,FALSE,,FALSE,,323,,,,,,,,12 Kg,,,,,,,,,,,,,,,,,,,,,,,,,,,,,FALSE,,,,,,,,,,FALSE,,,,,,,,,,
324,12,15,17,30,1977,07,25,Zion,Mishtach,,,,,FALSE,,FALSE,,324,,,,,,,,8 Kg,,,,,,,,,,,,,,,,,,,,,,,,,,,,,FALSE,,,,,,,,,,FALSE,,,,,,,,,,
325,18,45,00,00,1977,07,25,Zion,Kels,,,,,FALSE,,FALSE,,325,,,,,,,,24 Kg,,,,,,,,,,,,,,,,,,,,,,,,,,,,,FALSE,,,,,,,,,,FALSE,,,,,,,,,,
326,08,00,13,00,1977,07,26,Zion,Kels W,8,7.75,,,FALSE,,FALSE,,326,,,,,,,,,5 Kg S+,,,,,,,,,,,,,,,,,,,,,,,,,,,,FALSE,,,,,,,,,,FALSE,,,,,,,,,,
327,15,00,18,30,1977,07,26,Zion,,12,,botz,,FALSE,,FALSE,,327,,,,,,,,,,,,,,,,,,,,,,,,,,,,,,,,,,,,,FALSE,,,,,,,,,,FALSE,,,,,,,,,,
328,18,45,00,15,1977,07,25,Zion,,,,,,FALSE,,FALSE,,328,,,,,,,,22 Kg,,,,,,,,,,,,,,,,,,,,,,,,,,,,,FALSE,,,,,,,,,,FALSE,,,,,,,,,,
329,00,30,05,30,1977,07,27,Zion,,,,,,FALSE,,FALSE,,329,,,,,,,,17 Kg,,,,,,,,,,,,,,,,,,,,,,,,,,,,,FALSE,,,,,,,,,,FALSE,,,,,,,,,,
330,07,45,12,30,1977,07,27,Zion,Mishtach,,,,,FALSE,,FALSE,,330,,,,,,,,6 Kg,,,,,,,,,,,,,,,,,,,,,,,,,,,,,FALSE,,,,,,,,,,FALSE,,,,,,,,,,
331,14,30,18,00,1977,07,27,Zion,Mishtach,,,,,FALSE,,FALSE,,331,,,,,,,,5 Kg,,,,,,,,,,,,,,,,,,,,,,,,,,,,,FALSE,,,,,,,,,,FALSE,,,,,,,,,,
332,18,45,00,00,1977,07,27,Zion,,,,,,FALSE,,FALSE,,332,,,,,,,,20 Kg,,,,,,,,,,,,,,,,,,,,,,,,,,,,,FALSE,,,,,,,,,,FALSE,,,,,,,,,,
333,00,00,05,15,1977,07,28,Zion,,,,,,FALSE,,FALSE,,333,,,,,,,,16 Kg,,,,,,,,,,,,,,,,,,,,,,,,,,,,,FALSE,,,,,,,,,,FALSE,,,,,,,,,,
334,07,00,10,00,1977,07,28,Zion,Borot E,12,,,,FALSE,,FALSE,,334,,,,,,,,5 Kg,,,,,,,,,,,,,,,,,,,,,,,,,,,,,FALSE,,,,,,,,,,FALSE,,,,,,,,,,
335,10,00,13,00,1977,07,28,Levi,Borot E,12,,,,FALSE,,FALSE,,335,,,,,,,,3 Kg,,,,,,,,,,,,,,,,,,,,,,,,,,,,,FALSE,,,,,,,,,,FALSE,,,,,,,,,,
336,14,00,18,30,1977,07,28,Zion,Ashdod W,6.5,,,,FALSE,,FALSE,,336,,,,,,,,5 Kg,,,,,,,,,,,,,,,,,,,,,,,,,,,,,FALSE,,,,,,,,,,FALSE,,,,,,,,,,
337,20,30,04,30,1977,06,29,Zion,Borot,,,,,FALSE,,FALSE,,337,,,,,,,,25 Kg,,,,,,,,,,,,,,,,,,,,,,,,,,,,,FALSE,,,,,,,,,,FALSE,,,,,,,,,,
338,08,00,12,00,1977,07,29,Zion,Ashdod E,,,,,FALSE,,FALSE,,338,,,,,,,,9 Kg,,,,,,,,,,,,,,,,,,,,,,,,,,,,,FALSE,,,,,,,,,,FALSE,,,,,,,,,,
339,12,45,17,00,1977,07,29,Zion,Ashdod W,,,,,FALSE,,FALSE,,339,,,,,,,,6 Kg,,,,,,,,,,,,,,,,,,,,,,,,,,,,,FALSE,,,,,,,,,,FALSE,,,,,,,,,,
340,19,45,01,00,1977,07,29,Zion,Borot,,,,,FALSE,,FALSE,Gambari,340,,,,,,,,,16 Kg,,,,,,,,,,,,,,,,,,,,,,,,,,,,FALSE,,,,,,,,,,FALSE,,,,,,,,,,
341,01,30,05,30,1977,07,30,Zion,Borot,,,,,FALSE,,FALSE,,341,,,,,,,,12 Kg,,,,,,,,,,,,,,,,,,,,,,,,,,,,,FALSE,,,,,,,,,,FALSE,,,,,,,,,,
342,07,30,11,15,1977,07,30,Zion,Ashdod E,14,,,,FALSE,,FALSE,,342,,,,,,,,8 Kg,,,,,,,,,,,,,,,,,,,,,,,,,,,,,FALSE,,1 Ind,,,,,,,,FALSE,,,,,,,,,,
343,12,30,17,00,1977,07,30,Zion,Ashdod W,14,,,,FALSE,,FALSE,,343,,,,,,,,6 Kg,,,,,,,,,,,,,,,,,,,,,,,,,,,,,FALSE,,,,,,,,,,FALSE,,,,,,,,,,
344,18,30,01,00,1977,07,30,Zion,Borot,,,,,FALSE,,FALSE,,344,,,,,,,,18 Kg,,,,,,,,,,,,,,,,,,,,,,,,,,,,,FALSE,,,,,,,,,,FALSE,,,,,,,,,,
345,01,30,06,00,1977,07,31,Zion,Borot,,,,,FALSE,,FALSE,,345,,,,,,,,10 Kg,,,,,,,,,,,,,,,,,,,,,,,,,,,,,FALSE,,,,,,,,,,FALSE,,,,,,,,,,
346,07,15,11,15,1977,07,31,Zion,Borot W,,,,,FALSE,,FALSE,,346,,,,,,,,12 Kg,,,,,,,,,,,,,,,,,,,,,,,,,,,,,FALSE,,,,,,,,,,FALSE,,,,,,,,,,
347,12,00,16,00,1977,07,31,Zion,Borot E,,,,,FALSE,,FALSE,,347,,,,,,,,17 Kg,,,,,,,,,,,,,,,,,,,,,,,,,,,,,FALSE,,,,,,,,,,FALSE,,,,,,,,,,
348,01,30,18,30,1977,07,31,Zion,Borot,,,,,FALSE,,FALSE,,348,,,,,,,,15 Kg,,,,,,,,,,,,,,,,,,,,,,,,,,,,,FALSE,,,,,,,,,,FALSE,,,,,,,,,,
349,01,45,06,00,1977,08,1,Zion,Borot,,,,,FALSE,,FALSE,,349,,,,,,,,13 Kg,,,,,,,,,,,,,,,,,,,,,,,,,,,,,FALSE,,,,,,,,,,FALSE,,,,,,,,,,
350,,,,,1977,08,2,Sarot,Ashdod S,20,,,,FALSE,,FALSE,,350,,,,,,,,8,,,,,,,,,,,,,,,,,,,,,,,,,,,,,FALSE,,1 Ind,,,,,,,,FALSE,,,,,,,,,,
351,,,,,1977,08,2,Sarot,,20,,,,FALSE,,FALSE,,351,,,,,,,,10,,,,,,,,,,,,,,,,,,,,,,,,,,,,,FALSE,,,,,,,,,,FALSE,,,,,,,,,,
352,,,,,1977,08,2,Sarot,,25,,,Han Younes S,FALSE,,FALSE,,352,,,,,,,,12,,,,,,,,,,,,,,,,,,,,,,,,,,,,,FALSE,,,,,,,,,,FALSE,,,,,,,,,,
353,,,,,1977,08,2,Sarot,Gazza N,8,,,,FALSE,,FALSE,,353,,,,,,,,,18 Kg,,,,,,,,,,,,,,,,,,,,,,,,,,,,FALSE,,,,,,,,,,FALSE,,,,,,,,,,
354,,,,,1977,08,3,Sarot,Gazza W,25,,,,FALSE,,FALSE,,354,,,,,,,,10,,,,,,,,,,,,,,,,,,,,,,,,,,,,,FALSE,,5 Ind,,,,,,,,FALSE,,,,,,,,,,
355,,,,,1977,08,3,Sarot,Gazza W,26,,,,FALSE,,FALSE,,355,,,,,,,,10,,,,,,,,,,,,,,,,,,,,,,,,,,,,,FALSE,,,,,,,,,,FALSE,,,,,,,,,,
356,,,,,1977,08,3,Sarot,Gazza W,23,,,,FALSE,,FALSE,,356,,,,,,,,12,,,,,,,,,,,,,,,,,,,,,,,,,,,,,FALSE,,1 Ind,,,,,,,,FALSE,,,,,,,,,,
357,,,,,1977,08,3,Sarot,,7,,,,FALSE,,FALSE,,357,,,,,,,,,18 Kg,,,,,,,,,,,,,,,,,,,,,,,,,,,,FALSE,,,,,,,,,,FALSE,,,,,,,,,,
358,,,,,1977,08,4,Sarot,El Arish W,16,,,,FALSE,,FALSE,,358,,,,,,,,8,,,,,,,,,,,,,,,,,,,,,,,,,,,,,FALSE,,1 Ind,,,,,,,,FALSE,,,,,,,,,,
359,,,,,1977,08,4,Sarot,,24,,,,FALSE,,FALSE,,359,,,,,,,,9,,,,,,,,,,,,,,,,,,,,,,,,,,,,,FALSE,,2 Ind,,,,,,,,FALSE,,,,,,,,,,
360,,,,,1977,08,4,Sarot,,24,,,,FALSE,,FALSE,,360,,,,,,,,9,,,,,,,,,,,,,,,,,,,,,,,,,,,,,FALSE,,,,,,,,,,FALSE,,,,,,,,,,
361,,,,,1977,08,4,Sarot,,,,,,FALSE,,FALSE,Gambari,361,,,,,,,,,,,,,,,,,,,,,,,,,,,,,,,,,,,,,FALSE,,,,,,,,,,TRUE,,,,,,,,,,
362,,,,,1977,08,5,Sarot,Gazza,23,,,,FALSE,,FALSE,,362,,,,,,,,9,,,,,,,,,,,,,,,,,,,,,,,,,,,,,FALSE,,,,,,,,,,FALSE,,,,,,,,,,
363,,,,,1977,08,5,Sarot,Ashdod S,23,,,,FALSE,,FALSE,,363,,,,,,,,10,,,,,,,,,,,,,,,,,,,,,,,,,,,,,FALSE,,,,,,,,,,FALSE,,,,,,,,,,
364,,,,,1977,08,5,Sarot,Ashdod S,23,,,,FALSE,,FALSE,,364,,,,,,,,7,,,,,,,,,,,,,,,,,,,,,,,,,,,,,FALSE,,2 Ind,,,,,,,,FALSE,,,,,,,,,,
365,,,,,1977,08,5,Sarot,,,,,,FALSE,,FALSE,,365,,,,,,,,,11 Kg,,,,,,,,,,,,,,,,,,,,,,,,,,,,FALSE,,,,,,,,,,FALSE,,,,,,,,,,
366,,,,,1977,08,6,Sarot,Gazza E,23,,,,FALSE,,FALSE,,366,,,,,,,,26,,,,,,,,,,,,,,,,,,,,,,,,,,,,,FALSE,,,,,,,,,,FALSE,,,,,,,,,,
367,,,,,1977,08,6,Sarot,,23,,,,FALSE,,FALSE,,367,,,,,,,,3,,,,,,,,,,,,,,,,,,,,,,,,,,,,,FALSE,,,,,,,,,,FALSE,,,,,,,,,,
368,,,,,1977,08,7,Sarot,Gazza E,22,,,,FALSE,,FALSE,,368,,,,,,,,16,,,,,,,,,,,,,,,,,,,,,,,,,,,,,FALSE,,2 Ind,,,,,,,,FALSE,,,,,,,,,,
369,,,,,1977,08,7,Sarot,Ashdod S,22,,,,FALSE,,FALSE,,369,,,,,,,,10,,,,,,,,,,,,,,,,,,,,,,,,,,,,,FALSE,,,,,,,,,,FALSE,,,,,,,,,,
370,,,,,1977,08,7,Sarot,Gazza E,20,,,,FALSE,,FALSE,,370,,,,,,,,21,,,,,,,,,,,,,,,,,,,,,,,,,,,,,FALSE,,1 Ind,,,,,,,,FALSE,,,,,,,,,,
371,,,,,1977,08,7,Sarot,,,,,Han Younes S,FALSE,,FALSE,,371,,,,,,,,13,,,,,,,,,,,,,,,,,,,,,,,,,,,,,FALSE,,,,,,,,,,FALSE,,,,,,,,,,
372,,,,,1977,08,8,Sarot,Gazza E,20,,,,FALSE,,FALSE,,372,,,,,,,,15,,,,,,,,,,,,,,,,,,,,,,,,,,,,,FALSE,,,,,,,,,,FALSE,,,,,,,,,,
373,,,,,1977,08,8,Sarot,,20,,,,FALSE,,FALSE,,373,,,,,,,,6,,,,,,,,,,,,,,,,,,,,,,,,,,,,,FALSE,,,,,,,,,,FALSE,,,,,,,,,,
374,,,,,1977,08,8,Sarot,Gazza N,20,,,,FALSE,,FALSE,,374,,,,,,,,14,,,,,,,,,,,,,,,,,,,,,,,,,,,,,FALSE,,,,,,,,,,FALSE,,,,,,,,,,
375,,,,,1977,08,8,Sarot,,20,,,,FALSE,,FALSE,,375,,,,,,,,3,,,,,,,,,,,,,,,,,,,,,,,,,,,,,FALSE,,,,,,,,,,FALSE,,,,,,,,,,
376,,,,,1977,08,8,Sarot,Gazza N,20,,,,FALSE,,FALSE,,376,,,,,,,,3,,,,,,,,,,,,,,,,,,,,,,,,,,,,,FALSE,,,,,,,,,,FALSE,,,,,,,,,,
377,06,15,10,30,1977,08,10,Zion,Gazza SW,23,,,,FALSE,,FALSE,,377,,,,,,,,8 Kg,,,,,,,,,,,,,,,,,,,,,,,,,,,,,FALSE,,1 Ind,,,,,,,,FALSE,,,,,,,,,,
378,11,15,15,30,1977,08,10,Zion,GazzaW,23.5,,,,FALSE,,FALSE,,378,,,,,,,,24 Kg,,,,,,,,,,,,,,,,,,,,,,,,,,,,,FALSE,,,,,,,,,,FALSE,,,,,,,,,,
379,18,30,05,00,1977,08,10,Zion,Gazza,8,2,,,FALSE,,FALSE,,379,,,,,,,,,9 Kg,,,,,,,,,,,,,,,,,,,,,,,,,,,,FALSE,,,,,,,,,,FALSE,,,,,,,,,,
380,07,30,11,00,1977,08,11,Zion,,24.5,,,,FALSE,,FALSE,,380,,,,,,,,25 Kg,,,,,,,,,,,,,,,,,,,,,,,,,,,,,FALSE,,,,,,,,,,FALSE,,,,,,,,,,
381,12,15,15,45,1977,08,11,Zion,,24.5,,,,FALSE,,FALSE,,381,,,,,,,,,,,,,,,,,,,,,,,,,,,,,,,,,,,,,FALSE,,,,,,,,,,FALSE,,,,,,,,,,
382,17,30,00,00,1977,08,11,Zion,,12.5,,,,FALSE,,FALSE,Gambari,382,,,,,,,,,6 Kg,,,,,,,,,,,,,,,,,,,,,,,,,,,,FALSE,,,,,,,,,,FALSE,,,,,,,,,,
383,00,30,04,45,1977,08,12,Zion,Borot,,,,,FALSE,,FALSE,,383,,,,,,,,10 Kg,,,,,,,,,,,,,,,,,,,,,,,,,,,,,FALSE,,,,,,,,,,FALSE,,,,,,,,,,
384,05,30,09,30,1977,08,12,Zion,,12.5,,,,FALSE,,FALSE,,384,,,,,,,,4 Kg,,,,,,,,,,,,,,,,,,,,,,,,,,,,,FALSE,,1 Ind,,,,,,,,FALSE,,,,,,,,,,
385,10,15,14,30,1977,08,12,Zion,Ashdod N,20,,,,FALSE,,FALSE,,385,,,,,,,,10,,,,,,,,,,,,,,,,,,,,,,,,,,,,,FALSE,,9 Ind,,,,,,,,FALSE,,,,,,,,,,
386,15,15,19,00,1977,08,12,Zion,,23,,,,FALSE,,FALSE,,386,,,,,,,,7,,,,,,,,,,,,,,,,,,,,,,,,,,,,,FALSE,,6 Ind,,,,,,,,FALSE,,,,,,,,,,
387,20,15,00,15,1977,08,12,Zion,,22.5,,,,FALSE,,FALSE,,387,,,,,,,,,,,,,,,,,,,,,,,,,,,,,,,,,,,,,FALSE,,,,,,,,,,TRUE,,,,,,,,,,
388,01,00,06,15,1977,08,13,Zion,,27.5,,,,FALSE,,FALSE,,388,,,,,,,,5,,,,,,,,,,,,,,,,,,,,,,,,,,,,,FALSE,,,,,,,,,,FALSE,,,,,,,,,,
389,06,45,10,45,1977,08,13,Zion,,,,,,FALSE,,FALSE,,389,,,,,,,,8,,,,,,,,,,,,,,,,,,,,,,,,,,,,,FALSE,,3 Ind,,,,,,,,FALSE,,,,,,,,,,
390,17,00,20,00,1977,08,13,Zion,Borot,,,,,FALSE,,FALSE,Gambari,390,,,,,,,,,18 Kg,,,,,,,,,,,,,,,,,,,,,,,,,,,,FALSE,,1 Ind,,,,,,,,FALSE,,,,,,,,,,
391,07,15,12,00,1977,08,14,Zion,,12.5,,,,FALSE,,FALSE,Gambari,391,,,,,,,,,5 Kg,,,,,,,,,,,,,,,,,,,,,,,,,,,,FALSE,,,,,,,,,,FALSE,,,,,,,,,,
392,12,30,18,00,1977,08,14,Zion,,11,,,,FALSE,,FALSE,Gambari,392,,,,,,,,,10 Kg,,,,,,,,,,,,,,,,,,,,,,,,,,,,FALSE,,,,,,,,,,FALSE,,,,,,,,,,
393,18,15,00,00,1977,08,14,Zion,Borot,,,,,FALSE,,FALSE,Gambari,393,,,,,,,,,10 Kg,,,,,,,,,,,,,,,,,,,,,,,,,,,,FALSE,,,,,,,,,,FALSE,,,,,,,,,,
394,00,00,04,45,1977,08,15,Zion,Borot,,,,,FALSE,,FALSE,Gambari,394,,,,,,,,,13 Kg,,,,,,,,,,,,,,,,,,,,,,,,,,,,FALSE,,,,,,,,,,FALSE,,,,,,,,,,
395,06,00,09,45,1977,08,15,Zion,Kels,24,,,,FALSE,,FALSE,,395,,,,,,,,14 Kg,,,,,,,,,,,,,,,,,,,,,,,,,,,,,FALSE,,6 Ind,,,,,,,,FALSE,,,,,,,,,,
396,10,30,14,00,1977,08,15,Zion,Ashdod W,24,,,,FALSE,,FALSE,,396,,,,,,,,10 Kg,,,,,,,,,,,,,,,,,,,,,,,,,,,,,FALSE,,1 Ind,,,,,,,,FALSE,,,,,,,,,,
397,14,30,18,30,1977,08,15,Zion,,,,,,FALSE,,FALSE,,397,,,,,,,,8 Kg,,,,,,,,,,,,,,,,,,,,,,,,,,,,,FALSE,,6 Ind,,,,,,,,FALSE,,,,,,,,,,
398,19,30,03,00,1977,08,15,Zion,,14,,,,FALSE,,FALSE,,398,,,,,,,,2 Kg,3 Kg,,,,,,,,,,,,,,,,,,,,,,,,,,,,FALSE,,,,,,,,,,FALSE,,,,,,,,,,
399,04,30,09,30,1977,08,16,Zion,Ashdod E,24.5,,,,FALSE,,FALSE,,399,,,,,,,,8 Kg,,,,,,,,,,,,,,,,,,,,,,,,,,,,,FALSE,,1 Ind,,,,,,,,FALSE,,,,,,,,,,
400,,,,,1977,08,17,Sarot,,22,,,,FALSE,,FALSE,,400,,,,,,,,4,,,,,,,,,,,,,,,,,,,,,,,,,,,,,FALSE,,,,,,,,,,FALSE,,,,,,,,,,
401,,,,,1977,08,17,Sarot,El Arish,27,,,,FALSE,,FALSE,,401,,,,,,,,3,,,,,,,,,,,,,,,,,,,,,,,,,,,,,FALSE,,1 Ind,,,,,,,,FALSE,,,,,,,,,,
402,,,,,1977,08,17,Sarot,,22,,,,FALSE,,FALSE,,402,,,,,,,,4,,,,,,,,,,,,,,,,,,,,,,,,,,,,,FALSE,,1 Ind,,,,,,,,FALSE,,,,,,,,,,
403,,,,,1977,08,17,Sarot,Ashdod W,12,,,,FALSE,,FALSE,,403,,,,,,,,,0.5,,,,,,,,,,,,,,,,,,,,,,,,,,,,FALSE,,,,,,,,,,FALSE,,,,,,,,,,
404,,,,,1977,08,18,Sarot,Borot W,18,,,,FALSE,,FALSE,,404,,,,,,,,3,,,,,,,,,,,,,,,,,,,,,,,,,,,,,FALSE,,,,,,,,,,FALSE,,,,,,,,,,
405,,,,,1977,08,18,Sarot,,30,,,,FALSE,,FALSE,,405,,,,,,,,2,,,,,,,,,,,,,,,,,,,,,,,,,,,,,FALSE,,,,,,,,,,FALSE,,,,,,,,,,
406,,,,,1977,08,18,Sarot,,,,,,FALSE,,FALSE,,406,,,,,,,,3,,,,,,,,,,,,,,,,,,,,,,,,,,,,,FALSE,,1 Ind,,,,,,,,FALSE,,,,,,,,,,
407,,,,,1977,08,18,Sarot,Borot,,,,,FALSE,,FALSE,,407,,,,,,,,7 Kg,,,,,,,,,,,,,,,,,,,,,,,,,,,,,FALSE,,,,,,,,,,FALSE,,,,,,,,,,
408,,,,,1977,08,18,Sarot,Borot,,,,,FALSE,,FALSE,,408,,,,,,,,7 Kg,,,,,,,,,,,,,,,,,,,,,,,,,,,,,FALSE,,,,,,,,,,FALSE,,,,,,,,,,
409,08,30,12,30,1977,08,24,Levi,Gazza S,24,,,,FALSE,,FALSE,,409,,,,,,,,8,,,,,,,,,,,,,,,,,,,,,,,,,,,,,FALSE,,,,,,,,,,FALSE,,,,,,,,,,
410,13,00,17,15,1977,08,24,Levi,Gazza S,23,,,,FALSE,,FALSE,,410,,,,,,,,10,,,,,,,,,,,,,,,,,,,,,,,,,,,,,FALSE,,,,,,,,,,FALSE,,,,,,,,,,
411,18,00,23,15,1977,08,24,Levi,Gazza,13.5,,,,FALSE,,FALSE,,411,,,,,,,,3,,,,,,,,,,,,,,,,,,,,,,,,,,,,,FALSE,,,,,,,,,,FALSE,,,,,,,,,,
412,00,00,05,00,1977,08,25,Levi,Ashdod,10,,,,FALSE,,FALSE,,412,,,,,,,,4,,,,,,,,,,,,,,,,,,,,,,,,,,,,,FALSE,,,,,,,,,,FALSE,,,,,,,,,,
413,06,00,10,00,1977,08,25,Levi,Ashdod,12.5,,,,FALSE,,FALSE,,413,,,,,,,,14,,,,,,,,,,,,,,,,,,,,,,,,,,,,,FALSE,,,,,,,,,,FALSE,,,,,,,,,,
414,11,00,15,00,1977,08,25,Levi,Ashdod,18,,,,FALSE,,FALSE,,414,,,,,,,,10,,,,,,,,,,,,,,,,,,,,,,,,,,,,,FALSE,,1 Ind,,,,,,,,FALSE,,,,,,,,,,
415,15,30,19,30,1977,08,25,Levi,Ashdod E,13.5,,,,FALSE,,FALSE,,415,,,,,,,,10,,,,,,,,,,,,,,,,,,,,,,,,,,,,,FALSE,,3 Ind,,,,,,,,FALSE,,,,,,,,,,
416,20,00,01,00,1977,08,25,Levi,Ashdod,13.5,,,,FALSE,,FALSE,,416,,,,,,,,2,,,,,,,,,,,,1,,,,,,,,,,,,,,,,,FALSE,,,,,,,,,,FALSE,,,,,,,,,,
417,01,30,05,30,1977,08,26,Levi,Ashdod E,13,,,,FALSE,,FALSE,,417,,,,,,,,4,,,,,,,,,,,,,,,,,,,,,,,,,,,,,FALSE,,,,,,,,,,FALSE,,,,,,,,,,
418,06,00,09,30,1977,08,26,Levi,Ashdod E,14,,,,FALSE,,FALSE,,418,,,,,,,,10,,,,,,,,,,,,,,,,,,,,,,,,,,,,,FALSE,,1 Ind,,,,,,,,FALSE,,,,,,,,,,
419,10,00,13,30,1977,08,26,Levi,Ashdod,14,,,,FALSE,,FALSE,,419,,,,,,,,7,,,,,,,,,,,,,,,,,,,,,,,,,,,,,FALSE,,2 Ind,,,,,,,,FALSE,,,,,,,,,,
420,14,15,18,00,1977,08,26,Levi,Ashdod,13.5,,,,FALSE,,FALSE,,420,,,,,,,,7,,,,,,,,,,,,,,,,,,,,,,,,,,,,,FALSE,,,,,,,,,,FALSE,,,,,,,,,,
421,18,30,23,30,1977,08,26,Levi,Ashdod,10,,,,FALSE,,FALSE,,421,,,,,,,,4,,,,,,,,,,,,,,,,,,,,,,,,,,,,,FALSE,,,,,,,,,,FALSE,,,,,,,,,,
422,00,15,05,30,1977,08,27,Levi,Ashdod E,15.5,,,,FALSE,,FALSE,,422,,,,,,,,6,,,,,,,,,,,,,,,,,,,,,,,,,,,,,FALSE,,,,,,,,,,FALSE,,,,,,,,,,
423,06,15,10,00,1977,08,27,Levi,Ashdod W,19,,,,FALSE,,FALSE,,423,,,,,,,,15,,,,,,,,,,,,,,,,,,,,,,,,,,,,,FALSE,,,,,,,,,,FALSE,,,,,,,,,,
424,10,45,13,15,1977,08,27,Levi,Ashdod N,24.5,,,,FALSE,,FALSE,,424,,,,,,,,10,,,,,,,,,,,,,,,,,,,,,,,,,,,,,FALSE,,1 Ind,,,,,,,,FALSE,,,,,,,,,,
425,05,30,09,00,1977,08,28,Levi,Ashdod S,22.5,,,,FALSE,,FALSE,,425,,,,,,,,8,,,,,,,,,,,,,,,,,,,,,,,,,,,,,FALSE,,,,,,,,,,FALSE,,,,,,,,,,
426,09,45,13,00,1977,08,28,Levi,Ashkelon N,20.5,,,,FALSE,,FALSE,,426,,,,,,,,7,,,,,,,,,,,,,,,,,,,,,,,,,,,,,FALSE,,,,,,,,,,FALSE,,,,,,,,,,
427,13,45,17,30,1977,08,28,Levi,Ashdod S,27,,,,FALSE,,FALSE,,427,,,,,,,,7,,,,,,,,,,,,,,,,,,,,,,,,,,,,,FALSE,,1 Ind,,,,,,,,FALSE,,,,,,,,,,
428,18,00,22,30,1977,08,28,Levi,Ashkelon S,20,,,,FALSE,,FALSE,,428,,,,,,,,3,,,,,,,,,,,,,,,,,,,,,,,,,,,,,FALSE,,,,,,,,,,FALSE,,,,,,,,,,
429,00,00,05,00,1977,08,29,Levi,Ashkelon S,18,,,,FALSE,,FALSE,,429,,,,,,,,4,,,,,,,,,,,,,,,,,,,,,,,,,,,,,FALSE,,,,,,,,,,FALSE,,,,,,,,,,
430,05,30,09,00,1977,08,29,Levi,Gazza S,18,,,,FALSE,,FALSE,,430,,,,,,,,16,,,,,,,,,,,,,,,,,,,,,,,,,,,,,FALSE,,,,,,,,,,FALSE,,,,,,,,,,
431,09,30,13,00,1977,08,29,Levi,Gazza S,18,,,,FALSE,,FALSE,,431,,,,,,,,12,,,,,,,,,,,,,,,,,,,,,,,,,,,,,FALSE,,,,,,,,,,FALSE,,,,,,,,,,
432,13,45,17,30,1977,08,29,Levi,Gazza N,17,,,,FALSE,,FALSE,,432,,,,,,,,6,,,,,,,,,,,,,,,,,,,,,,,,,,,,,FALSE,,1 Ind,,,,,,,,FALSE,,,,,,,,,,
433,18,00,23,00,1977,08,29,Levi,Gazza N,15,,,,FALSE,,FALSE,,433,,,,,,,,2,,,,,,,,,,,,,,,,,,,,,,,,,,,,,FALSE,,,,,,,,,,FALSE,,,,,,,,,,
434,05,30,09,00,1977,08,30,Levi,Gazza,18,,,,FALSE,,FALSE,,434,,,,,,,,12,,,,,,,,,,,,,,,,,,,,,,,,,,,,,FALSE,,,,,,,,,,FALSE,,,,,,,,,,
435,09,30,12,15,1977,08,30,Levi,Gazza N,17.5,,,,FALSE,,FALSE,,435,,,,,,,,4,,,,,,,,,,,,,,,,,,,,,,,,,,,,,FALSE,,,,,,,,,,FALSE,,,,,,,,,,
436,05,00,09,00,1977,09,1,Zion,Gazza S,20,,,,FALSE,,FALSE,,436,,,,,,,,12,,,,,,,,,,,,,,,,,,,,,,,,,,,,,FALSE,,,,,,,,,,FALSE,,,,,,,,,,
437,09,45,14,00,1977,09,1,Zion,Gazza S,19,,,,FALSE,,FALSE,,437,,,,,,,,7,,,,,,,,,,,,,,,,,,,,,,,,,,,,,FALSE,,2 Ind,,,,,,,,FALSE,,,,,,,,,,
438,15,15,19,00,1977,09,1,Zion,Gazza,,,,,FALSE,,FALSE,,438,,,,,,,,6,,,,,,,,,,,,,,,,,,,,,,,,,,,,,FALSE,,,,,,,,,,FALSE,,,,,,,,,,
439,22,00,04,30,1977,09,1,Zion,Gazza,,,,,FALSE,,FALSE,Gambari,439,,,,,,,,,10 Kg,,,,,,,,,,,,,,,,,,,,,,,,,,,,FALSE,,,,,,,,,,FALSE,,,,,,,,,,
440,05,30,09,00,1977,09,2,Zion,Ashdod,24,,,,FALSE,,FALSE,,440,,,,,,,,7,,,,,,,,,,,,,,,,,,,,,,,,,,,,,FALSE,,2 Ind,,,,,,,,FALSE,,,,,,,,,,
441,10,00,14,15,1977,09,2,Zion,Ashdod,25,,,,FALSE,,FALSE,,441,,,,,,,,4,,,,,,,,,,,,,,,,,,,,,,,,,,,,,FALSE,,3 Ind,,,,,,,,FALSE,,,,,,,,,,
442,14,45,18,30,1977,09,2,Zion,Ashdod,24,,,,FALSE,,FALSE,,442,,,,,,,,8,,,,,,,,,,,,,,,,,,,,,,,,,,,,,FALSE,,1 Ind,,,,,,,,FALSE,,,,,,,,,,
443,19,15,04,45,1977,09,2,Zion,Ashdod,8,,,,FALSE,,FALSE,Gambari,443,,,,,,,,,12,,,,,,,,,,,,,,,,,,,,,,,,,,,,FALSE,,,,,,,,,,FALSE,,,,,,,,,,
444,05,15,11,15,1977,09,3,Zion,Ashdod,8,,,,FALSE,,FALSE,,444,,,,,,,,10 Kg,,,,,,,,,,,,,,,,,,,,,,,,,,,,,FALSE,,,,,,,,,,FALSE,,,,,,,,,,
445,11,45,14,45,1977,09,3,Zion,Ashdod,8,,,,FALSE,,FALSE,,445,,,,,,,,6 Kg,,,,,,,,,,,,,,,,,,,,,,,,,,,,,FALSE,,,,,,,,,,FALSE,,,,,,,,,,
446,15,00,18,15,1977,09,3,Zion,Ashdod,7,,,,FALSE,,FALSE,,446,,,,,,,,10 Kg,,,,,,,,,,,,,,,,,,,,,,,,,,,,,FALSE,,,,,,,,,,FALSE,,,,,,,,,,
447,19,30,00,00,1977,09,3,Zion,Ashdod,8.5,,,,FALSE,,FALSE,,447,,,,,,,,5 Kg,,,,,,,,,,,,,,,,,,,,,,,,,,,,,FALSE,,,,,,,,,,FALSE,,,,,,,,,,
448,00,00,06,00,1977,09,4,Zion,Ashdod,8,,,,FALSE,,FALSE,,448,,,,,,,,5 Kg,,,,,,,,,,,,,,,,,,,,,,,,,,,,,FALSE,,,,,,,,,,FALSE,,,,,,,,,,
449,08,30,11,45,1977,09,4,Zion,Mishtach,,,,,FALSE,,FALSE,,449,,,,,,,,10 Kg,,,,,,,,,,,,,,,,,,,,,,,,,,,,,FALSE,,,,,,,,,,FALSE,,,,,,,,,,
450,12,15,18,00,1977,09,4,Zion,,,,,,FALSE,,FALSE,,450,,,,,,,,18 Kg,,,,,,,,,,,,,,,,,,,,,,,,,,,,,FALSE,,,,,,,,,,FALSE,,,,,,,,,,
451,18,45,00,30,1977,09,4,Zion,,,,,,FALSE,,FALSE,,451,,,,,,,,18 Kg,,,,,,,,,,,,,,,,,,,,,,,,,,,,,FALSE,,,,,,,,,,FALSE,,,,,,,,,,
452,01,00,06,30,1977,09,5,Zion,Borot,,,,,FALSE,,FALSE,,452,,,,,,,,7 Kg,,,,,,,,,,,,,,,,,,,,,,,,,,,,,FALSE,,,,,,,,,,FALSE,,,,,,,,,,
453,07,00,19,00,1977,09,5,Zion,Borot E,8,,,,FALSE,,FALSE,,453,,,,,,,,5 Kg,,,,,,,,,,,,,,,,,,,,,,,,,,,,,FALSE,,,,,,,,,,FALSE,,,,,,,,,,
454,22,00,06,00,1977,09,5,Zion,Borot,,,,,FALSE,,FALSE,,454,,,,,,,,16 Kg,,,,,,,,,,,,,,,,,,,,,,,,,,,,,FALSE,,,,,,,,,,FALSE,,,,,,,,,,
455,07,00,10,15,1977,09,6,Zion,Kels E,23,,,,FALSE,,FALSE,,455,,,,,,,,4 Kg,,,,,,,,,,,,,,,,,,,,,,,,,,,,,FALSE,,1 Ind,,,,,,,,FALSE,,,,,,,,,,
456,11,00,15,00,1977,09,6,Zion,Ashdod,23,,,,FALSE,,FALSE,,456,,,,,,,,4,,,,,,,,,,,,,,,,,,,,,,,,,,,,,FALSE,,2 Ind,,,,,,,,FALSE,,,,,,,,,,
457,15,45,19,30,1977,09,6,Zion,,,,,,FALSE,,FALSE,,457,,,,,,,,15 Kg,,,,,,,,,,,,1 Ind,,,,,,,,,,,,,,,,,FALSE,,,,,,,,,,FALSE,,,,,,,,,,
458,21,00,01,00,1977,09,6,Zion,Ashdod,29,,,,FALSE,,FALSE,,458,,,,,,,,5 Kg,,,,,,,,,,,,,,,,,,,,,,,,,,,,,FALSE,,1 Ind,,,,,,,,FALSE,,,,,,,,,,
459,01,00,04,30,1977,09,7,Zion,,29,,,,FALSE,,FALSE,,459,,,,,,,,7 Kg,,,,,,,,,,,,,,,,,,,,,,,,,,,,,FALSE,,,,,,,,,,FALSE,,,,,,,,,,
460,04,30,09,30,1977,09,7,Zion,,24,,,,FALSE,,FALSE,,460,,,,,,,,,,,,,,,,,,,,,,,,,,,,,,,,,,,,,FALSE,,,,,,,,,,FALSE,,,,,,,,,,
461,09,45,13,15,1977,09,7,Zion,Gazza,24,,,,FALSE,,FALSE,,461,,,,,,,,,,,,,,,,,,,,,,,,,,,,,,,,,,,,,FALSE,,,,,,,,,,FALSE,,,,,,,,,,
