Net,Start_Time_hh,Start_Time_mm,End_Time_hh,End_Time_mm,Year(XXXX),Month(XX),Day(XX),Fishermen,Fishing_field,Depth,Distance_to_Shore,Commants,Storm,Speed,High_Sea,Net_Type,Botz,Strong Wind,Net,Anshubi,Bakala,Barbon,Ben_Gurion,Crab,Denis,Farida,Fish,Gambari,Gerbida,Hazir,Hulim,Intias,Jelly_Fish,Kalamari,Lavan,Makarunim,Malitta,Marmir,Musar,Palamud,Pas_Tzahov,Rofus,Rofus_Fake,Sabida,Saragus,Sardin,Scombri,Soltan,Soltan_Fake,Soltan_Mix,Special,Tarachun,Taref,Televisia,Trulus,Missing,Comments,Lokus,Muslach,Gitara,Box_General,Tziporot,Varod,Vest,Shed Yam,Very_weak,Daba,Octepus,soltan_Adom,Hazaim,Lokus_manot,Soltan_Hul,Gerbid_new,barbon_vadim,Cristal,barbunia
1,07,00,11,00,2006,10,08,Levi,Ashdod S,27,,,FALSE,,FALSE,,FALSE,,1,,,,,,,,,,,,,,,,2,,,,,,,,,,,,,5,,,,,,,,FALSE,,,,,,,,,,FALSE,,,,,,,,,,
2,11,30,14,45,2006,10,08,Levi,Ashkelon S,25,,,FALSE,,FALSE,,FALSE,,2,,,,,,,,,,,1,1,2,,,1 B+,,,,,,,,,,,,,2,,,,,,,,FALSE,,0.5,,,,,,,,FALSE,,,,,,,,,,
3,15,15,19,00,2006,10,08,Levi,Ashkelon N,22,,,FALSE,,FALSE,,FALSE,,3,,,,,,,,,,,1,1,,,,1,,,,,,,,,,,,,2,,,,,,,,FALSE,,1 L+,,,,,,,,FALSE,,,,,,,,,,
4,20,00,03,00,2006,10,08,Levi,Ashdod S,,1.4,,FALSE,,FALSE,Tonisait,FALSE,,4,,,,,8,,,35 Kg,,,,,,,,,,,,,,,,,,,,,,,,,,,,,FALSE,,,,,,,,,,FALSE,,,,,,,,,,
5,11,30,14,30,2006,10,09,Levi,Ashdod S,,2.2,,FALSE,,FALSE,,FALSE,,5,,,,,,,,,,,,,,,,,,,,,,,,,,,,,,,,,,,,,FALSE,,,,,0,,,,,TRUE,,,,,,,,,,
6,15,10,18,30,2006,10,09,Levi,Nitanim N,28,,,FALSE,,FALSE,,FALSE,,6,,,,,,,,1,,,,,,,,,,,,,,,,,,,,,4,,,,,,,2,FALSE,,,,,,,,,,FALSE,,,,,,,,,,
7,19,30,00,30,2006,10,09,Levi,Tzinor N,16.5,,,FALSE,,FALSE,Tonizait,FALSE,,7,,,,,,,,2,27,,,,,,,,,,,,,,,,,,,,,,,,,,,,FALSE,,,,,,,,,,FALSE,,,,,,,,,,
8,01,00,05,15,2006,10,09,Levi,Tzinor N,16.5,,,FALSE,,FALSE,Tonizait,FALSE,,8,,,,,,,,2,23,,,,,,,,,,,,,,,,,,,,,,,,,,,,FALSE,,,,,,,,,,FALSE,,,,,,,,,,
9,06,15,09,45,2006,10,10,Levi,Palmachim S,28,,,FALSE,,FALSE,,FALSE,,9,,,,,,,,0.5,,,,,,,,2 S+1 M+,,,,,,,,,0.5,,,,4.5,,,,,,,,FALSE,,,,,,,,,,FALSE,,0.5,,,,,,,,
10,10,20,13,50,2006,10,10,Levi,Ashdod S,29,,,FALSE,,FALSE,,FALSE,,10,,,,,,,,2,,,,,,,,,,1,,,,,,,,,2,,6,,,,,,,2 B+,FALSE,,,,,,,,,,FALSE,,,,,,,,,,
11,14,00,18,00,2006,10,10,Levi,Ashkelon N,28.5,1.4,,FALSE,,FALSE,,FALSE,,11,,,,,,,,,,,,,,,,,,,,,,,,,1,,,,6,,,,,,,5 B+,FALSE,,,,,,,,,,FALSE,,1,,,,2,,,,
12,08,00,12,30,2006,10,11,Levi,Ashdod S,28.5,,,FALSE,,FALSE,,FALSE,,12,,,,,,,,2,,,,,,,,,,,,,,,,,,,,,1,,,,,,,,FALSE,,,,,,,,,,FALSE,,,,,,,,,,
13,13,30,18,00,2006,10,11,Levi,Nitanim,28.5,,,FALSE,,FALSE,,FALSE,,13,,,,,,,,1,,,,,,,,,,2,,,,,,,,,,,2,,,,,,,20,FALSE,,,,,,,,,,FALSE,,3,,,,,,,,
14,19,00,24,30,2006,10,11,Levi,Ashdod S,13,,,FALSE,,FALSE,Tonisait,FALSE,,14,,,,,7,,,,30 Kg,,,,,,,1 B+,,,,,,,,,,,,,,,,,,,,,FALSE,,,,,,,,,,FALSE,,,,,,,,,,
15,01,00,04,00,2006,10,11,Levi,Ashdod S,13,,,FALSE,,FALSE,,FALSE,,15,,,,,,,,,20,,,,,,,,,,,,,,,,,,,,,,,,,,,,FALSE,,,,,,,,,,FALSE,,,,,,,,,,
16,07,00,10,30,2006,10,12,Levi,Ashdod S,26,,,FALSE,,FALSE,,FALSE,,16,,,,,,,,1,,,,,,,1,1 S+,,,,,,0.5,,,,,,,,,,1,,,,2 B+,FALSE,,,,,,,,,,FALSE,,,0.5,,,,,,,
17,11,30,14,30,2006,10,12,Levi,Katza N,42,,,FALSE,,FALSE,,FALSE,,17,,,,,,,,1,,,,,,,,,,,,,,,,,,,,,1,,,,,,,,FALSE,,,,,,,,,,FALSE,,2,,,,,,,,
18,15,00,18,00,2006,10,12,Levi,Ashdod N,42,,,FALSE,,FALSE,,FALSE,,18,,,,,,,,1,,,,,,,,,,,,,,,,,1,,,,3,,,,,,,,FALSE,,,,,,,,,,FALSE,,2,,,,,,,,
19,19,30,24,30,2006,10,12,Levi,Ashdod S,,1.2,,FALSE,,FALSE,,FALSE,,19,,,,,7,,,,25 Kg,,,,,,,,,,,,,,,,,,,,,,,,,,,,FALSE,,,,,,,,,,FALSE,,,,,,,,,,
20,01,00,03,30,2006,10,12,Levi,Ashdod S,,1.2,,FALSE,,FALSE,,FALSE,,20,,,,,,,,,20,,,,,,,,,,,,,,,,,,,,,,,,,,,,FALSE,,,,,,,,,,FALSE,,,,,,,,,,
21,10,00,13,30,2006,10,13,Levi,Palmachim N,40,,,FALSE,,FALSE,,FALSE,,21,,,,,,,,,,,,,,,,,,,,,,,,,1,,,,,,,,,,,,FALSE,,,,,,,,,,FALSE,,2,,,,,,,,2
22,14,30,17,30,2006,10,13,Levi,Jaffa S,28,,,FALSE,,FALSE,,FALSE,,22,,,,,,,,1,,,,,,,,,,,,,,,,,,,,,,,,,,,,5 B+,FALSE,,1,,,,,,,,FALSE,,,,,,,,,,3
23,19,00,24,00,2006,10,13,Levi,,,1.2,,FALSE,,FALSE,,FALSE,,23,,,,,,,,,,,,,,,,,,,,,,,,,,,,,,,,,,,,,FALSE,,,,,,,,,,FALSE,,,,,,,,,,
24,01,00,05,00,2006,10,13,Levi,Ashdod N,,1.2,,FALSE,,FALSE,,FALSE,,24,,,,,,,,,,,,,,,,,,,,,,,,,,,,,,,,,,,,,FALSE,,,,,,,,,,FALSE,,,,,,,,,,
25,07,00,10,30,2006,10,14,Levi,Ashdod S,42,,,FALSE,,FALSE,,FALSE,,25,,,,,,,,,,,,,,,,,,,,,,,,,,,,,,,,,,,,,FALSE,"nobody caught fish that day, not in the north & not in the south",,,,0,,,,,TRUE,,,,,,,,,,
26,12,00,16,00,2006,10,14,Levi,Jaffa S,13.5,,,FALSE,,FALSE,,FALSE,,26,,,,,,,,2,,,,,,,,,,,,,,,,,,,,,,,,,,,,,FALSE,,,,,,,,,,FALSE,,,,,,,,,,
27,16,30,17,15,2006,10,14,Levi,Palmachim N,,3,,FALSE,,FALSE,,FALSE,,27,,,,,,,,3,,,,,,,,,,,,,,,,,,,,,,,,,,,,,FALSE,,,,,,,,,,FALSE,,,,,,,,,,
28,18,30,24,00,2006,10,14,Levi,Tzinor,,1.2,,FALSE,,FALSE,,FALSE,,28,,,,,1,,,1,25,,,,,,,,,,,,,,,,,,,,,,,,,,,,FALSE,,,,,,,,,,FALSE,,,,,,,,,,
29,24,30,05,00,2006,10,15,Levi,Tzinor,,1.2,,FALSE,,FALSE,,FALSE,,29,,,,,1,,,1,20,,,,,,,,,,,,,,,,,,,,,,,,,,,,FALSE,,,,,,,,,,FALSE,,,,,,,,,,
30,06,00,09,00,2006,10,15,Levi,Tzinor N,,3,,FALSE,,FALSE,,FALSE,,30,,,,,,,,1,,,,,,,,,,30,,,3 S+,,,,,,3,,1,,,,1,,,,FALSE,,,,,,,,,,FALSE,,,,,,,,,,
31,09,45,13,30,2006,10,15,Levi,Jaffa S,,3,,FALSE,,FALSE,,FALSE,,31,,,,,,,,1,,,,,,,,,,1,1,,2 S+,,,,,,3,,1,,,,,,,,FALSE,,,,,,,,,,FALSE,,,,,,,,,,
32,14,00,17,15,2006,10,15,Levi,Maavar Malita,,3,,FALSE,,TRUE,,FALSE,,32,,,,,,,,,,,,,,,,3,,,,,3,,,,,,3,,1,,,,,,,,FALSE,,,,,,,,,,FALSE,,,,,,,,,,
33,18,00,01,30,2006,10,15,Levi,Ashdod N,14,,,FALSE,,FALSE,,FALSE,,33,,,,,,,,,45 Kg,,,,,,,,,,,,,,,,,,,,,,,,,,,,FALSE,,,,,,,,,,FALSE,,,,,,,,,,
34,14,30,17,30,2006,10,16,Levi,Ashdod,,3,,FALSE,,FALSE,,FALSE,,34,,,,,,,,2,,,,,,,,,1,6,,,1 S+,,,,,,,,1,,,,,,,,FALSE,,,,,,,,,,FALSE,,,,,,,,,,
35,18,30,23,30,2006,10,16,Levi,Ashdod N,14,,,FALSE,,FALSE,Gambari,FALSE,,35,,,,,1,,,0.5,25,,,,,,,,,,,,,,,,,,,,,,,,,,,,FALSE,,,,,,,,,,FALSE,,,,,,,,,,
36,24,00,05,15,2006,10,16,Levi,Ashdod N,16.5,,,FALSE,,FALSE,,FALSE,,36,,,,,2,,,2,35 Kg,,,,,,,,,,,,,,,,,,,,,,,,,,,,FALSE,,,,,,,,,,FALSE,,,,,,,,,,
37,06,00,09,30,2006,10,17,Doli,Tzinor,,,,FALSE,,FALSE,,FALSE,,37,,,,,,,,,,,,,,,0.5,1 B+,,,,,1 S+,,,,,,1,,0.5,,,,2 S+1 M+1 S+ M+,,,,FALSE,,,,,,,,,,FALSE,,,,,,,,,,
38,10,10,13,30,2006,10,17,Doli,Palmachim S,27,,,FALSE,,FALSE,,FALSE,,38,,,,,,,,1,,,,,,,0.5,,,,,,,6 B+,,,,,,,,,,,,,,,FALSE,,,,,,,,,,FALSE,,,,,,,,,,
39,14,15,17,00,2006,10,17,Doli,Ashdod N,42,,,FALSE,,FALSE,,FALSE,,39,,,,,,,,1,,,,,,,0.5,1,,,,,,,,,1,,,,2.5,,,,,,,,FALSE,,,,,,,,,,FALSE,,3,,,,,,,,
40,18,30,22,30,2006,10,17,Doli,Ashdod N,16.5,,,FALSE,,FALSE,,FALSE,,40,,,,,,,,1,25 Kg,,,,,,,,,,1 M+1 S+,,,,,,,,,,,,,,,,,,FALSE,,,,,,,,,,FALSE,,,,,,,,,,
41,23,00,03,30,2006,10,17,Doli,Ashdod N,16.5,,,FALSE,,FALSE,,FALSE,,41,,,,,2,,,2,35 Kg,,,,,,,,,,,,,,,,,,,,,,,,,,,,FALSE,,,,,,,,,,FALSE,,,,,,,,,,
42,07,30,10,30,2006,10,18,Doli,Ashdod S,42,,,FALSE,,FALSE,,FALSE,,42,,,,,,,,1,,,,,,,,2 S+1 M+2 B+,,,,,,,,,,,,,2,,,,,,,,FALSE,,,,,,,,,,FALSE,,2,,,,,,,,
43,11,15,14,20,2006,10,18,Doli,Nitanim N,42,,,FALSE,,FALSE,,FALSE,,43,,,,,,,,1.5,,1,,,,,1,2.5 S+,,,,,,,,,1,,,,4,,,,,,,,FALSE,,,,,,,,,,FALSE,,3,,,,,,,,
44,15,00,18,00,2006,10,18,Doli,Ashdod N,42,,,FALSE,,FALSE,,FALSE,,44,,,,,,,,,,,,,,,,,,,,,,,,,,,,,,,,,,,,,FALSE,,,,,,,,,,FALSE,,,,,,,,,,
45,19,30,23,30,2006,10,18,Doli,Ashdod N,,,,FALSE,,FALSE,Tonisait,FALSE,,45,,,,,1,,,2,30 Kg,,,,,,,,,,,,,,,,,,,,,,,,,,,,FALSE,,,,,,,,,,FALSE,,,,,,,,,,
46,23,50,03,15,2006,10,18,Doli,Ashdod N,,,,FALSE,,FALSE,,FALSE,,46,,,,,2,,,1,25 Kg,,,,,,,,,,,,,,,,,,,,,,,,,,,,FALSE,,,,,,,,,,FALSE,,,,,,,,,,
47,06,20,09,00,2006,10,19,Doli,Tzinor N,19,,,FALSE,,FALSE,,FALSE,,47,,,,,,,,7,,,,,,,,,,,,,,,,,,,,,,,,,,,,,FALSE,,,,,,,,,,FALSE,,,,,,,,,,
48,10,00,13,30,2006,10,19,Doli,Palmachim S,,4,,FALSE,,FALSE,,FALSE,,48,,,,,,,,1,,,,,,,1.5,1 S+0.5 M+,,,,,1 S+ L+,3,,,,,,,0.5,,,,,,,,FALSE,,1,,,,,,,,FALSE,,,,,,,,,,
49,14,00,15,20,2006,10,19,Doli,Nitanim S,,4,,FALSE,,FALSE,,FALSE,,49,,,,,,,,,,,,,,,,,,,,,,,,,,,,,,,,,,,,,FALSE,,,,,,,,,,FALSE,,,,,,,,,,
50,16,00,19,00,2006,10,19,Doli,Ashdod N,19,,,FALSE,,FALSE,,FALSE,,50,,,,,,,,,,,,,,,,,,,,,,,,,,,,,,,,,,,,,FALSE,,,,,0,,,,,TRUE,,,,,,,,,,
51,09,00,13,00,2006,10,20,Doli,Ashdod S,,4,,FALSE,,TRUE,,FALSE,,51,,,,,,,,1.5,,,,,,,2,1 B+,,1,,,1,2,,,,,,,0.5,,,1,,,,,FALSE,,,,,,,,,,FALSE,,,,,,,,,,
52,13,30,17,00,2006,10,20,,Ashkelon N,,4,,FALSE,,FALSE,,FALSE,,52,,,,,,,,,,,,,,,,,,,,,,,,,,,,,,,,,,,,,FALSE,,,,,,,,,,FALSE,,,,,,,,,,
53,18,00,23,00,2006,10,20,Doli,Ashdod N,13.5,,,FALSE,,FALSE,Tonisait,FALSE,,53,,,,,1,,,1,30 Kg,,,,,,1,,,,,,,,,,,,,,,,,,,,,,FALSE,,,,,,,,,,FALSE,,,,,,,,,,
54,23,20,04,50,2006,10,20,Doli,Ashdod N,15,,,FALSE,,FALSE,,FALSE,,54,,,,,1,,,1,35 Kg,,,,,,,1 B+1 S+,,,,,,,,,,,,,,,,,,,,,FALSE,,,,,,,,,,FALSE,,,,,,,,,,
55,05,40,08,20,2006,10,21,Doli,Bat yam S,,,,FALSE,,FALSE,,FALSE,,55,,,,,,,,3,,,,,2,,2,,0.5,25,,3,1,,,,,,0.5,,,,,,3 B+1 M+,,1,,FALSE,,,,,,,,,,FALSE,,,,,,,,,,
56,09,00,12,30,2006,10,21,Doli,Maavar Malita,,,,FALSE,,FALSE,,FALSE,,56,,,,,,,,1,,,,,,,1,4 B+1 S+,0.5,36,,,1,,,,,,0.5,,0.5,,,,,,0.5,,FALSE,,,,,,,,,,FALSE,,,,,,,,,,
57,13,00,17,00,2006,10,21,Doli,Jaffa S,,,,FALSE,,FALSE,,FALSE,,57,,,,,,,,2.5,,,,,,,3,1 B+1 S+,,20,,,1,,,,,,,,0.5,,,,,,0.5,,FALSE,,,,,,,,,,FALSE,,,,,,,,,,
58,18,00,04,00,2006,10,21,Doli,Ashdod N,15,,,FALSE,,FALSE,Tonisait,FALSE,,58,,,,,,,,2,45,,,,,,,,,,,,,,,,,,,,,,,,,,,,FALSE,,,,,,,,,,FALSE,,,,,,,,,,
59,08,15,10,30,2006,10,22,Doli,Ashdod S,18,,,FALSE,,FALSE,,FALSE,,59,,,,,,,,,,,,,,,,,,,,,,,,,,,,,,,,,,,,,FALSE,,,,,0,,,,,TRUE,,,,,,,,,,
60,11,30,14,00,2006,10,22,Doli,Ashkelon N,,4,,FALSE,,FALSE,,FALSE,,60,,,,,,,,,,,,,,,,,,,,,,,,,,,,,,,,,,,,,FALSE,,,,,0,,,,,TRUE,,,,,,,,,,
61,14,30,17,15,2006,10,22,Doli,Ashdod N,,4,,FALSE,,FALSE,,FALSE,,61,,,,,,,,,,,,,,,,,,,,,,,,,,,,,,,,,,,,,FALSE,,,,,0,,,,,TRUE,,,,,,,,,,
62,18,00,22,45,2006,10,22,Doli,Ashdod N,15,,,FALSE,,FALSE,Gambari,FALSE,,62,,,,,,,,1,30 Kg,,,,,,,,,,,,,,,,,,,,,,,,,,,,FALSE,,,,,,,,,,FALSE,,,,,,,,,,
63,23,45,,,2006,10,22,Doli,Ashdod N,15,,,FALSE,,FALSE,Gambari,FALSE,,63,,,,,1,,,,25 Kg,,,,,,,,,,,,,,,,,,,,,,,,,,,,FALSE,,,,,,,,,,FALSE,,,,,,,,,,
64,,,,,2006,10,27,,,,,,FALSE,,TRUE,,FALSE,,64,,,,,,,,,,,,,,,,,,,,,,,,,,,,,,,,,,,,,FALSE,,,,,,,,,,FALSE,,,,,,,,,,
65,,,,,2006,10,28,,,,,,FALSE,,TRUE,,FALSE,,65,,,,,,,,,,,,,,,,,,,,,,,,,,,,,,,,,,,,,FALSE,,,,,,,,,,FALSE,,,,,,,,,,
66,08,00,12,30,2006,10,29,Levi,Ashdod S,42,,Very strong current,FALSE,2.5,FALSE,,FALSE,,66,,,,,,,,,,,,,,,,3,,,,,,,,,,,,,1,,,,,,,,FALSE,,,,,,,,,,FALSE,,3,,,,,,,,
67,13,00,16,45,2006,10,29,Levi,Ashdod S,50,,,FALSE,,FALSE,,FALSE,,67,,,,,,,,,,,,,,,,3,,,,,,,,,,,,,4,,,,,,,,FALSE,,,,,,,,,,FALSE,,2,,,,,,,,
68,18,00,24,15,2006,10,29,Levi,Ashdod S,14,,,FALSE,,FALSE,Tonisait,FALSE,,68,,,,,4,,,,45 Kg,,,,,,,,,,,,,,,,,,,,,,,,,,,,FALSE,,,,,,,,,,FALSE,,,,,,,,,,
69,01,00,05,30,2006,10,29,Levi,Ashdod S,14,,,FALSE,,FALSE,,FALSE,,69,,,,,5,,,,40 Kg,,,,,,,,,,,,,,,,,,,,,,,,,,,,FALSE,,,,,,,,,,FALSE,,,,,,,,,,
70,07,30,11,30,2006,10,30,Levi,Ashdod S,48,,,FALSE,,FALSE,,FALSE,,70,,,,,,,,,,,,,,,,4,,,,,,,,,1,,,,10,,,,,,,,FALSE,,,,,,,,,,FALSE,,2,,,,,,,,
71,12,00,16,00,2006,10,30,Levi,Katza N,50,,,FALSE,,FALSE,,FALSE,,71,,,,,,,,,,,,,,,,2,,,,,,,,,1,,,,9,,,,,,,,FALSE,,,,,,,,,,FALSE,,2,,,,,,,,
72,17,00,20,00,2006,10,30,Levi,Ashdod S,50,,,FALSE,,FALSE,,FALSE,,72,,,,,,,,0.5,,,,,,,4,,,,,,,,,,0.5,,,,1.5 L+,,,,,,,,FALSE,,,,,,,,,,FALSE,,2.5,,,,,,,,
73,22,00,04,00,2006,10,30,Levi,Ashdod S,,1.4,,FALSE,,FALSE,Tonisait,FALSE,,73,,,,,4,,,,25 Kg,,,,,,,,,,,,,,,,,,,,,,,,,,,,FALSE,,,,,,,,,,FALSE,,,,,,,,,,
74,10,30,14,15,2006,10,31,Levi,Ashdod S,50,,,FALSE,,FALSE,,FALSE,,74,,,,,,,,,,,,,,,1,8,,,,,,,,,1,,,,3,,,,,,,,FALSE,,,,,,,,,,FALSE,,3,,,,,,,,
75,14,45,18,30,2006,10,31,Levi,Katza N,47,,,FALSE,,FALSE,,FALSE,,75,,,,,,,,,,2,,,,,,,,,,,,,1,,2,,,,3,,,,,,,,FALSE,,,,,,,,,,FALSE,,2,,,,,,,,
76,20,00,24,30,2006,10,31,Levi,Ashdod S,13,,,FALSE,,FALSE,,FALSE,,76,,,,,3,,,,40 Kg,,,,,,,,,,,,,,,,,,,,,,,,,,,,FALSE,,,,,,,,,,FALSE,,,,,,,,,,
77,01,00,,,2006,10,31,Levi,,12.5,,,FALSE,,FALSE,,FALSE,,77,,,,,2,,,,30 Kg,,,,,,,,,,,,,,,,,,,,,,,,,,,,FALSE,,,,,,,,,,FALSE,,,,,,,,,,
78,06,30,09,30,2006,11,01,Levi,Ashdod N,,4.6,,FALSE,,TRUE,,FALSE,,78,,,,,,,,,,,,,,,,,,,,,4 L+,,,,,,22,,,,,,2,,,,FALSE,,,,,,,,,,FALSE,,,,,,,,,,
79,12,45,14,15,2006,11,01,Levi,Tzinor,18,,,FALSE,,TRUE,,FALSE,,79,,,,,,,,2,,,,,,,,,,4,,,,,,,,,,,,,,,4,,,,FALSE,,,,,,,,,,FALSE,,,,,,,,,,
80,21,00,02,15,2006,11,01,Levi,Ashdod S,12.5,,,FALSE,,TRUE,Tonisait,FALSE,,80,,,,,5,,,,45 Kg,,,,,,,,,,,,,,,,,,,,,,,,,,,,FALSE,,,,,,,,,,FALSE,,,,,,,,,,
81,17,30,24,30,2006,11,02,Levi,Ashdod S,12.5,,,FALSE,,FALSE,Tonisait,FALSE,,81,,,,,7,,,1,60 Kg,,,,,,,,,,,,,,,,,,,,,,,,,,,,FALSE,,,,,,,,,,FALSE,,,,,,,,,,
82,01,00,05,30,2006,11,02,Levi,Ashdod S,12.5,,,FALSE,,FALSE,,FALSE,,82,,,,,4,,,,40 Kg,,,,,,,,,,,,,,,,,,,,,,,,,,,,FALSE,,,,,,,,,,FALSE,,,,,,,,,,
83,08,30,12,30,2006,11,03,Levi,Ashdod S,50,,,FALSE,,FALSE,,FALSE,,83,,,,,,,,,,,,,,,,2,,,,,,,,,2,,,,6,,,,,,,,FALSE,,,,,,,,,,FALSE,,3,,,,,,,,
84,13,00,17,00,2006,11,03,Levi,Gazza N,50,,,FALSE,,FALSE,,FALSE,,84,,,,,,,,,,1,,,,,,,,,,,,,,,2,,,,8,,,,,,,,FALSE,,,1,,,,,,,FALSE,,2,,,,,,,,
85,19,00,12,45,2006,11,03,Levi,Ashdod S,13.5,,,FALSE,,FALSE,,FALSE,,85,,,,,3,,,1,30 Kg,,,,,,,,,,,,,,,,,,,,,,,,,,,,FALSE,,,,,,,,,,FALSE,,,,,,,,,,
86,24,45,05,00,2006,11,03,Levi,Ashdod S,13,,,FALSE,,FALSE,,FALSE,,86,,,,,4,,,,30 Kg,,,,,,,,,,,,,,,,,,,,,,,,,,,,FALSE,,,,,,,,,,FALSE,,,,,,,,,,
87,07,00,12,00,2006,11,04,Levi,Ashdod S,50,,,FALSE,,FALSE,,FALSE,,87,,,,,,,,1,,,,,,,2,1,,,,,,,,,4,,,,8,,,,,,,,FALSE,,,1,,,,,,,FALSE,,3,,,,,,,,
88,13,00,,,2006,11,04,Levi,Ashkelon S,50,,,FALSE,,FALSE,,FALSE,,88,,,,,,,,,,,,,,,,,,,,,,,,,4,,,,1,,,,,,,,FALSE,,,1,,,,,,,FALSE,,3,,,,,,,,
89,,,,,2006,11,05,,,,,,TRUE,,FALSE,,FALSE,,89,,,,,,,,,,,,,,,,,,,,,,,,,,,,,,,,,,,,,FALSE,,,,,,,,,,FALSE,,,,,,,,,,
90,12,15,16,15,2006,11,06,Doli,Ashdod N,,,,FALSE,,FALSE,,FALSE,,90,,,,,2,,,1,8,,,,,,4,,,,4,,,,,,,,,,,,,,,,,,FALSE,,,,,,,,,,FALSE,,,,,,,,,,
91,17,00,22,30,2006,11,06,Doli,Ashdod N,15,,,FALSE,,FALSE,,FALSE,,91,,,,,5,,,1,45 Kg,,,,,,,1 M+1 B+,,,,,,,,,,,,,,,,,,,,,FALSE,,,,,,,,,,FALSE,,,,,,,,,,
92,23,00,04,45,2006,11,06,Doli,Ashdod N,15,,,FALSE,,FALSE,,FALSE,,92,,,,,3,,,1,35 Kg,,,,,,,1 M+1 S+1 B+,,,,,,,,,,,,,,,,,,,,,FALSE,,,,,,,,,,FALSE,,,,,,,,,,
93,06,45,10,15,2006,11,07,Doli,Ashdod S,50,,,FALSE,,FALSE,,FALSE,,93,,,,,,,,,,,,,,,,,,,,1 L+,,,,,,,,,,,,,,,,,FALSE,,,,,0,,,,,TRUE,,,,,,,,,,
94,11,00,13,45,2006,11,07,Doli,Ashkelon N,42,,,FALSE,,FALSE,,FALSE,,94,,,,,,,,2,,,,,,,,,,,,1 L+,,,,,,,,,,,,,,,,,FALSE,,,,,,,,,,FALSE,,,,,,,,,,
95,15,30,18,00,2006,11,07,Doli,Maavar Malita,,,,FALSE,,FALSE,,FALSE,,95,,,,,,,,3,25 Kg,,,,,,,,,,,,,,,,,,,,,,,,,,,,FALSE,,,,,,,,,,FALSE,,,,,,,,,,
96,18,45,03,45,2006,11,07,Doli,Ashdod N,16,,,FALSE,,FALSE,,FALSE,,96,,,,,2,,,1,20 Kg,,,,,,,,,,,,,,,,,,,,,,,,,,,,FALSE,,,,,,,,,,FALSE,,,,,,,,,,
97,09,15,11,30,2006,11,08,Doli,Maavar Malita,,,,FALSE,,FALSE,,FALSE,,97,,,,,,,,,,,,,,,3,3,,1,,,5,,,,,,15,,,,,,,,,,FALSE,,,,,,,,,,FALSE,,,,,,,,,,
98,12,15,16,00,2006,11,08,Doli,Maavar Malita,,,,FALSE,,FALSE,,FALSE,,98,,,,,,,,,,,,,,,3,3,,2,,,1,,,,,,10,,,,,,,,,,FALSE,,,,,,,,,,FALSE,,,,,,,,,,
99,17,00,22,15,2006,11,08,Doli,Ashdod N,13.5,,,FALSE,,FALSE,Gambari,FALSE,,99,,,,,1,,,1,25 Kg,,,,,,,,,,,,,,,,,,,,,,,,,,,,FALSE,,,,,,,,,,FALSE,,,,,,,,,,
100,23,15,04,00,2006,11,08,Doli,Ashdod S,13,,,FALSE,,FALSE,,FALSE,,100,,,,,2,,,1,20 Kg,,,,,,,,,,,,,,,,,,,,,,,,,,,,FALSE,,,,,,,,,,FALSE,,,,,,,,,,
101,06,15,09,15,2006,11,09,Doli,Maavar Malita,,,,FALSE,,FALSE,,FALSE,,101,,,,,,,,1,,,,,,,2,,,,,,5,3 B+,,,,,2,,,,,,,,,,FALSE,,,,,,,,,,FALSE,,,,,,,,,,
102,09,45,12,45,2006,11,09,Doli,Maavar Malita,,,,FALSE,,FALSE,,FALSE,,102,,,,,,,,1,,,,,,,4,3,,30,,,3,,,,,,,,,,,,,,,,FALSE,,,,,,,,,,FALSE,,,,,,,,,,
103,13,30,16,45,2006,11,09,Doli,Ashdod N,,340,,FALSE,,FALSE,,FALSE,,103,,,,,,,,2,,,,,,,5,,,1,,,3,,,,,,1,,,,,,,,,,FALSE,,,,,,,,,,FALSE,,,,,,,,,,
104,17,30,22,45,2006,11,09,Doli,Ashdod N,15,,,FALSE,,FALSE,,FALSE,,104,,,,,1,,,1,25 Kg,,,,,,,,,,,,,,,,,,,,,,,,,,,,FALSE,,,,,,,,,,FALSE,,,,,,,,,,
105,23,15,03,00,2006,11,09,Doli,Ashdod,13.5,,,FALSE,,FALSE,,FALSE,,105,,,,,,,,,,,,,,,,,,,,,,,,,,,,,,,,,,,,,FALSE,,,,,,,,,,FALSE,,,,,,,,,,
106,09,00,12,00,2006,11,10,Doli,Ashdod N,,3.4,,FALSE,,FALSE,,FALSE,,106,,,,,,,,1,,,,,,,5,1 S+1 M+,,,,,1,2 B+,,,,,,,,,,,,,,,FALSE,,,,,,,,,,FALSE,,,,,,,,,,
107,12,30,16,30,2006,11,10,Doli,Jaffa S,,4,,FALSE,,FALSE,,FALSE,,107,,,,,,,,2,,,,,,,8,,,,,,,4 B+,,,,,,,,,,,,,,,FALSE,,,,,,,,,,FALSE,,,,,,,,,,
108,17,15,23,00,2006,11,10,Doli,Ashdod N,14.5,,,FALSE,,FALSE,,FALSE,,108,,,,,,,,1,25 Kg,,,,,,,,,,,,,,,,,,,,,,,,,,,,FALSE,,,,,,,,,,FALSE,,,,,,,,,,
109,23,30,05,00,2006,11,10,Doli,Ashdod N,16,,,FALSE,,FALSE,,FALSE,,109,,,,,,,,1,35 Kg,,,,,,,,,,,,,,,,,,,,,,,,,,,,FALSE,,,,,,,,,,FALSE,,,,,,,,,,
110,05,45,08,45,2006,11,11,Doli,Jaffa S,22,,,FALSE,,FALSE,,FALSE,,110,,,,,,,,1,,,,,,,4,1 B+,,,,1,1,3 B+,,,,,,,,,,,1 B+ S+,,,,FALSE,,,,,,,,,,FALSE,,,,,,,,,,
111,09,15,13,00,2006,11,11,Doli,Ashdod S,40,,,FALSE,,FALSE,,FALSE,,111,,,,,,,,2,,,,,,,1,1,,,,,,2,,,,,,,,,,,,,,,FALSE,,1,,,,,,,,FALSE,,,0.5,,,,,,,
112,13,00,17,00,2006,11,11,Doli,Ashkelon N,34,,,FALSE,,FALSE,,FALSE,,112,,,,,,,,,,,,,,,,,,,,,,,,,,,,,,,,,,,,,FALSE,,,,,0,,,,,TRUE,,,,,,,,,,
113,18,15,23,00,2006,11,11,Doli,Ashdod N,16.5,,,FALSE,,FALSE,,FALSE,,113,,,,,,,,1,25 Kg,,,,,,,,,,,,,,,,,,,,,,,,,,,,FALSE,,,,,,,,,,FALSE,,,,,,,,,,
114,23,30,03,45,2006,11,11,Doli,Ashdod N,,,,FALSE,,FALSE,,FALSE,,114,,,,,,,,1,30 Kg,,,,,,,,,,,,,,,,,,,,,,,,,,,,FALSE,,,,,,,,,,FALSE,,,,,,,,,,
115,06,45,10,00,2006,11,12,Doli,Ashdod N,20,,,FALSE,,FALSE,,FALSE,,115,,,,,,,,2,,,,,,,3,,,,,,1,3,,,,,2,,,,,,2,,,,FALSE,,,,,,,,,,FALSE,,,,,,,,,,
116,10,30,13,45,2006,11,12,Doli,Bat yam S,19,,,FALSE,,FALSE,,FALSE,,116,,,,,,,,2,,,,,,,2,1 B+,,,,,,2,,,,,4,,,,,,10,,,,FALSE,,,,,,,,,,FALSE,,,,,,,,,,
117,14,15,17,15,2006,11,12,Doli,Ashdod N,,4,,FALSE,,FALSE,,FALSE,,117,,,,,,,,2,,,,,,,5,,,,,,,2,,,,,,,,,,,,,,,FALSE,,1,,,,,,,,FALSE,,,,,,,,,,
118,18,00,02,45,2006,11,12,Doli,Ashdod N,16.5,,,FALSE,,FALSE,,FALSE,,118,,,,,,,,,,,,,,,,,,,,,,,,,,,,,,,,,,,,,FALSE,,,,,,,,,,FALSE,,,,,,,,,,
119,14,00,18,00,2006,11,20,Knaan,Ashdod S,38,,,FALSE,2.9,FALSE,,FALSE,,119,,,,,,,,1,,,,,,,,,,,,,,1,,,,,,,,,,,,,,1,FALSE,,,,,,,,,,FALSE,,,1,,,,,,,
120,17,00,20,30,2006,11,20,Knaan,Ashkelon N,34,,,FALSE,,FALSE,,TRUE,,120,,,,,,,,,,,,,,,,,,,,,,,,,,,,,,,,,,,,,FALSE,,,,,0,,,,,TRUE,,,,,,,,,,
121,01,00,04,15,2006,11,20,Knaan,Katza,13,,,FALSE,3.2,FALSE,,FALSE,,121,,,,,4,,,1,30 Kg,,,,,,,,,,,,,,,,1,,,,,,,,,,,,FALSE,,,,,,,,,,FALSE,,,,,,,,,,
122,06,00,09,00,2006,11,21,Levi,Katza N,42,,No Mud a lot of Havatelet,FALSE,3,FALSE,Sfaradia Hadasha,FALSE,,122,,,,,,,,,,,,,,,,,,,,,,0.5,,,1,,,0.5 S+,,,,,,,,0.5,FALSE,,1 L+,,,,,,,,FALSE,,,,,,,,,,0.5
123,10,00,14,00,2006,11,21,Levi,Katza S,42,,,FALSE,2.8,FALSE,,FALSE,,123,,,,,,,,1,,,,,,,1,,,,,,,3 B+,,,,,1 L+,,,,,,,,,,FALSE,,1,,,,,,,,FALSE,,,,,,,,,,
124,15,15,18,00,2006,11,21,Levi,Nitanim S,26,,,FALSE,,FALSE,Sfaradia Hadasha,FALSE,,124,,,,,1.5,,,1,1,,,1,,,1,,,,,,,,,,,,,,,,,,,,,,FALSE,,0.5,,,,,,,,FALSE,,,,,,,,,,
125,19,00,24,00,2006,11,21,Levi,Ashdod S,,1.4,,FALSE,,FALSE,,FALSE,,125,,,,,4,,,1,1,,,,,,,,,,,,,,,,,,,,,,,,,,,,FALSE,,,,,,,,,,FALSE,,,,,,,,,,
126,07,30,10,30,2006,11,22,Levi,Ashdod S,30,,,FALSE,2.9,FALSE,,FALSE,,126,,,,,,,,1,,,,,,,,,,,,,,1 B+,,,,,,,,,,,,,,,FALSE,,1,,,,,,,,FALSE,,,,,,,,,,
127,11,30,14,30,2006,11,22,Levi,Ashkelon N,50,,,FALSE,,FALSE,,FALSE,,127,,,,,,,,1,,,,,,,1,,,,,,,2.5 B+,,,,,,,,,,,,,,,FALSE,,,,,,,,,,FALSE,,,1,,,,,,,
128,15,00,18,00,2006,11,22,Levi,Ashdod S,50,,,FALSE,,FALSE,,FALSE,,128,,,,,,,,,,1,,,,,2,,,,,,,1,,,,,,,,,,,,,,,FALSE,,,,,,,,,,FALSE,,,1,,,,,,,
129,20,00,24,00,2006,11,22,Levi,,,1.4,,FALSE,,FALSE,Sfaradia Hadasha,FALSE,,129,,,,,3,,,1,10 Kg,,,,,,,,,,,,,,,,,,,,,,,,,,,,FALSE,,,,,,,,,,FALSE,,,,,,,,,,
130,01,00,05,00,2006,11,22,Levi,Ashdod S,,1.4,,FALSE,,FALSE,,FALSE,,130,,,,,5,,,1,20 Kg,,,,,,,,,,,,,,,,,,,,,,,,,,,,FALSE,,,,,,,,,,FALSE,,,,,,,,,,
131,07,15,11,00,2006,11,23,Levi,Palmachim N,50,,Harbe Havatzelet,FALSE,2.9,FALSE,Sfaradia hadasha,FALSE,,131,,,,,,,,1,,,,,,,1,,,,,,,,3,,0.5,,,,2,,,,,,,,FALSE,,,,,,,,,,FALSE,,0.5,,,,,,,,
132,12,00,17,00,2006,11,23,Levi,Palmachim S,50,,,FALSE,,FALSE,BB1,FALSE,,132,,,,,,,,1,,1 S+,,,,,1,,,,,,,,4,,,,,,3,,,,,,,,FALSE,,,,,,,,,,FALSE,,,,,,,,,,
133,10,30,14,45,2006,11,23,Levi,Ashdod S,80,,,FALSE,,FALSE,,FALSE,,133,,0.5,,,,,,1,,1,,,,,3,,,,,,,0.5,,,1,,,,,,,,,,,,FALSE,,,,,,,,,,FALSE,,2,1,,,,,,,
134,15,30,19,30,2006,11,24,Levi,Katza N,50,,,FALSE,,FALSE,,FALSE,,134,,,,,,,,1,,,,,,,2,,,,,,,,,,,,,,1.5,,,,,,,,FALSE,,,,,,,,,,FALSE,,,,,,,,,,
135,20,30,05,30,2006,11,24,Levi,Ashdod S,13,,,FALSE,,FALSE,Tonisait,FALSE,,135,,,,,,,,,,,,,,,,,,,,,,,,,,,,,,,,,,,,,FALSE,,,,,,,,,,FALSE,,,,,,,,,,
136,06,30,09,30,2006,11,25,Levi,Ashdod N,18,,,FALSE,,FALSE,,FALSE,,136,,,,,,,,,,,,,,,,5,,,,,,,,,,,,,,,,,,,,,FALSE,,,,,,,,,,FALSE,,,,,,,,,,
137,10,45,14,00,2006,11,25,Levi,Rishon N,38,,,FALSE,,FALSE,,FALSE,,137,,,,,,,,1,,,,,,,1,,,,,,,5,,,,,,,,,,,,,,,FALSE,,,,,,,,,,FALSE,,,,,,,,,,
138,15,00,19,00,2006,11,25,Levi,Herzelia S,50,,,FALSE,,FALSE,,FALSE,,138,,,,,,,,,,,,,,,,6,,,,,,,,,,,,,,,,,,,,,FALSE,,,,,,,,,,FALSE,,,,,,,,,,
139,21,30,04,00,2006,11,25,Levi,Ashdod S,12.5,,,FALSE,,FALSE,Tonisait,FALSE,,139,,,,,1,,,,40 Kg,,,,,,,,,,,,,,,,,,,,,,,,,,,,FALSE,,,,,,,,,,FALSE,,,,,,,,,,
140,08,00,11,45,2006,11,26,Levi,Ashdod S,50,,,FALSE,,FALSE,,FALSE,,140,,,,,,,,1,,,,,,,2,5,,1,,,,1,,,,,,,,,,,,,,,FALSE,,,,,,,,,,FALSE,,,,,,,,,,1
141,12,45,17,30,2006,11,26,Levi,Katza N,50,,,FALSE,,FALSE,,FALSE,,141,,,,,,,,,,,,,,,1.5,3,,,,,,1,,,,,,,,,,,,,,,FALSE,,,,,,,,,,FALSE,,,0.5,,,,,,,
142,19,00,,,2006,11,26,Levi,Ashdod S,13,,,FALSE,,FALSE,,FALSE,,142,,,,,1,,,0.5,40 Kg,,,,,,,,,,,,,,,,,,,,,,,,,,,,FALSE,,,,,,,,,,FALSE,,,,,,,,,,
143,10,45,13,45,2006,11,27,Doli,Ashdod N,35,,,FALSE,,FALSE,,FALSE,,143,,,,,,,,1,,,,,,,1,,,,,,,3,,,,,,,,,,,,,,,FALSE,,,,,,,,,,FALSE,,,0.5,,,,,,,
144,14,30,17,30,2006,11,27,Doli,Ashdod S,42,,,FALSE,,FALSE,,FALSE,,144,,,,,,,,1,,,,,,,2,,,,,,,1,,,,,,,,,,,,,,,FALSE,,,,,,,,,,FALSE,,,,,,,,,,
145,19,00,00,00,2006,11,27,Doli,Ashdod N,16,,,FALSE,,FALSE,,FALSE,,145,,,,,0.5,,,1,12 Kg,,,,,,,,,,,,,,,,,,,,,,,,,,,,FALSE,,,,,,,,,,FALSE,,,,,,,,,,
146,00,15,05,30,2006,11,27,Doli,Ashdod,16.5,,,FALSE,,FALSE,,FALSE,,146,,,,,0.5,,,1,18,,,,,,,,,,,,,,,,,,,,,,,,,,,,FALSE,,,,,,,,,,FALSE,,,,,,,,,,
147,06,30,09,45,2006,11,28,Doli,Rishon N,37,,,FALSE,,FALSE,,FALSE,,147,,,,,,,,1,,,,,,,2,,,,,,0.5,3,1 S+,,0.5,,,,,,,,,,,,FALSE,,,,,,,,,,FALSE,,,,,,,,,,
148,10,15,13,30,2006,11,28,Doli,Jaffa N,40,,,FALSE,,FALSE,,FALSE,,148,,,,,,,,1,,,,,,,1.5,,,,,,,1,1,,,,,,,,,,,,,,FALSE,,,,,,,,,,FALSE,,,,,,,,,,1
149,14,00,17,30,2006,11,28,Doli,Jaffa S,42,,,FALSE,,FALSE,,FALSE,,149,,,,,,,,,,,,,,,,,,,,,,,,,,,,,,,,,,,,,FALSE,,,,,,,,,,FALSE,,,,,,,,,,
150,19,00,03,30,2006,11,28,Doli,Ashdod N,,,,FALSE,,FALSE,,FALSE,,150,,,,,,,,,,,,,,,,,,,,,,,,,,,,,,,,,,,,,FALSE,,,,,,,,,,FALSE,,,,,,,,,,
151,06,45,09,45,2006,11,29,Doli,Ashdod S,34,,,FALSE,,FALSE,,FALSE,,151,,,,,,,,2,,,,,,,1.5,,,,,,,1,,,,,,,,,,,,,,,FALSE,,,,,,,,,,FALSE,,,1,,,,,,,
152,10,15,13,45,2006,11,29,Doli,Ashkelon N,42,,,FALSE,,FALSE,,FALSE,,152,,,,,,,,2,,,,,,,3,1 B+,,,,,,3,,,,,,,,,,,,,,,FALSE,,,,,,,,,,FALSE,,,3,,,,,,,
153,14,30,17,30,2006,11,29,Doli,Ashdod S,42,,,FALSE,,FALSE,,FALSE,,153,,,,,,,,2,,,,,,,2,,,,,,,0.5,,,,,,,,,,,,,,,FALSE,,,,,,,,,,FALSE,,,4,,,,,,,
154,19,00,,,2006,11,29,Doli,Ashdod S,,1.4,,FALSE,,FALSE,,FALSE,,154,,,,,3,,,2,40 Kg,,,,,,,,,,,,,,,,,,,,,,,,,,,,FALSE,,,,,,,,,,FALSE,,,,,,,,,,
155,06,45,10,00,2006,11,30,Doli,Ashkelon N,50,,,FALSE,,FALSE,,FALSE,,155,,,,,,,,,,,,,,,,,,,,,,,,,,,,,,,,,,,,,FALSE,,,,,,,,,,FALSE,,,,,,,,,,
156,10,30,14,15,2006,11,30,Doli,Ashdod S,46,,,FALSE,,FALSE,,FALSE,,156,,,,,,,,,,,,,,,,,,,,,,,,,,,,,,,,,,,,,FALSE,,,,,,,,,,FALSE,,,,,,,,,,
157,15,00,18,00,2006,11,30,Doli,Ashkelon N,,,,FALSE,,FALSE,,FALSE,,157,,,,,,,,,,,,,,,,,,,,,,,,,,,,,,,,,,,,,FALSE,,,,,,,,,,FALSE,,,,,,,,,,
158,19,15,03,30,2006,11,30,Doli,Ashdod S,,1.4,,FALSE,,FALSE,,FALSE,,158,,,,,,,,,,,,,,,,,,,,,,,,,,,,,,,,,,,,,FALSE,,,,,,,,,,FALSE,,,,,,,,,,
159,08,30,12,30,2006,12,01,Doli,Ashdod N,,5,,FALSE,,FALSE,,FALSE,,159,,,,,,,,2.5,,,,,,,3,1 B+,,,,,3,,,,0.5,,0.5,,,0.5,,,8,,,,FALSE,,,,,,,,,,FALSE,,,,,,,,,,
160,18,15,,,2006,12,01,Doli,Ashdod S,,1.4,,FALSE,,FALSE,,FALSE, N,160,,,,,4,,,1,40 Kg,,,,,,,,,,,1 L+,,,,,,,,,,,,,,,,,FALSE,,,,,,,,,,FALSE,,,,,,,,,,
161,06,30,09,45,2006,12,02,Doli,Ashdod N,,3.5,,FALSE,,FALSE,,FALSE,,161,,,,,,,,3,,,,,,,1,,,,,1,1,,,,,,,,,,,,2,,,,FALSE,,,,,,,,,,FALSE,,,,,,,,,,
162,10,15,13,30,2006,02,02,Doli,Jaffa S,,3.4,,FALSE,,FALSE,,FALSE,,162,,,,,,,,2.5,,,,,,,3,,,,1,,4,,,,0.5,,2,,,,,,3,,,,FALSE,,,,,,,,,,FALSE,,,,,,,,,,
163,14,15,17,15,2006,12,02,Doli,Tzinor,,,,FALSE,,FALSE,,FALSE,,163,,,,,,,,2,,,,,,,3,,,,,,3,,,,,,1,,,,,,6,,,,FALSE,,,,,,,,,,FALSE,,,,,,,,,,
164,18,00,03,30,2006,12,02,Doli,Ashdod S,,1.4,,FALSE,,FALSE,,FALSE,,164,,,,,,,,,,,,,,,,,,,,,,,,,,,,,,,,,,,,,FALSE,,,,,,,,,,FALSE,,,,,,,,,,
165,06,30,09,30,2006,12,03,Doli,Tzinor,,,,FALSE,,FALSE,,FALSE,,165,,,,,,,,,,,,,,,,,,,,,,,,,,,,,,,,,,,,,FALSE,,,,,0,,,,,TRUE,,,,,,,,,,
166,10,15,13,30,2006,12,03,Doli,Jaffa S,,4,,FALSE,,FALSE,,FALSE,,166,,,,,,,,1,,,,,,,1.5,,,,,,,2,,,,,,,,,,,,,,,FALSE,,,,,,,,,,FALSE,,,0.75,,,,,,,
167,14,15,17,30,2006,12,03,Doli,Ashdod S,42,,,FALSE,,FALSE,,FALSE,,167,,,,,,,,,,,,,,,,,,,,,,,,,,,,,,,,,,,,,FALSE,,,,,,,,,,FALSE,,,,,,,,,,
168,19,00,03,00,2006,12,03,Doli,Ashdod S,,1.4,,FALSE,,FALSE,,FALSE,,168,,,,,,,,,,,,,,,,,,,,,,,,,,,,,,,,,,,,,FALSE,,,,,,,,,,FALSE,,,,,,,,,,
169,09,30,13,00,2006,12,04,Doli,Ashdod S,42,,,FALSE,,FALSE,,FALSE,,169,,,,,,,,,,,,,,,,,,,,,,,,,,,,,,,,,,,,,FALSE,,,,,,,,,,FALSE,,,,,,,,,,
170,13,45,17,00,2006,12,04,Doli,Ashkelon N,35,,,FALSE,,FALSE,,FALSE,,170,,,,,,,,,,,,,,,,,,,,,,,,,,,,,,,,,,,,,FALSE,,,,,,,,,,FALSE,,,,,,,,,,
171,18,30,23,00,2006,12,04,Doli,Ashdod N,15,,,FALSE,,FALSE,,FALSE,,171,,,,,,,,,,,,,,,,,,,,,,,,,,,,,,,,,,,,,FALSE,,,,,,,,,,FALSE,,,,,,,,,,
172,23,30,05,00,2006,12,04,Doli,Jaffa S,,,,FALSE,,FALSE,,FALSE,,172,,,,,,,,,,,,,,,,,,,,,,,,,,,,,,,,,,,,,FALSE,,,,,,,,,,FALSE,,,,,,,,,,
173,06,00,09,30,2006,12,05,Doli,Tzinor,,3,,FALSE,,FALSE,,FALSE,,173,,,,,,,,,,,,,,,,,,,,,,,,,,,,,,,,,,,,,FALSE,,,,,,,,,,FALSE,,,,,,,,,,
174,10,15,13,45,2006,12,04,Doli,Bat yam S,,3,,FALSE,,FALSE,,FALSE,,174,,,,,,,,,,,,,,,,,,,,,,,,,,,,,,,,,,,,,FALSE,,,,,,,,,,FALSE,,,,,,,,,,
175,14,15,17,15,2006,12,05,Doli,Jaffa N,,4,,FALSE,,FALSE,,FALSE,,175,,,,,,,,,,,,,,,,,,,,,,,,,,,,,,,,,,,,,FALSE,,,,,,,,,,FALSE,,,,,,,,,,
176,18,00,00,30,2006,12,05,Doli,Falick S,42,,,FALSE,,FALSE,,FALSE,,176,,,,,,,,,,,,,,,,,,,,,,,,,,,,,,,,,,,,,FALSE,,,,,,,,,,FALSE,,,,,,,,,,
177,09,30,14,00,2006,12,11,Levi,Ashdod S,28,,,FALSE,,FALSE,,FALSE,,177,,,,,,,,1,,,,,,,2,,,,,,,10,,,,,,,,,,,,,,,FALSE,,12 Kg,,,,,,,,FALSE,,,,,,,,,,
178,14,30,,,2006,12,11,Levi,Gazza N,28,,,FALSE,,FALSE,,FALSE,,178,,,,,,,,,,,,1,,,2,,,,,,1.5,5,,,1,,,,,,,,,,,,FALSE,,,,,,,,,,FALSE,,,1,,,,,,,
179,18,45,00,45,2006,12,11,Levi,Katza N,16,,,FALSE,,FALSE,Sfaradia,FALSE,,179,,,,,3,,,1,25 Kg,,,,,,,,,,,,,,,,1,,,,,,,,,1,,,FALSE,,,,,,,,,,FALSE,,,,,,,,,,
180,01,00,05,30,2006,12,11,Levi,Katza N,16,,,FALSE,3,FALSE,Sfaradia Hadasha,FALSE,,180,,,,,5,,1,1,30 Kg,,,,,,,,,,,,,,,,1,,,,,,,,,,,,FALSE,,,,,,,,,,FALSE,,,,,,,,,,
181,06,30,10,30,2006,12,12,Levi,Ashkelon N,22,,,FALSE,,FALSE,,FALSE,,181,,,,,,,,,,,,,,,2,,,,,,1,9,,,0.5,,,,,,,,,,,,FALSE,,,,,,,,,,FALSE,,,1,,,0.5,,,,
182,11,30,14,00,2006,12,12,Levi,Katza N,35,,,FALSE,,FALSE,,FALSE,,182,,,,,,,,1,,,,,,,2,,,,,,,4,,,0.5,,,,,,,,,,,,FALSE,,,,,,,,,,FALSE,,,1.5,,,0.5,,,,
183,14,30,17,30,2006,12,12,Levi,Gazza N,34,,got a lot of Havatzelet,FALSE,,FALSE,,FALSE,,183,,,,,,,,1,,,,,,,2,,,,,,,3,1,,2,,,,,,,,,7 L+,,,FALSE,,,,,,,,,,FALSE,,,1,,,1,,,,
184,18,30,01,00,2006,12,12,Levi,Katza N,16,,,FALSE,,FALSE,Sfaradia Hadasha,FALSE,,184,,,,,3,,,,,,,,,,,,,,,,,,,,1,,,,,,,,,,,,FALSE,,,,,,,,,,FALSE,,,,,,,,,,
185,01,30,04,00,2006,12,12,Levi,Ashdod S,13,,,FALSE,,FALSE,,FALSE,,185,,,,,,,,,5 Kg,,,,,,,,,,,,,,,,,,,,,,,,,,,,FALSE,,,,,,,,,,FALSE,,,,,,,,,,
186,07,30,11,30,2006,12,13,Levi,Ashdod S,28,,,FALSE,,FALSE,,FALSE,,186,,,,,,,,1,,,,,,,2,,,,,,,2,,,,,,,,,,,,,,,FALSE,,,,,,,,,,FALSE,,,,,,,,,,
187,13,00,17,00,2006,12,13,Levi,Gazza N,27,,,FALSE,3.1,FALSE,,FALSE,,187,,,,,,,,2,,,,,,,,,,,,,,2 B+,,,,,,,,,,,,,,,FALSE,,,,,,,,,,FALSE,,,1,,,,,,,
188,18,30,00,00,2006,12,13,Levi,Ashdod S,11,,,FALSE,,FALSE,,FALSE,,188,,,,,2,,,1,20 Kg,,,,,,,,,,,,,,,,,,,,,,,,,,,,FALSE,,,,,,,,,,FALSE,,,,,,,,,,
189,00,30,05,00,2006,12,13,Levi,Ashdod S,16,1.4,,FALSE,,FALSE,,FALSE,,189,,,,,2,,,,10 Kg,,,,,,,,,,,,,,,,0.5,,,,,,,0.5,,,,,FALSE,,,,,,,,,,FALSE,,,,,,,,,,
190,07,00,10,30,2006,12,14,Levi,Katza N,18.5,,,FALSE,,FALSE,,FALSE,,190,,,,,,,,,,,,,,,,,,,,,,,,,,,,,,,,,,,,,FALSE,,,,,,,,,,FALSE,,,,,,,,,,
191,11,45,14,45,2006,12,14,Levi,Ashdod S,21.5,,,FALSE,,FALSE,,TRUE,,191,,,,,,,,5,,,,,,,,,,,,,,,,,,,,,,,,,,,,,FALSE,,,,,,,,,,FALSE,,,,,,,,,,
192,15,00,17,30,2006,12,14,Levi,Ashkelon N,22,,,FALSE,,FALSE,,FALSE,,192,,,,,,,,5,,,,,,,,,,,,,,,,,,,,,,,,,,,,,FALSE,,,,,,,,,,FALSE,,,,,,,,,,
193,19,00,21,00,2006,12,14,Levi,,,,,FALSE,,FALSE,Sfaradia Hadasha,FALSE,,193,,,,,,,,,,,,,,,,,,,,,,,,,,,,,,,,,,,,,FALSE,,,,,,,,,,FALSE,,,,,,,,,,
194,11,45,15,00,2006,12,15,Levi,Ashdod N,,2.5,,FALSE,,FALSE,,FALSE,,194,,,,,,,,1,,,,,,,3,,,,,,1,,,,,,,,,,,,1 S+1 M+,,,,FALSE,,,,,,,,,,FALSE,,,,,,,,,,
195,16,00,19,30,2006,12,15,Levi,Jaffa N,14,2.6,,FALSE,,FALSE,,FALSE,,195,,,,,,,,1,3 Kg,,,1,,,2,,,,,,,1 B+,,,,,,,,,,,,,,,FALSE,,,,,,,,,,FALSE,,,,,,,,,,
196,04,30,08,30,2006,12,16,Levi,Gaash S,18,2.8,,FALSE,,FALSE,,FALSE,,196,,,,,,,,1,,,,,,,1,,,,,,,2.5,,,1,,,2 L+,,,,,,,,4 L+,FALSE,,,,,,,,,,FALSE,,,0.5,,,,,,,
197,09,00,12,30,2006,12,16,Levi,Bat yam S,,3,,FALSE,,FALSE,,FALSE,,197,,,,,,,,,,,,,,,5,,,3,1,0.5,3,,3,,,,,,,,,,1,,,,FALSE,,0.5,,,,,,,,FALSE,,,,,,,,,,
198,13,15,17,30,2006,12,16,Levi,Ashdod S,,3,,FALSE,,FALSE,,FALSE,,198,,,,,,,,2,,,,,,,4,,,,,,,1 B+,,,,,,,,,,,,,,1,FALSE,,,,,,,,,,FALSE,,,,,,,,,,
199,19,30,01,30,2006,12,17,Levi,Ashdod S,12.5,,,FALSE,,FALSE,Tonisait,FALSE,,199,,,,,1,,,,25 Kg B+25 Kg,,,,,,,,,,,,,,,,,,,,,,,,,,,,FALSE,,,,,,,,,,FALSE,,,,,,,,,,
200,09,30,13,30,2006,12,18,Doli,Ashdod S,,3,,FALSE,,FALSE,,FALSE,,200,,,,,,,,,,,,,,,5,0.5 B+0.5 M+,,,,,1,2,2,,0.5,,,,,,,,,,,,FALSE,,,,,,,,,,FALSE,,,0.5,,,0.5,,,,
201,19,00,05,30,2006,12,18,,Ashdod S,,1.4,,FALSE,,FALSE,,FALSE,,201,,,,,1,,,0.5,35 Kg,,,,,,,,,,,,,,,,,,,,,,,,,,,,FALSE,,,,,,,,,,FALSE,,,,,,,,,,
202,06,30,09,30,2006,12,19,Doli,Ashkelon N,24,,,FALSE,,FALSE,,FALSE,,202,,,,,,,,3,,,,,,,,,,,,,,,,,,,,,,,,,,,,,FALSE,,,,,0,,,,,TRUE,,,,,,,,,,
203,10,15,13,00,2006,12,19,Levi,Ashdod S,30,,,FALSE,,FALSE,,FALSE,,203,,,,,,,,1,,,,,,,2,,,,,,,2,1 L+,,,,,,,,,,,,,1 S+,FALSE,,,,,,,,,,FALSE,,,1,,,,,,,
204,14,30,16,45,2006,12,19,Doli,Ashkelon N,16,,,FALSE,,FALSE,,FALSE,,204,,,,,,,,2,30 Kg,,,,,,,,,,,,,,,,,,,,,,,,,,,,FALSE,,,,,,,,,,FALSE,,,,,,,,,,
205,08,45,12,30,2006,12,20,Doli,Tzinor,,,,FALSE,,FALSE,,FALSE,,205,,,,,,,,2,,,,,,,3,,,,,,,0.5,,,,,,,,,,,1,,,,FALSE,,,,,,,,,,FALSE,,,,,,0.5,,,,
206,12,45,17,00,2006,12,20,Doli,Jaffa N,,4,,FALSE,,FALSE,,FALSE,,206,,,,,,,,3,,,,,,,,1 B+,,,,,,7,,,,,,,,,,,,,,,FALSE,,,,,,,,,,FALSE,,,,,,,,,,
207,18,00,04,00,2006,12,20,Doli,Ashdod N,16,,,FALSE,,FALSE,,FALSE,,207,,,,,,,,1.5,13 Kg,,,,,,,,,,,,,,,,,,,,,,,,,,,,FALSE,,,,,,,,,,FALSE,,,,,,,,,,
208,06,00,09,30,2006,12,21,Doli,Ashdod S,34,,,FALSE,,FALSE,,FALSE,,208,,,,,,,,,,,,,,,2.5,1,,,,,,3,,,,,,,,,,,,,,,FALSE,,,,,,,,,,FALSE,,,1,,,,,,,
209,10,00,13,45,2006,12,21,Doli,Katza N,34,,,FALSE,,FALSE,,FALSE,,209,,,,,,,,1,,,,,,,2.5,1,,,,,,3,,,,,,,,,,,,,,,FALSE,,,,,,,,,,FALSE,,,1,,,,,,,
210,14,15,17,15,2006,12,21,Doli,Ashdod S,34,,,FALSE,,FALSE,,FALSE,,210,,,,,,,,2,,,,,,,2,,,,,,,1,,,,,,,,,,,,,,,FALSE,,1,,,,,,,,FALSE,,,1,,,,,,,
211,18,30,23,00,2006,12,21,Doli,Ashdod S,,1.4,,FALSE,,FALSE,,FALSE,,211,,,,,,,,,,,,,,,,,,,,,,,,,,,,,,,,,,,,,FALSE,,,,,,,,,,FALSE,,,,,,,,,,
212,08,45,11,30,2006,12,22,Doli,Ashdod S,,2.2,,FALSE,,FALSE,,FALSE,,212,,,,,,,,1,,2,,,,,7,,,,,,,,,,,,,,,,,,,1,,,FALSE,,,,,,,,,,FALSE,,,,,,,,,,
213,12,30,17,00,2006,12,22,Doli,Ashkelon N,,4,,FALSE,,FALSE,,FALSE,,213,,,,,,,,1,,,,,,,4,1 B+,,,,,,1,,,,,,,,,,,,,,,FALSE,,,,,,,,,,FALSE,,,,,,1,,,,
214,12,30,17,00,2006,12,22,Doli,Ashkelon N,,4,,FALSE,,FALSE,,FALSE,,214,,,,,,,,1,,,,,,,4,1 B+,,,,,,1,,,,,,,,,,,,,,,FALSE,,,,,,,,,,FALSE,,,,,,1,,,,
215,17,45,05,00,2006,12,22,Doli,Ashdod N,16,,,FALSE,,FALSE,,FALSE,,215,,,,,,,,2,3,,,,,,,,,,,,,,,,,,,,,,,,,,,,FALSE,,,,,,,,,,FALSE,,,,,,,,,,
216,06,15,09,45,2006,12,23,Doli,Jaffa N,,4,,FALSE,,FALSE,,FALSE,,216,,,,,,,,1.5,,,,,,,1.5,,,,,,1,3.5,,,,,,,,,,,,,,,FALSE,,,,,,,,,,FALSE,,,,,,0.5,,,,
217,10,15,14,00,2006,12,23,Doli,Herzelia S,,6,,FALSE,,FALSE,,FALSE,,217,,,,,,,,1.5,,,,,,,1.5,1,,,,,,4,,,,,,,,,,,,,,,FALSE,,,,,,,,,,FALSE,,,,,,,,,,
218,14,30,17,30,2006,12,23,Doli,Bat yam S,,3.4,,FALSE,,TRUE,,FALSE,,218,,,,,,,,1.5,,,,,,,7,1 B+,,5,,,0.5,1,,,,,,,,,,,,,,,FALSE,,,,,,,,,,FALSE,,,,,,,,,,
219,06,00,09,15,2006,12,24,Doli,Ashdod N,,3,,FALSE,,FALSE,,FALSE,,219,,,,,,,,2,,,,,,,4,,,,,,1,1,,,,,,,,,,,,,,,FALSE,,,,,,,,,,FALSE,,,,,,,,,,
220,10,00,13,15,2006,12,24,Doli,Bat yam S,26.5,,,FALSE,,FALSE,,FALSE,,220,,,,,,,,1.5,,,,,,,1.5,,,,,,,3,,,,,,,,,,,,,,,FALSE,,,,,,,,,,FALSE,,,,,,,,,,
221,13,45,17,30,2006,12,23,Doli,Ashdod S,34,,,FALSE,,FALSE,,FALSE,,221,,,,,,,,0.5,,,,,,,4,,,,,,,3,,,,,,,,,,,,,,,FALSE,,1 L+,,,,,,,,FALSE,,,,,,,,,,
222,19,00,02,45,2006,12,24,Doli,Ashdod N,16,,,FALSE,,FALSE,,FALSE,,222,,,,,,,,1.5,25 Kg,,,,,,,,,,,,,,,,,,,,,,,,,,,,FALSE,,,,,,,,,,FALSE,,,,,,,,,,
223,,,,,2006,12,26,Tzion,,,,,TRUE,,FALSE,,FALSE,,223,,,,,,,,,,,,,,,,,,,,,,,,,,,,,,,,,,,,,FALSE,,,,,,,,,,FALSE,,,,,,,,,,
224,,,,,2006,12,27,Tzion,,,,,TRUE,,FALSE,,FALSE,,224,,,,,,,,,,,,,,,,,,,,,,,,,,,,,,,,,,,,,FALSE,,,,,,,,,,FALSE,,,,,,,,,,
225,,,,,2006,12,28,Tzion,,,,,TRUE,,FALSE,,FALSE,,225,,,,,,,,,,,,,,,,,,,,,,,,,,,,,,,,,,,,,FALSE,,,,,,,,,,FALSE,,,,,,,,,,
226,09,15,12,30,2006,01,01,Levi,Ashdod S,16,,,FALSE,2.7,FALSE,,FALSE,,226,,,,,,,,1,,,,,,,13,,,,,,,,,,,,,,,3,,,,,,2,FALSE,,,,,,,,,,FALSE,,,,,,,,,,
227,13,00,15,00,2007,01,01,Levi,Katza N,16,,,FALSE,,FALSE,,FALSE,,227,,,,,,,,1,,,,,,,15,,,,,,,2,,,,,,,,,,,,,,1.5,FALSE,,,,,,,,,,FALSE,,,,,,,,,,
228,20,30,05,15,2007,01,01,Levi,Ashdod S,10.5,,,FALSE,,FALSE,Tonisait,FALSE,,228,,,,,,,,2,12,,,,,,,,,,,,,,,,,,,,,,,,,,,,FALSE,,,,,,,,,,FALSE,,,,,,,,,,
229,05,15,09,30,2007,01,02,Levi,Ashkelon N,19,,,FALSE,2.7,FALSE,,FALSE,,229,,,,,,,,,,,,1,,,5,1,,,,,0.5,9,,,,,,,,,,,,,,1,FALSE,,0.5,,,,,,,,FALSE,,,,,,,,,,
230,09,45,13,00,2007,02,02,Levi,Gazza N,22,,,FALSE,,FALSE,,FALSE,,230,,,,,,,,1,,,,1,,,5,0.5 B+,,,,,1.5,11,0.5,,,,,,,,,0.5,,,,,FALSE,,,,,,,,,,FALSE,,,1,,,,,,,
231,18,15,23,00,2007,01,02,Levi,Gazza N,40,,,FALSE,,FALSE,,FALSE,,231,,,,,,,,1,,1,,,1 Ind L+,,2,,,,,,,,,,,,,,,,,,,,,,FALSE,,,,,,,,,,FALSE,,,,,,,,,,1
232,06,45,10,30,2007,02,03,Levi,Ashdod S,22,,,FALSE,,FALSE,,FALSE,,232,,,,,,,,1,,0.5,,1,,,4,,,,,,,9,,,,,,,,,,,,,,0.5,FALSE,,2,,,,,,,,FALSE,,,,,,,,,,
233,11,15,14,00,2007,01,03,Levi,Gazza N,24,,,FALSE,,FALSE,,FALSE,,233,,,,,,,,1,,,,1,,,2,,,,,,,4,,,,,,,,,,,,,,,FALSE,,,,,,,,,,FALSE,,,,,,,,,,
234,14,30,17,30,2007,01,03,Levi,Gazza N,22,,,FALSE,,FALSE,,FALSE,,234,,,,,,,,1,,,,1,,,4,1,,,,,,3,,,,,,,,,,,,,,,FALSE,,,,,,,,,,FALSE,,,,,,,,,,
235,18,30,00,00,2007,01,03,Levi,Ashdod Katza,,1.4,,FALSE,,FALSE,Tonisait,FALSE,,235,,,,,,,,,10 Kg,,,,,,,,,,,,,,,,,,,,,,,,,,,,FALSE,,,,,,,,,,FALSE,,,,,,,,,,
236,01,00,05,30,2007,01,03,Levi,Ashdod Katza,,1.6,,FALSE,,FALSE,,FALSE,,236,,,,,,,,,15 Kg,,,,,,,,,,,,,,,,,,,,,,,,,,,,FALSE,,,,,,,,,,FALSE,,,,,,,,,,
237,14,00,17,30,2007,01,04,Levi,Ashdod S,38,3.1,,FALSE,,FALSE,,FALSE,,237,,,,,,,,1,,,,1,,,4,,,1,,,,4 B+,,,,,,,,,,,,,,,FALSE,,,,,,,,,,FALSE,,,,,,,,,,
238,19,00,03,00,2007,01,04,Levi,Ashdod S,,1.6,,FALSE,,FALSE,Tonisait,FALSE,,238,,,,,,,,,8 Kg,,,,,,,,,,,,,,,,,,,,,,,,,,,,FALSE,,,,,,,,,,FALSE,,,,,,,,,,
239,,,,,2007,01,05,Levi,,,,,TRUE,,FALSE,,FALSE,,239,,,,,,,,,,,,,,,,,,,,,,,,,,,,,,,,,,,,,FALSE,,,,,,,,,,FALSE,,,,,,,,,,
240,,,,,2007,01,06,Levi,,,,,TRUE,,FALSE,,FALSE,,240,,,,,,,,,,,,,,,,,,,,,,,,,,,,,,,,,,,,,FALSE,,,,,,,,,,FALSE,,,,,,,,,,
241,10,30,13,00,2007,01,07,Levi,Ashdod S,,1.4,,FALSE,2.6,FALSE,,TRUE,,241,,,,,,,,,,,,,,,5,,,,,,,,,,,,,,,,,,,,,,FALSE,,,,,,,,,,FALSE,,,,,,,,,,
242,14,15,16,45,2007,01,07,Levi,Ashkelon N,20,,,FALSE,3.5,FALSE,,FALSE,,242,,,,,,,,,,,,,,,5,1,,,,,1,13,,,,,,,,,,,,,,,FALSE,,,,,,,,,,FALSE,,,,,,,,,,
243,17,45,01,00,2007,01,07,Levi,Ashdod S,12,1.6,,FALSE,,FALSE,,FALSE,,243,,,,,,,,,,,,,,,,,,,,,,,,,,,,,,,,,,,,,FALSE,,,,,0,,,,,TRUE,,,,,,,,,,
244,12,00,16,00,2007,01,08,Levi,,28,4,,FALSE,,FALSE,,FALSE,,244,,,,,,,,1,,1,,,,,5,0.5 B+,,,,,1,7,,,,,,,,,,,,,,,FALSE,,,,,,,,,,FALSE,,,0.5,,,,,,,
245,20,15,05,15,2007,01,08,Levi,Palmachim S,42,,,FALSE,,FALSE,,FALSE,,245,,,,,,,,,,,,,,,,,,,,,,,,,,,,,,,,,,,,,FALSE,,,,,0,,,,,TRUE,,,,,,,,,,
246,06,15,09,30,2007,01,09,Doli,Ashkelon N,25,,,FALSE,,FALSE,,FALSE,,246,,,,,,,,,,1,,0.5,,,5,1,,,,,,5,,,,,,,,,,,,,,,FALSE,,,,,,,,,,FALSE,,,0.5,,,,,,,
247,10,15,13,30,2007,01,09,Doli,Ashdod S,25,,,FALSE,,FALSE,,FALSE,,247,,,,,,,,3,,,,,,,3,,,,,,,2,,,,,,,,,,,,,,,FALSE,,,,,,,,,,FALSE,,,,,,,,,,
248,14,15,17,45,2007,01,09,Doli,Katza N,35,,,FALSE,,TRUE,,FALSE,,248,,,,,,,,,,0.5,,0.5,,,3,0.5,,,,,,6,,,1,,,,,,,,,,,,FALSE,,,,,,,,,,FALSE,,,0.5,,,,,,,
249,19,15,00,30,2007,01,9,Doli,,,1.4,,FALSE,,FALSE,,FALSE,,249,,,,,,,,,10 Kg,,,,,,,,,,,,,,,,,,,,,,,,,,,,FALSE,,,,,,,,,,FALSE,,,,,,,,,,
250,07,15,10,15,2007,01,10,Doli,Ashdod S,33,,,FALSE,,FALSE,,FALSE,,250,,,,,,,,2,,,,,,,2,1 B+,,,,,,6,,,,,,,,,,,,,,,FALSE,,,,,,,,,,FALSE,,,,,,,,,,
251,10,45,13,45,2007,01,10,Doli,Ashkelon N,33,,,FALSE,,FALSE,,FALSE,,251,,,,,,,,2,,,,,,,3,,,,,,,4,,,,,,,,,,,,,,,FALSE,,,,,,,,,,FALSE,,,,,,,,,,
252,14,30,17,30,2007,01,10,Doli,Ashdod S,33,,,FALSE,,FALSE,,FALSE,,252,,,,,,,,2,,,,,,,2,,,,,,,5,,,,,,,,,,,,,,,FALSE,,,,,,,,,,FALSE,,,,,,,,,,
253,19,00,04,45,2007,01,10,Doli,Katza N,,1.4,,FALSE,,FALSE,,FALSE,,253,,,,,,,,,40 Kg,,,,,,,,,,,,,,,,,,,,,,,,,,,,FALSE,,,,,,,,,,FALSE,,,,,,,,,,
254,06,15,09,45,2007,01,11,Doli,Katza N,34,,,FALSE,,FALSE,,FALSE,,254,,,,,,,,,,,,0.5,,,2,,,,,,,2,,,,,,,,,,,,,,,FALSE,,1,,,,,,,,FALSE,,,0.5,,,,,,,
255,10,15,13,45,2007,01,11,Doli,Ashdod S,25.5,,,FALSE,,FALSE,,FALSE,,255,,,,,,,,1,,,,,,,3,,,,,,,1,,,,,,,,,,,,,,,FALSE,,,,,,,,,,FALSE,,,,,,,,,,
256,14,15,17,15,2007,01,11,Doli,Ashkelon N,23,,,FALSE,,FALSE,,FALSE,,256,,,,,,,,2,,,,1,,,3,,,,,,,,,,,,,,,,,,,,,,FALSE,,,,,,,,,,FALSE,,,,,,,,,,
257,18,15,03,15,2007,01,11,Doli,Ashdod S,,1.4,,FALSE,,FALSE,,FALSE,,257,,,,,1,,,,35 Kg,,,,,,,,,,,,,,,,,,,,,,,,,,,,FALSE,,,,,,,,,,FALSE,,,,,,,,,,
