Net,Start_Time_hh,Start_Time_mm,End_Time_hh,End_Time_mm,Year(XXXX),Month(XX),Day(XX),Fishermen,Fishing_field,Depth,Distance_to_Shore,Commants,Fishing_field_text,Storm,High_sea,Net_Type,Net,Anshubi,Bakala,Barbon,Ben_Gurion,Crab,Denis,Farida,Fish,General_Box_col_a,Gambari,Gerbida,Hazir,Hulim,Intias,Jelly_Fish,Kalamari,Lavan,Makarunim,Malitta,Marmir,Musar,Palamud,Pas_Tzahov,Rofus,Rofus_Fake,Sabida,Saragus,Sardin,Scombri,Soltan,Soltan_Fake,Soltan_Mix,Special,Tarachun,Taref,Televisia,Trulus,Missing,Comments,Lokus,Sol,Very_weak,Bakala_masmerim
1,0,0,5,30,1984,9,30,Ornu,Ashdod(S),,,,South and back,FALSE,FALSE,,1,,,,,,,,10 Kg,0,,,,,,,,,,,,,,,,,,,,,,,,,,,,,FALSE,,,,FALSE,
2,7,0,10,0,1984,9,30,Ornu,Ashdod(N),25,,,,FALSE,FALSE,,2,,,,,,,,,12,,,,,,,,,,,,,,,,,,,,,,,,,,,,,FALSE,,,,FALSE,
3,11,0,14,0,1984,9,30,Ornu,Tel Aviv,40,,,North,FALSE,FALSE,,3,,,,,,,,,8,,,,,,,,,,,,,,,,,,,,,,,,,,,,,FALSE,,,,FALSE,
4,15,0,17,30,1984,9,30,Ornu,Jaffa,23,2.75,,Hertzelia-Jaffa,FALSE,FALSE,,4,,,,,,,,,8,,,,,,,,,,,,,,,,,,,,,,,,,,,,,FALSE,,,,FALSE,
5,18,30,0,0,1984,9,30,Ornu,Tel Aviv,8,,,Banco-tel aviv-natania,FALSE,FALSE,,5,,,,,,,,,6,,,,,,,,,,,,,,,,,,,,,,,,,,,,,FALSE,,,,FALSE,
6,0,30,5,30,1984,10,1,Ornu,Tel Aviv,,,,Banco-natania-riding,FALSE,FALSE,,6,,,,,,,,,0,30 Kg S,,,,,,,,,,,,,,,,,,,,,,,,,,,,FALSE,,,,FALSE,
7,6,0,9,0,1984,10,1,Ornu,Tel Aviv,22,,,S Jaffa,FALSE,FALSE,,7,,,,,,,,,7,,,,,,,,,,,,,,,,,,,,,,,,,,,,,FALSE,,,,FALSE,
8,10,0,14,0,1984,10,1,Ornu,Tel Aviv,42,,,Riding south,FALSE,FALSE,,8,,,,,,,,,8,,,,,,,,,,,,,,,,,,,,,,,,,,,,,FALSE,,,,FALSE,
9,15,0,16,30,1984,10,1,Ornu,Palmachim,18,,,מהצינור פלמחים דרומה,FALSE,FALSE,,9,,,,,,,,,1,,,,,,,,,,,,,,,,,,,,,,,,,,,,,FALSE,,,,FALSE,
10,21,0,4,0,1984,10,1,Ornu,Ashdod(S),,,,,FALSE,FALSE,,10,,,,,,,,10 Kg,0,,,,,,,,,,,,,,,,,,,,,,,,,,,,,FALSE,,,,FALSE,
11,5,0,8,0,1984,10,2,Ornu,Ashdod(N),40,,,,FALSE,FALSE,,11,,,,,,,,,0,,,,,,,,,,,,,,,,,,,,,,,10,,,,,,FALSE,,,,FALSE,
12,9,0,13,0,1984,10,2,Ornu,Jaffa,40,,,North,FALSE,FALSE,,12,,,,,,,,,0,,,,,,,,,,,,,,,,,,,,,,,15,,,,,,FALSE,,,,FALSE,
13,14,0,17,0,1984,10,2,Ornu,Falick,24,,,south 4',FALSE,FALSE,,13,,,,,,,,,0,,,,2,,,,,,2,,3,,,,,,,,,2,,,,,,,,FALSE,,,,FALSE,
14,18,0,22,0,1984,10,2,Ornu,Tel Aviv,12,,,N Sidna ali,FALSE,FALSE,,14,,,,,,,,25 Kg,0,,,,,,,,,,,,,,,,,,,,,,,,,,,,,FALSE,,,,FALSE,
15,22,30,5,0,1984,10,2,Ornu,Banco,דצמ-13,,,Hilton - Natania,FALSE,FALSE,,15,,,,,,,,,0,35 Kg M+,,,,,,,,,,,,,,,,,,,,,,,,,,,,FALSE,,,,FALSE,
16,7,0,10,0,1984,10,3,Ornu,Falick,24,4,,Falick-Tel Aviv,FALSE,FALSE,,16,,,,,,,,36,40,,,,,,,,,,,,4,,,,,,,,,,,,,,,,,FALSE,,,,FALSE,
17,10,0,12,30,1984,10,3,Ornu,Tel Aviv,24,,,north,FALSE,FALSE,,17,,,,,,,,30,0,,,,,,,,,,,,,,,,,,,,,,,,,,,,,FALSE,,,,FALSE,
18,,,,,1984,10,4,Sarut,,,,,,FALSE,FALSE,,18,,,,,,,,,0,,,,,,,,,,,,,,,,,,,,,,,,,,,,,FALSE,,,,FALSE,
19,,,,,1984,10,5,,,,,empty page. Yom kipur,,FALSE,FALSE,,19,,,,,,,,,0,,,,,,,,,,,,,,,,,,,,,,,,,,,,,FALSE,,,,FALSE,
20,,,,,1984,10,6,,,,,empty page. Yom kipur,,FALSE,FALSE,,20,,,,,,,,,0,,,,,,,,,,,,,,,,,,,,,,,,,,,,,FALSE,,,,FALSE,
21,5,30,,,1984,10,7,Sarut,,,22,,boya south,FALSE,FALSE,,21,,,,,,,,,1,,,,,,,,,,,,,,,,,,,,,,,,,,,,,FALSE,,,,FALSE,
22,,,,,1984,10,7,Sarut,Nitzanim,25,,,N,FALSE,FALSE,,22,,,,,,,,,12,,,,,,,,,,,,,,,,,,,,,,,,,,,,,FALSE,,,,FALSE,
23,,,,,1984,10,7,Sarut,Palmachim,23,,,N,FALSE,FALSE,,23,,,,,,,,,40,,,,,,,,,,,,,,,,,,,,,,,,,,,,,FALSE,,,,FALSE,
24,,,,,1984,10,7,Sarut,,11-דצמ,,,Hilton north,FALSE,FALSE,,24,,,,,,,,,13,,,,,,,,,,,,,,,,,,,,,,,,,,,,,FALSE,,,,FALSE,
25,0,0,,,1984,10,8,Sarut,Natania,12,,,south,FALSE,FALSE,,25,,,,,,,,,4,30 Kg,,,,,,,,,,,,,,,,,,,,,,,,,,,,FALSE,,,,FALSE,
26,6,0,,,1984,10,8,Sarut,Mandarin,22-23,2.75,,south,FALSE,FALSE,,26,,,,,,,,,12,,,,,,,,,,,,,,,,,,,,,,,,,,,,,FALSE,,,,FALSE,
27,9,10,,,1984,10,8,Sarut,Bat Yam,23,3.5-4,,Marina hotel Bat yam north,FALSE,FALSE,,27,,,,,,,,,20,,,,,,,,,,,,,,,,,,,,,,,,,,,,,FALSE,,,,FALSE,
28,,,,,1984,10,8,Sarut,Riding,23,,,South,FALSE,FALSE,,28,,,,,,,,,10,,,,,,,,,,,,,,,,,,,,,,,,,,,,,FALSE,,,,FALSE,
29,6,0,9,0,1984,10,9,Sarut,Rubin,23,,,north,FALSE,FALSE,,29,,,,,,,,,15,,,,,,,,,,,,,,,,,,,,,,,,,,,,,FALSE,,,,FALSE,
30,9,30,12,30,1984,10,9,Sarut,Riding,,4,,North,FALSE,FALSE,,30,,,,,,,,,16,,,,,,,,,,,,,,,,,,,,,,,,,,,,,FALSE,,,,FALSE,
31,13,0,16,30,1984,10,9,Sarut,Falick,,4,,South,FALSE,FALSE,,31,,,,,,,,,2,,,,,,,,,,,,,,,,,,,,,,,,,,,,,FALSE,,,,FALSE,
32,18,0,23,0,1984,10,9,Sarut,Jaffa,,,,,FALSE,FALSE,,32,,,,,,,,,2,15 Kg ,,,,,,,,,,,,,,,,,,,,,,,,,,,,FALSE,,,,FALSE,
33,23,30,3,30,1984,10,9,Sarut,Jaffa,,,,south till Ashdod,FALSE,FALSE,,33,,,,,,,,,4,,,,,,,,,,,,,,,,,,,,,,,,,,,,,FALSE,,,,FALSE,
34,,,,,1984,10,10,,,,,חוף. פריקה בבוקר. ערב סוכות,,FALSE,FALSE,,34,,,,,,,,,0,,,,,,,,,,,,,,,,,,,,,,,,,,,,,FALSE,,,,FALSE,
35,,,,,1984,10,11,,,,,חג סוכות,,FALSE,FALSE,,35,,,,,,,,,0,,,,,,,,,,,,,,,,,,,,,,,,,,,,,FALSE,,,,FALSE,
36,6,0,7,30,1984,10,12,Sarut,,18,,,צינור N,FALSE,FALSE,,36,,,,,,,,,0.5,,,,,,,,,,,,,,,,,,,,,,,,,,,,,FALSE,,,,FALSE,
37,8,0,11,45,1984,10,12,Sarut,Bat Yam,,2.75,,North,FALSE,FALSE,,37,,,,,,,,,10,,,,,,,,,,,,,,,,,,,,,,,,,,,,,FALSE,,,,FALSE,
38,13,0,16,30,1984,10,12,Sarut,Hertzelia,34,,Nothing,,FALSE,FALSE,,38,,,,,,,,,0,,,,,,,,,,,,,,,,,,,,,,,,,,,,,FALSE,,,,FALSE,
39,,,,,1984,10,12,Sarut,Natania,10,,,South,FALSE,FALSE,,39,,,,,,,,,6,,,,,,,,,,,,,,,,,,,,,,,,,,,,,FALSE,,,,FALSE,
40,,,,,1984,10,12,Sarut,Natania,10,,,North,FALSE,FALSE,,40,,,,,,,,,6,,,,,,,,,,,,,,,,,,,,,,,,,,,,,FALSE,,,,FALSE,
41,6,0,,,1984,10,13,Sarut,Falick,23,4,,South,FALSE,FALSE,,41,,,,,,,,,0,,,,,,,,,,,,,,,,,,,,,,,,,,,,,FALSE,,,,FALSE,
42,,,,,1984,10,14,Cna'an,,,,לילה,דרומי,FALSE,FALSE,,42,,,,,,,,,NA,15 Kg,,,,,,,,,,,,,,,,,,,,,,,,,,,,FALSE,,,,FALSE,
43,,,,,1984,10,14,Cna'an,Ashdod(S),22,,,Ashdod Ashkelon,FALSE,FALSE,,43,,,,,,,,,1,,,,,,,,,,,,,,,,,,,,,,,,,,,,,FALSE,,,,FALSE,
44,,,,,1984,10,14,Cna'an,AshKelon,20-21,,,South,FALSE,FALSE,,44,,,,,,,,,15,,,,,,,,,,,,,,,,,,,,,,,,,,,,,FALSE,,,,FALSE,
45,,,,,1984,10,14,Cna'an,Gazza,21,,,N,FALSE,FALSE,,45,,,,,,,,,2.5,,,,,,,,,,,,,,,,,,,,,,,,,,,,,FALSE,,,,FALSE,
46,,,,,1984,10,15,Cna'an,,,,לילה,דרומי,FALSE,FALSE,,46,,,,,,,,,0,,,,,,,,,,,,,,,,,,,,,,,,,,,,,FALSE,,,,FALSE,
47,,,,,1984,10,15,Cna'an,Ashkelon,21,,,south,FALSE,FALSE,,47,,,,,,,,,15,,,,,,,,,,,,,,,,,,,,,,,,,,,,,FALSE,,,,FALSE,
48,,,,,1984,10,15,Cna'an,Gazza,,,,N,FALSE,FALSE,,48,,,,,,,,,0,,,,,,,,,,,,,,,,,,,,,,,,,,,,,FALSE,,,,FALSE,
49,,,,,1984,10,15,Cna'an,,,,"לא ברור המיקום
אפיק רוח גשם חזית עם ברד",N,FALSE,FALSE,,49,,,,,,,,,8,,,,,,,,,,,,,,,,,,,,,,,,,,,,,FALSE,,,,FALSE,
50,,,,,1984,10,16,Cna'an,,,,סוגרים את הספינה. תיקונים ואחזקה ברציף,,FALSE,FALSE,,50,,,,,,,,,0,,,,,,,,,,,,,,,,,,,,,,,,,,,,,FALSE,,,,FALSE,
51,,,,,1984,10,17,Cna'an,,,,סוכות,,FALSE,FALSE,,51,,,,,,,,,0,,,,,,,,,,,,,,,,,,,,,,,,,,,,,FALSE,,,,FALSE,
52,,,,,1984,10,18,,,,,שמיני עצרת,,FALSE,FALSE,,52,,,,,,,,,0,,,,,,,,,,,,,,,,,,,,,,,,,,,,,FALSE,,,,FALSE,
53,,,,,1984,10,19,Ornu,,,,תיקונים ברציף,,FALSE,FALSE,,53,,,,,,,,,0,,,,,,,,,,,,,,,,,,,,,,,,,,,,,FALSE,,,,FALSE,
54,,,,,1984,10,20,,,,,,,FALSE,FALSE,,54,,,,,,,,,0,,,,,,,,,,,,,,,,,,,,,,,,,,,,,FALSE,,,,FALSE,
55,8,0,,,1984,10,21,Cna'an,Ashdod(S),20-21,,,,FALSE,FALSE,,55,,,,,,,,,15,,,,,,,,,,,,,,,,,,,,,,,,,,,,,FALSE,,,,FALSE,
56,,,,,1984,10,21,Cna'an,,,,,,FALSE,FALSE,,56,,,,,,,,,22,,,,,,,,,,,,,,,,,,,,,,,,,,,,,FALSE,,,,FALSE,
57,,,,,1984,10,21,Cna'an,,,,,,FALSE,FALSE,,57,,,,,,,,,10,,,,,,,,,,,,,,,,,,,,,,,,,,,,,FALSE,,,,FALSE,
58,,,,,1984,10,21,Cna'an,,50,,,לילה דרומי,FALSE,FALSE,,58,,,,,,,,,4,,,,,,,4,,,,,,,,,,2,,,,,,,,,,,,FALSE,,,,FALSE,
59,,,,,1984,10,22,Cna'an,Gazza,20-21,,,,FALSE,FALSE,,59,,,,,,,,,27,,,,,,,,,,,,,,,,,,,,,,,,,,,,,FALSE,,,,FALSE,
60,,,,,1984,10,22,Cna'an,,,,,,FALSE,FALSE,,60,,,,,,,,,10,,,,,,,,,,,,,,,,,,,,,,,,,,,,,FALSE,,,,FALSE,
61,,,,,1984,10,22,Cna'an,,,,,,FALSE,FALSE,,61,,,,,,,,,4,,,,,,,,,,,,,,,,,,,,,,,,,,,,,FALSE,,,,FALSE,
62,,,,,1984,10,22,Cna'an,Gazza,,,לילה,Gazza-Nitzanim,FALSE,FALSE,,62,,,,,,,,,3,,,,,,,3,,,,,,,,,,1,,,,,,,,,,,,FALSE,,,,FALSE,
63,,,,,1984,10,23,Cna'an,Ashdod(S),20-21,,,"אשדוד י""א S קצאא",FALSE,FALSE,,63,,,,,,,,,25,,,,,,,,,,,,15,,,,,,,,,,,,,,,,,FALSE,,,,FALSE,
64,,,,,1984,10,23,Cna'an,Gazza,,,כתוב רק NO הנחתי עזה,,FALSE,FALSE,,64,,,,,,,,,14,,,,,,,,,,,,3,,,,,,,,,,,,,,,,,FALSE,,,,FALSE,
65,20,30,5,30,1984,10,23,Ornu,,,,על הצפוני הלוך וחזור,,FALSE,FALSE,,65,,,,,,,,,NA,20 Kg,,,,,,,,,,,,,,,,,,,,,,,,,,,,FALSE,,,,FALSE,
66,6,30,9,30,1984,10,24,Ornu,Ashdod(S),20.5,,,,FALSE,FALSE,,66,,,,,,,,,7,,,,,,,,,,,,,,,,,,,,,,,,,,,,,FALSE,,,,FALSE,
67,10,30,13,0,1984,10,24,Ornu,Ashkelon,20.21,,החלפת רשת לרשת אנג'ל שחף,N,FALSE,FALSE,,67,,,,,,,,,7,,,,,,,,,,,,,,,,,,,,,,,,,,,,,FALSE,,,,FALSE,
68,14,0,17,0,1984,10,24,Ornu,Ashdod(S),21,,אשדוד דרומה וירידה עם הגמברי לאשקלון,,FALSE,FALSE,,68,,,,,,,,,0,,,,,,,,,,,,,,,,,,,,,,,,,,,,,FALSE,,,,FALSE,
69,18,30,21,0,1984,10,24,Ornu,Ashdod(S),,,על הדרומי אשקלון - אשדוד,,FALSE,FALSE,,69,,,,,,,,,NA,10 Kg,,,,,,,,,,,,,,,,,,,,,,,,,,,,FALSE,,,,FALSE,
70,0,0,5,0,1984,10,25,Ornu,,,,על הצפוני. אשדוד יפו וחזרה לצינור,,FALSE,FALSE,,70,,,,,,,,,NA,35 Kg,,,,,,,,,,,,,,,,,,,,,,,,,,,,FALSE,,,,FALSE,
71,6,0,9,0,1984,10,25,Ornu,Ashdod(S),21,,,,FALSE,FALSE,,71,,,,,,,,,5,,,,,,,,,,,,,,,,,,,,,,,,,,,,,FALSE,,,,FALSE,
72,10,0,14,0,1984,10,25,Ornu,Ashkelon,25,,,N,FALSE,FALSE,,72,,,,,,,,,16,,,,,,,,,,,,,,,,,,,,,,,,,,,,,FALSE,,,,FALSE,
73,14,30,16,15,1984,10,25,Ornu,,25,,חזרה דרומה. רשת קצרה,,FALSE,FALSE,,73,,,,,,,,,10,,,,,,,,,,,,,,,,,,,,,,,,,,,,,FALSE,,,,FALSE,
74,21,0,1,0,1984,10,25,Ornu,,,,צפוני אשדוד יפו,,FALSE,FALSE,,74,,,,,,,,,NA,20 Kg,,,,,,,,,,,,,,,,,,,,,,,,,,,,FALSE,,,,FALSE,
75,2,0,5,0,1984,10,26,Ornu,,,,,בנקו רידינג צפונה,FALSE,FALSE,,75,,,,,,,,,NA,40 Kg,,,,,,,,,,,,,,,,,,,,,,,,,,,,FALSE,,,,FALSE,
76,6,0,9,0,1984,10,26,Ornu,Falick,,2.75,,S,FALSE,FALSE,,76,,,,,,,1,,0,,,,,,,,,,,,,,,,,,,,,,,,,,,,,FALSE,,,,FALSE,
77,10,0,13,0,1984,10,26,Ornu,Jaffa,24-25,,,N,FALSE,FALSE,,77,,,,,,,,,30,,,,,,,,,,,,,,,,,,,,,,,,,,,,,FALSE,,,,FALSE,
78,13,30,16,30,1984,10,26,Ornu,Tel Aviv,24-25,,,המשך צפונה עד נתניה,FALSE,FALSE,,78,,,,,,,,,15,,,,,,,,,,,,,,,,,,,,,,,,,,,,,FALSE,,,,FALSE,
79,17,30,0,30,1984,10,26,Ornu,,12,,,נתניה בית מלון עד רידינג,FALSE,FALSE,,79,,,,,,,,,NA,50 Kg,,,,,,,,,,,,,,,,,,,,,,,,,,,,FALSE,,,,FALSE,
80,1,0,6,0,1984,10,27,Ornu,,,,,בנקו הילטון צפונה,FALSE,FALSE,,80,,,,,,,,,NA,42 Kg,,,,,,,,,,,,,,,,,,,,,,,,,,,,FALSE,,,,FALSE,
81,7,30,10,30,1984,10,2,Ornu,Hertzelia,25,,החלפת רשת לרשת חומר גרמני,S,FALSE,FALSE,,81,,,,,,,,,25,,,,,,,,,,,,,,,,,,,,,,,,,,,,,FALSE,,,,FALSE,
82,11,0,14,30,1984,10,27,Ornu,,25,,,המשך דרומה,FALSE,FALSE,,82,,,,,,,,,12,,,,,,,,,,,,,,,,,,,,,,,,,,,,,FALSE,,,,FALSE,
83,20,0,5,0,1984,10,27,Ornu,,,,,בנקו - הילטון - פליק הלוך וחזור,FALSE,FALSE,,83,,,,,,,,,NA,47 Kg,,,,,,,,,,,,,,,,,,,,,,,,,,,,FALSE,,,,FALSE,
84,6,0,9,0,1984,10,28,Ornu,Jaffa,24,,,N,FALSE,FALSE,,84,,,,,,,,,12,,,,,,,,,,,,,,,,,,,,,,,,,,,,,FALSE,,,,FALSE,
85,10,0,13,0,1984,10,28,Ornu,,22,,,חזרה דרומה,FALSE,FALSE,,85,,,,,,,,,7,,,,,,,,,,,,,,,,,,,,,,,,,,,,,FALSE,,,,FALSE,
86,17,0,23,0,1984,10,28,Ornu,,,,,הלוך וחזור בבנק,FALSE,FALSE,,86,,,,,,,,,NA,45 Kg,,,,,,,,,,,,,,,,,,,,,,,,,,,,FALSE,,,,FALSE,
87,0,0,5,30,1984,10,29,Ornu,,,,,הלוך וחזור בבנק,FALSE,FALSE,,87,,,,,,,,,NA,20 Kg,,,,,,,,,,,,,,,,,,,,,,,,,,,,FALSE,,,,FALSE,
88,7,15,11,0,1984,10,29,Ornu,Tel Aviv,32,,no fish around,רידינג דרומה,FALSE,FALSE,,88,,,,,,,,5 B,0,,,,,,,,,,,,,,,,,,,,,,,,,,,,,FALSE,,,,FALSE,
89,14,0,15,30,1984,10,29,Ornu,,25,,,מהכור דרומה,FALSE,FALSE,,89,,,,,,,,,1,,,,,,,,,,,,,,,,,,,,,,,,,,,,,FALSE,,,,FALSE,
90,19,30,21,0,1984,10,29,Ornu,Ashdod(N),10,,תקלה בעת הרמת הציוד בכדי לעבור מעל הצינור,,FALSE,FALSE,,90,,,,,,,,,NA,8 Kg,,,,,,,,,,,,,,,,,,,,,,,,,,,,FALSE,,,,FALSE,
91,0,0,5,30,1984,10,30,Ornu,,,,,"על הצפוני, צינור יפו ובחזרה",FALSE,FALSE,,91,,,,,,,,,NA,20 Kg,,,,,,,,,,,,,,,,,,,,,,,,,,,,FALSE,,,,FALSE,
92,8,0,11,0,1984,10,30,Ornu,Nitzanim,21,,חצי שק פתוח,S,FALSE,FALSE,,92,,,,,,,,,0,,,,,,,,,,,,,,,,,,,,,,,,,,,,,FALSE,,,,FALSE,
93,11,30,15,30,1984,10,30,Ornu,Katza,23,,,N,FALSE,FALSE,,93,,,,,,,,,0,,,,,,,,,,,,,,,,,,,,,,,,,,,,,FALSE,,,,FALSE,
94,6,0,9,30,1984,10,31,Sarut,Ashdod(S),23,,,,FALSE,FALSE,,94,,,,,,,,,11,,,,,,,,,,,,,,,,,,,,,,,,,,,,,FALSE,,,,FALSE,
95,10,0,13,30,1984,10,31,Sarut,Ashkelon,23,,,N,FALSE,FALSE,,95,,,,,,,,,10,,,,,,,,,,,,,,,,,,,,,,,,,,,,,FALSE,,,,FALSE,
96,14,15,16,30,1984,10,31,Sarut,Nitzanim,27,,,,FALSE,FALSE,,96,,,,,,,,,4,,,,,,,,,,,,,,,,,,,,,,,,,,,,,FALSE,,,,FALSE,
97,18,0,23,0,1984,10,31,Sarut,Rubin,80,,,,FALSE,FALSE,,97,,,,,,,,,8,,,,,,,,,,,,,,,,,,,,,,,,,,,,,FALSE,,,,FALSE,
98,0,30,6,0,1984,11,1,Sarut,Hertzelia,40,,,S,FALSE,FALSE,,98,,,,,,,,,7,,,,,,,,,,,,,,,,,,,,,,,,,,,,,FALSE,,,,FALSE,
99,,,,,1984,11,1,Sarut,,27,,,כור S,FALSE,FALSE,,99,,,,,,,,,24,,,,,,,,,,,,,,,,,,,,,,,,,,,,,FALSE,,,,FALSE,
100,,,,,1984,11,1,Sarut,Ashkelon,,,,N,FALSE,FALSE,,100,,,,,,,,,15,,,,,,,,,,,,,,,,,,,,,,,,,,,,,FALSE,,,,FALSE,
101,6,0,9,45,1984,11,2,Sarut,Ashdod(N),24-26,,,,FALSE,FALSE,,101,,,,,,,,,15,,,,,,,,,,,,,,,,,,,,,,,,,,,,,FALSE,,,,FALSE,
102,10,30,13,30,1984,11,2,Sarut,Jaffa,26,,,S,FALSE,FALSE,,102,,,,,,,,,15,,,,,,,,,,,,,,,,,,,,,,,,,,,,,FALSE,,,,FALSE,
103,,,,,1984,11,2,Sarut,Palmachim,23,,,N,FALSE,FALSE,,103,,,,,,,,,8,,,,,,,,,,,,,,,,,,,,,,,,,,,,,FALSE,,,,FALSE,
104,,,,,1984,11,2,Sarut,Hilton,10,,ים קשה. המתנה עד הבוקר,N,TRUE,FALSE,,104,,,,,,,,,9,,,,,,,,,,,,,,,,,,,,,,,,,,,,,FALSE,,,,FALSE,
105,9,45,5,45,1984,11,3,Sarut,Tel-Baruch,24-25,,,S,FALSE,FALSE,,105,,,,,,,,,15,,,,,,,,,,,,,,,,,,,,,,,,,,,,,FALSE,,,,FALSE,
106,10,30,,,1984,11,3,Sarut,Palmachim,26-27,,,,FALSE,FALSE,,106,,,,,,,,,10,,,,,,,,,,,,,,,,,,,,,,,,,,,,,FALSE,,,,FALSE,
107,6,30,10,30,1984,11,4,Sarut,Ashdod(N),26,,,,FALSE,FALSE,,107,,,,,,,,,15,,,,,,,,,,,,,,,,,,,,,,,,,,,,,FALSE,,,,FALSE,
108,11,0,15,0,1984,11,4,Sarut,Tel Aviv,,4,,N,FALSE,FALSE,,108,,,,,,,,,10,,,,,,,,,,,,,,,,,,,,,,,,,,,,,FALSE,,,,FALSE,
109,16,0,22,30,1984,11,4,Sarut,Natania,,,,נתניה S בנקו,FALSE,FALSE,,109,,,,,,,,,25,,,,,,,,,,,,,,,,,,,,,,,,,,,,,FALSE,,,,FALSE,
110,,,,,1984,11,4,Sarut,Riding,,,,רידינג N עם סיבוב,FALSE,FALSE,,110,,,,,,,,,4,,,,,,,,,,,,,,,,,,,,,,,,,,,,,FALSE,,,,FALSE,
111,,,,,1984,11,5,Sarut,Riding,23,,,S,FALSE,FALSE,,111,,,,,,,,,10,,,,,,,,,,,,,,,,,,,,,,,,,,,,,FALSE,,,,FALSE,
112,,,,,1984,11,5,Sarut,Bat Yam,25-26,,,S,FALSE,FALSE,,112,,,,,,,,,5,,,,,,,,,,,,,,,,,,,,,,,,,,,,,FALSE,,,,FALSE,
113,,,,,1984,11,5,Sarut,Palmachim,25-26,,,N,FALSE,FALSE,,113,,,,,,,,,8,,,,,,,,,,,,,,,,,,,,,,,,,,,,,FALSE,,,,FALSE,
114,,,,,1984,11,5,Sarut,,,,,הילטון לניאדו,FALSE,FALSE,,114,,,,,,,,,10,,,,,,,,,,,,,,,,,,,,,,,,,,,,,FALSE,,,,FALSE,
115,,,,,1984,11,5,Sarut,,14,,,לניאדו הילטון,FALSE,FALSE,,115,,,,,,,,,5,,,,,,,,,,,,,,,,,,,,,,,,,,,,,FALSE,,,,FALSE,
116,,,,,1984,11,6,Sarut,Hertzelia,42,,,S,FALSE,FALSE,,116,,,,,,,,,0,,,,,,,,,,,,,,,,,,,,,,,,,,,,,FALSE,,,,FALSE,
117,,,,,1984,11,7,Cna'an,,14-15,,,הילטון געש,FALSE,FALSE,,117,,,,,,,,,0,,,,,,,,,,,,,,,,,,,,,,,,,,,,,FALSE,,,,FALSE,
118,,,,,1984,11,7,Cna'an,Hertzelia,40-42,,,S,FALSE,FALSE,,118,,,,,,,,,10,,,,,,,,,,,,,,,,,,,,,,,,,,,,,FALSE,,,,FALSE,
119,,,,,1984,11,8,Cna'an,,40,,לילה חלש,,FALSE,FALSE,,119,,,,,,,,,0,,,,,,,,,,,,,,,,,,,,,,,,,,,,,FALSE,,,,FALSE,
120,,,,,1984,11,8,Cna'an,Tel Aviv,40,,,,FALSE,FALSE,,120,,,,,,,,,0,,,,,,,,,,,,,,,,,,,,,,,,,,,,,FALSE,,,,FALSE,
121,,,,,1984,11,8,Cna'an,,,,,,FALSE,FALSE,,121,,,,,,,,,8,,,,,,,,,,,,,,,,,,,,,,,,,,,,,FALSE,,6 Ind (20 Kg),,FALSE,
122,,,,,1984,11,9,Cna'an,Tel Aviv,22-23,,נגמרו הארגזים. כנראה בגלל זה אין ציון כמות,3' תל אביב 8' אשדוד,FALSE,FALSE,,122,,,,,,,,12,0,,,,,,,,,,,,,,,,,,,,,,,,,,,,,FALSE,,,,FALSE,
123,,,,,1984,11,10,Cna'an,Ashdod(S),40-42,,לילה,Gazza,FALSE,FALSE,,123,,,,,,,,,8,,,,,,,,,,,,,,,,,,,,,,,,,,,,,FALSE,,,,FALSE,
124,,,,,1984,11,10,Cna'an,,50,,,,FALSE,FALSE,,124,,,,,,,,,8,,,,,,,,,,,,,,,,,,,,,,,,,,,,,FALSE,,,,FALSE,
125,,,,,1984,11,10,Cna'an,,40,,,,FALSE,FALSE,,125,,,,,,,,,10,,,,,,,,,,,,,,,,,,,,,,,,,,,,,FALSE,,,,FALSE,
126,6,30,,,1984,11,11,Cna'an,Hadera,41,6.5',,N,FALSE,FALSE,,126,,,,,,,,,0,,,,,,,,,,,,,,,,,,,,,,,,,,,,,FALSE,,,,FALSE,
127,9,30,,,1984,11,11,Cna'an,Hadera,48-50,14',,,FALSE,FALSE,,127,,,,,,,,,0,,,,,,,,,,,,,,,,,,,,,,,,,,,,,FALSE,,,,FALSE,
128,13,40,,,1984,11,11,Cna'an,Hadera,48-50,10',,,FALSE,FALSE,,128,,,,,,,,,0,,,,,,,,,,,,,,,,,,,,,,,,,,,,,FALSE,,,,FALSE,
129,18,15,,,1984,11,11,Cna'an,Hadera,37-38,14',,,FALSE,FALSE,,129,,,,,,,,,0,,,,,,,,,,,,,,,,,,,,,,,,,,,,,FALSE,,,,FALSE,
130,23,30,4,15,1984,11,11,Cna'an,,58,24',הרבה זבל,ב. כרמל S,FALSE,FALSE,,130,,,,,,,,,5,,,,,,,,,,,,,,,,,,,,,,,,,,,,,FALSE,,,,FALSE,
131,5,15,9,30,1984,11,12,Cna'an,Ga'ash,22.75,3',,S,FALSE,FALSE,,131,,,,,,,,17 L,0,,,,,,,,,,,,,,,,,,,,,,,,,,,,,FALSE,,,,FALSE,
132,10,15,14,30,1984,11,12,Cna'an,Jaffa,22,3.3,,N,FALSE,FALSE,,132,,,,,,,,,3,,,,,,,,,,,,,,,,,,,,,,,,4,,,,,FALSE,,,,FALSE,
133,15,0,18,0,1984,11,12,Cna'an,Ga'ash,22,3',,,FALSE,FALSE,,133,,,,,,,,2 B,0,,,,,,,,,,,,,,,,,,,,,,,,0.5,,,,,FALSE,,,,FALSE,
134,19,0,24,0,1984,11,12,Cna'an,Tel Aviv,41,,,,FALSE,FALSE,,134,,,,,,,,,0,,,,,,,,,,,,,,,,,,,,,,,,,,,,,FALSE,,,,FALSE,
135,1,30,,,1984,11,12,Cna'an,,,,,,TRUE,FALSE,,135,,,,,,,,,0,,,,,,,,,,,,,,,,,,,,,,,,,,,,,FALSE,,,,FALSE,
136,,,,,1984,11,13,Sarut,,,,,,TRUE,FALSE,,136,,,,,,,,,0,,,,,,,,,,,,,,,,,,,,,,,,,,,,,FALSE,,,,FALSE,
137,18,0,23,0,1984,11,14,Cna'an,Tel Aviv,,,,N,FALSE,FALSE,,137,,,,,,,,,NA,20 Kg,,,,,,,,,,,,,,,,,,,,,,,,,,,,FALSE,,,,FALSE,
138,0,30,5,30,1984,11,15,Ornu,Riding,,,,to Netanya,FALSE,FALSE,,138,,,,,,,,,NA,40 Kg,,,,,,,,,,,,,,,,,,,,,,,,,,,,FALSE,,,,FALSE,
139,7,0,11,30,1984,11,15,Ornu,Falick,40,,,S,FALSE,FALSE,,139,,,,,,,,10 M,0,,,,,,,,,,,,,,,,,,,,,,,,,,,,,FALSE,,,,FALSE,
140,13,0,16,30,1984,11,15,Ornu,Jaffa,25,,,N,FALSE,FALSE,,140,,,,,,,,6 B,0,,,,,,,,,,,,,,6 B,,,,,,,,,,,,,,,FALSE,,,,FALSE,
141,17,30,24,0,1984,11,15,Ornu,,,,,Banco - back and forth,FALSE,FALSE,,141,,,,,,,,,NA,30 Kg,,,,,,,,,,,,,,,,,,,,,,,,,,,,FALSE,,,,FALSE,
142,,,,,1984,11,16,Ornu,Falick,40,,,S,FALSE,FALSE,,142,,,,,,,,,15,,,,,,,,,,,,,,,,,,,,,,,,,,,,,FALSE,,,,FALSE,
143,,,,,1984,11,16,Ornu,Falick,,,,N,FALSE,FALSE,,143,,,,,,,,,8,,,,,,,,,,,,,,,,,,,,,,,,,,,,,FALSE,,,,FALSE,
144,,,,,1984,11,16,Ornu,Banco,,,All night,,FALSE,FALSE,,144,,,,,,,,,NA,60 Kg,,,,,,,,,,,,,,,,,,,,,,,,,,,,FALSE,,,,FALSE,
145,,,,,1984,11,17,Ornu,,,,,,TRUE,FALSE,,145,,,,,,,,,0,,,,,,,,,,,,,,,,,,,,,,,,,,,,,FALSE,,,,FALSE,
146,8,0,11,0,1984,11,18,Ornu,Ashdod(N),16,,,,FALSE,FALSE,,146,,,,,,,,,12,,,,,,,,,,,,,,,,,,,,,,,,,,,,,FALSE,,,,FALSE,
147,12,0,15,30,1984,11,18,Ornu,Bank,20,,,,FALSE,FALSE,,147,,,,,,,,,5,,,,,,,,,,,,,,,,,,,,,,,,,,,,,FALSE,,,,FALSE,
148,18,0,22,0,1984,11,18,Ornu,Riding,,,,to Netanya,FALSE,FALSE,,148,,,,,,,,,6,,,,,,,,,,,,,,,,,,,,,,,,,,,,,FALSE,,,,FALSE,
149,22,30,6,0,1984,11,19,Ornu,Natania,,,,back to Riding,FALSE,FALSE,,149,,,,,,,,,10,,,,,,,,,,,,,,,,,,,,,,,,,,,,,FALSE,,,,FALSE,
150,13,0,17,30,1984,11,19,Ornu,Ashdod(S),42,,,,FALSE,FALSE,,150,,,,,,,,,14,,,,,,,,,,,,,,,,,,,,,,,,,,,,,FALSE,,,,FALSE,
151,18,30,,,1984,11,19,Ornu,Natania,,,,,FALSE,FALSE,,151,,,,,,,,,4,,,,,,,,,,,,,,,,,,,,,,,,,,,,,FALSE,,,,FALSE,
152,24,0,6,0,1984,11,20,Ornu,Falick,16,,,,FALSE,FALSE,,152,,,,,,,,,NA,20 Kg,,,,,,,,,,,,,,,,,,,,,,,,,,,,FALSE,,,,FALSE,
153,7,0,10,0,1984,11,20,Ornu,,22,,,,FALSE,FALSE,,153,,,,,,,,,0,,,,,,,,,,,,,,5,,,,,,,5,,,,,,,,FALSE,,,,FALSE,
154,11,0,15,50,1984,11,20,Ornu,Riding,40,,,S,FALSE,FALSE,,154,,,,,,,,,17,,,,,,,,,,,,,,,,,,,,,,,,,,,,,FALSE,,,,FALSE,
155,,,,,1984,11,20,Ornu,Ashdod(N),,,,,FALSE,FALSE,,155,,,,,,,,,NA,80 Kg,,,,,,,,,,,,,,,,,,,,,,,,,,,,FALSE,,,,FALSE,
156,,,,,1984,11,21,Sarut,Ashdod(N),42,,,,FALSE,FALSE,,156,,,,,,,,,17,,,,,,,,,,,,,,,,,,,,,,,,,,,,,FALSE,,,,FALSE,
157,,,,,1984,11,21,Sarut,Jaffa,42,,,,FALSE,FALSE,,157,,,,,,,,,8,,,,,,,,,,,,,,,,,,,,,,,,,,,,,FALSE,,,,FALSE,
158,,,,,1984,11,21,Sarut,Ashdod(N),9,,got stuck on barge,,FALSE,FALSE,,158,,,,,,,,,0,1,,,,,,,,,,,,,,,,,,,,,,,,,,,,FALSE,,,,FALSE,
159,,,,,1984,11,21,Sarut,Ashdod(N),,,"Angel net
RPM 1500",,FALSE,FALSE,,159,,,,,,,,,0,3,,,,,,,,,,,,,,,,,,,,,,,,,,,,FALSE,,,,FALSE,
160,,,,,1984,11,22,Sarut,Ashdod(N),40,,,,FALSE,FALSE,,160,,,,,,,,,10,,,,,,,,,,,,,,,,,,,,,,,,,,,,,FALSE,,,,FALSE,
161,,,,,1984,11,22,Sarut,Palmachim,26,,,S,FALSE,FALSE,,161,,,,,,,,,20,,,,,,,,,,,,,,,,,,,,,,,,,,,,,FALSE,,,,FALSE,
162,,,,,1984,11,23,Sarut,Ashdod(S),20,,,,FALSE,FALSE,,162,,,,,,,,,10,,,,,,,,,,,,,,,,,,,,,,,,,,,,,FALSE,,,,FALSE,
163,,,,,1984,11,24,Sarut,,,2.2,,Buya,FALSE,FALSE,,163,,,,,,,,,8,,,,,,,,,,,,,,,,,,,,,,,,,,,,,FALSE,,,,FALSE,
164,,,,,1984,11,24,Sarut,AshKelon,24,,,,FALSE,FALSE,,164,,,,,,,,,22,,,,,,,,,,,,,,,,,,,,,,,,,,,,,FALSE,,,,FALSE,
165,,,,,1984,11,25,Sarut,Ashdod(S),23,,,,FALSE,FALSE,,165,,,,,,,,,12,,,,,,,,,,,,,,,,,,,,,,,,,,,,,FALSE,muddy catch,,,FALSE,
166,,,,,1984,11,25,Sarut,AshKelon,24,,,,FALSE,FALSE,,166,,,,,,,,16 B,0,,,,,,,,,,,,,,,,,,,,,,,,,,,,,FALSE,,,,FALSE,
167,,,,,1984,11,25,Sarut,Ashdod(S),,,,,FALSE,FALSE,,167,,,,,,,,0,0,,,,,,,,,,,,,,,,,,,,,,,,,,,,,FALSE,,,,FALSE,
168,,,,,1984,11,26,Sarut,Nitzanim,25,,,N,FALSE,FALSE,,168,,,,,,,,,10,,,,,,,,,,,,,,,,,,,,,,,,,,,,,FALSE,,,,FALSE,
169,,,,,1984,11,27,David,,80,,,,FALSE,FALSE,,169,,7,,,,,,,2,,,,,,,3,3,,,,,,,,,,,,,,,,,,3,,3,FALSE,,,,FALSE,2
170,,,,,1984,11,27,David,Tel Aviv,27,,,S,FALSE,FALSE,,170,,,,,,,,,0,,,,,,,,,,,,,,,,,,,,,,10,,,,,,,FALSE,,,,FALSE,
171,6,15,,,1984,11,28,David,Ashdod(N),40,,,,FALSE,FALSE,,171,,,,,,,,,12,,,,,,,,,,,,,,,,,,,,,,,,,,,,,FALSE,OK fish,,,FALSE,
172,10,30,13,30,1984,11,28,David,Tel Aviv,42,,,S,FALSE,FALSE,,172,,,,,,,,,0,,,,,,,,,,,,,,,,,,,8,,,,,,,,,,FALSE,"mostly Sardins, a few sulatns",,,FALSE,
173,13,50,,,1984,11,28,David,Kur,39,,,N,FALSE,FALSE,,173,,,,,,,,,7,,,,,,,,,,,,,,,,,,,,,,,,,,,,,FALSE,,,,FALSE,
174,,,,,1984,11,28,David,Ga'ash,13,,All night,to Hilton,FALSE,FALSE,,174,,,,,,,,,NA,70 Kg,,,,,,,,,,,,,,,,,,,,,,,,,,,,FALSE,,,,FALSE,
175,6,15,10,30,1984,11,29,David,Gesher,25,4.1,,S,FALSE,FALSE,,175,,,,,,,,,6,,,,,,,,,,,,,,,,,,,,,,15,,,,,,,FALSE,,,,FALSE,
176,11,15,15,30,1984,11,29,David,,25,4.1,,,FALSE,FALSE,,176,,,,,,,,,5,,,,,,,,,,,,,,,,,,,,,,15,,,,,,,FALSE,,,,FALSE,
177,,,,,1984,11,29,David,,,,,Hotel to Hilton,FALSE,FALSE,,177,,,,,,,,,NA,40 Kg,,,,,,,,,,,,,,,,,,,,,,,,,,,,FALSE,,,,FALSE,
178,,,,,1984,11,29,David,,,,,Hilton to Riding,FALSE,FALSE,,178,,,,,,,,,NA,30 Kg,,,,,,,,,,,,,,,,,,,,,,,,,,,,FALSE,,,,FALSE,
179,7,40,12,0,1984,11,30,David,,87,,fishing site unclear,,FALSE,FALSE,,179,,3.5,,,,,1,,0,,1,,,,,1,,,,,,,,,,,,,,,,,,,3,,1.5,FALSE,,,,FALSE,2
180,13,0,16,40,1984,11,30,David,Tel Aviv,50,,,N,FALSE,FALSE,,180,,,,,,,,,8,,,,,,,8,,,,,,,,,,,,,,5,,,,,,,,FALSE,,,,FALSE,
181,,,,,1984,11,30,David,,,,fishing site unclear,night,FALSE,FALSE,,181,,,,,,,,,0,5,,,,,,,,,,,,,,,,,,,,,,,,,,,,FALSE,,,,FALSE,
182,6,45,,,1984,12,1,David,Ga'ash,51,,,S,FALSE,FALSE,,182,,,,,,,,,7,,,,,,,,,,,,,,,,,,,,,,,,,,,,,FALSE,,,,FALSE,
183,,,,,1984,12,1,Tzion,Jaffa,44,,,to Ashdod,FALSE,FALSE,,183,,,,,,,,,3,,,,,,,,,,,,,,,,,,,,,,,,,,,,,FALSE,,,,FALSE,
184,,,,,1984,12,2,Tzion,,50,,,,FALSE,FALSE,,184,,,,,,,,,7,,,,,,,,,,,,,,,,,,,,,,,,,,,,,FALSE,,,,FALSE,
185,,,,,1984,12,2,Tzion,Bank,13,,,,FALSE,FALSE,,185,,,,,,,,,3,,,,,,,,,,,,,,,,,,,,,,,,,,,,,FALSE,,,,FALSE,
186,,,,,1984,12,3,Tzion,Bank,13,,,,FALSE,FALSE,,186,,,,,,,,,2,,,,,,,,,,,,,,,,,,,,,,,,,,,,,FALSE,,,,FALSE,
187,,,,,1984,12,4,Tzion,Hadera,52,,,,FALSE,FALSE,,187,,,,,,,,,10,,,,,,,,,,,,,,,,,,,,,,,,,,,,,FALSE,,,,FALSE,
188,,,,,1984,12,4,Tzion,Tel Aviv,48,,,,FALSE,FALSE,,188,,,,,,,,,8,,,,,,,,,,,,,,,,,,,,,,,,,,,,,FALSE,,,,FALSE,
189,,,,,1984,12,5,Sarut,Palmachim,42,,,,FALSE,FALSE,,189,,,,,,,,,5,,,,,,,,,,,,,,,,,,,,,,,,,,,,,FALSE,,,,FALSE,
190,,,,,1984,12,6,Sarut,Ashdod(S),26,,,,FALSE,FALSE,,190,,,,,,,,,12,,,,,,,,,,,,,,,,,,,,,,,,,,,,,FALSE,,,,FALSE,
191,,,,,1984,12,6,Sarut,Tel Aviv,25,,,S,FALSE,FALSE,,191,,,,,,,,,16,,,,,,,,,,,,,,,,,,,,,,,,,,,,,FALSE,,,,FALSE,
192,,,,,1984,12,6,Sarut,Palmachim,23,,,,FALSE,FALSE,,192,,,,,,,,,8,,,,,,,,,,,,,,,,,,,,,,,,,,,,,FALSE,,,,FALSE,
193,,,,,1984,12,6,Sarut,Natania,,,,,FALSE,FALSE,,193,,,,,,,,,10,,,,,,,,,,,,,,,,,,,,,,,,,,,,,FALSE,,,,FALSE,
194,,,,,1984,12,7,Sarut,Falick,,4,,,FALSE,FALSE,,194,,,,,,,,,16,,,,,,,,,,,,,,,,,,,,,,,,,,,,,FALSE,,,,FALSE,
195,,,,,1984,12,7,Sarut,Riding,,4,,S,FALSE,FALSE,,195,,,,,,,,18 B,0,,,,,,,,,,,,,,,,,,,,,,,,,,,,,FALSE,,,,FALSE,
196,,,,,1984,12,7,Sarut,Palmachim,,4,,,FALSE,FALSE,,196,,,,,,,,,18,,,,,,,,,,,,,,,,,,,,,,,,,,,,,FALSE,,,,FALSE,
197,,,,,1984,12,7,Sarut,Hilton,,,,ga'ash,FALSE,FALSE,,197,,,,,,,,,10,,,,,,,,,,,,,,,,,,,,,,,,,,,,,FALSE,,,,FALSE,
198,,,,,1984,12,7,Sarut,Ga'ash,,,,,FALSE,FALSE,,198,,,,,,,,,5,,,,,,,,,,,,,,,,,,,,,,,,,,,,,FALSE,,,,FALSE,
199,,,,,1984,12,8,Sarut,Jaffa,16,2,,,FALSE,FALSE,,199,,,,,,,,,0,,,,,,,,,,,,,,,,,,,,,,,,,,,,,FALSE,,,,FALSE,
200,,,,,1984,12,8,Sarut,Hertzelia,,2.75,,,FALSE,FALSE,,200,,,,,,,,,0,,,,,,,,,,,,,,,,,,,,,,,,,,,,,FALSE,,,,FALSE,
201,,,,,1984,12,9,Sarut,Gazza,24,,,S,FALSE,FALSE,,201,,,,,,,,,10,,,,,,,,,,,,,,,,,,,,,,,,,,,,,FALSE,,,,FALSE,
202,,,,,1984,12,9,Sarut,Chan Yunes,20,,,,FALSE,FALSE,,202,,,,,,,,,10,,,,,,,,,,,,,,,,,,,,,,,,,,,,,FALSE,,,,FALSE,
203,,,,,1984,12,9,Sarut,Gazza,22,,,N,FALSE,FALSE,,203,,,,,,,,,7,,,,,,,,,,,,,,,,,,,,,,,,,,,,,FALSE,,,,FALSE,
204,,,,,1984,12,10,Sarut,Ashdod(S),48,,,,FALSE,FALSE,,204,,,,,,,,,5,,,,,,,,,,,,,,,,,,,,,,,,,,,,,FALSE,,,,FALSE,
205,,,,,1984,12,10,Sarut,Ashdod(N),48,,,,FALSE,FALSE,,205,,,,,,,,,5,,,,,,,,,,,,,,,,,,,,,,,,,,,,,FALSE,,,,FALSE,
206,,,,,1984,12,10,Sarut,Ashdod(N),48,,,,FALSE,FALSE,,206,,,,,,,,,5,,,,,,,,,,,,,,,,,,,,,,,,,,,,,FALSE,,,,FALSE,
207,,,,,1984,12,10,Sarut,Ashdod(N),20,,,,FALSE,FALSE,,207,,,,,,,,,5,,,,,,,,,,,,,,,,,,,,,,,,,,,,,FALSE,,,,FALSE,
208,,,,,1984,12,11,Sarut,Ashdod(N),42,,,,FALSE,FALSE,,208,,,,,,,,,6,,,,,,,,,,,,,,,,,,,,,,,,,,,,,FALSE,,,,FALSE,
209,,,,,1984,12,11,Sarut,Jaffa,42,,Weak night no fish,S,FALSE,FALSE,,209,,,,,,,,,0,,,,,,,,,,,,,,,,,,,,,,,,,,,,,FALSE,,,,FALSE,
210,8,0,,,1984,12,12,Cna'an,Ashdod(N),42,,,,FALSE,FALSE,,210,,,,,,,,,14,,,,,,,,,,,,,,,,,,,,,,,,,,,,,FALSE,Lots of Sultan B,,,FALSE,
211,,,,,1984,12,12,Cna'an,Ashdod(S),41,,,,FALSE,FALSE,,211,,,,,,,,,12,,,,,,,,,,,,,,,,,,,,,,,,,,,,,FALSE,,,,FALSE,
212,7,30,,,1984,12,15,Tzion,Ashdod(N),16,,,,FALSE,FALSE,,212,,,,,,,,,10,,,,,,,,,,20,,,,,,,,,,,,,,,,,,,FALSE,,,,FALSE,
213,,,,,1984,12,16,Sarut,Ashdod(N),16,,,,FALSE,FALSE,,213,,,,,,,,,10,,,,,,,,,,,,,,,,,,,,,,,,,,,,,FALSE,,,,FALSE,
214,,,,,1984,12,16,Sarut,Jaffa,,2.75,,N,FALSE,FALSE,,214,,,,,,,,,30,,,,,,,,,,,,,,,,,,,,,,,,,,,,,FALSE,,,,FALSE,
215,,,,,1984,12,16,Sarut,Hertzelia,,2.75,,,FALSE,FALSE,,215,,,,,,,,,15,,,,,,,,,,,,,,,,,,,,,,,,,,,,,FALSE,,,,FALSE,
216,,,,,1984,12,16,Sarut,Jaffa,10,,,S,FALSE,FALSE,,216,,,,,,,,,2,,,,,,,,,,,,,,,,,,,,,,,,,,,,,FALSE,,,,FALSE,
217,,,,,1984,12,16,Sarut,Jaffa,10,,,,FALSE,FALSE,,217,,,,,,,,,2,,,,,,,,,,,,,,,,,,,,,,,,,,,,,FALSE,,,,FALSE,
218,,,,,1984,12,17,Sarut,Bat Yam,,3,,N,FALSE,FALSE,,218,,,,,,,,,25,,,,,,,,,,,,,,,,,,,,,,,,,,,,,FALSE,,,,FALSE,
219,,,,,1984,12,17,Sarut,Hertzelia,,3,,,FALSE,FALSE,,219,,,,,,,,,20,,,,,,,,,,,,,,,,,,,,,,,,,,,,,FALSE,,,,FALSE,
220,,,,,1984,12,17,Sarut,Ashdod(N),,,All night,,FALSE,FALSE,,220,,,,,,,,,NA,45 Kg,,,,,,,,,,,,,,,,,,,,,,,,,,,,FALSE,,,,FALSE,
221,11,0,16,50,1984,12,18,Sarut,Ashdod(N),42,,,,FALSE,FALSE,,221,,,,,,,,,40,,,,,,,,,,,,,,,,,,,,,,,,,,,,,FALSE,,,,FALSE,
222,,,,,1984,12,18,Sarut,Ashdod(N),,,,,FALSE,FALSE,,222,,,,,,,,,NA,40 Kg,,,,,,,,,,,,,,,,,,,,,,,,,,,,FALSE,,,,FALSE,
223,,,,,1984,12,20,Sarut,Palmachim,42,,,N,FALSE,FALSE,,223,,,,,,,,,18,,,,,,,,,,,,,,,,,,,,,,,,,,,,,FALSE,,,,FALSE,
224,,,,,1984,12,20,Sarut,Tel Aviv,42,,,S,FALSE,FALSE,,224,,,,,,,,,20,,,,,,,,,,,,,,,,,,,,,,,,,,,,,FALSE,,,,FALSE,
225,,,,,1984,12,21,Sarut,Tel Aviv,42,,,S,FALSE,FALSE,,225,,,,,,,,,25,,,,,,,,,,,,,,,,,,,,,,,,,,,,,FALSE,,,,FALSE,
226,,,,,1984,12,21,Sarut,Ashdod(N),42,,,,FALSE,FALSE,,226,,,,,,,,,16,,,,,,,,,,,,,,,,,,,,,,,,,,,,,FALSE,,,,FALSE,
227,,,,,1984,12,21,Sarut,Riding,,,,netania,FALSE,FALSE,,227,,,,,,,,,NA,30 Kg,,,,,,,,,,,,,,,,,,,,,,,,,,,,FALSE,,,,FALSE,
228,,,,,1984,12,21,Sarut,Ga'ash,,,,netania,FALSE,FALSE,,228,,,,,,,,,NA,30 Kg,,,,,,,,,,,,,,,,,,,,,,,,,,,,FALSE,,,,FALSE,
229,,,,,1984,12,22,Sarut,Ga'ash,42,,No fish mentioned,S,FALSE,FALSE,,229,,,,,,,,,0,,,,,,,,,,,,,,,,,,,,,,,,,,,,,FALSE,,,,FALSE,
230,,,,,1984,12,30,Cna'an,Ashdod(N),,,Night,,FALSE,FALSE,,230,,,,,,,,,NA,15 Kg,,,,,,,,,,,,,,,,,,,,,,,,,,,,FALSE,,,,FALSE,
231,,,,,1984,12,31,Sarut,Palmachim,80,,,N,FALSE,FALSE,,231,,,,,,,,,6,,,,,,,,,,,,,,,,,,,,,,,,,,,,,FALSE,,,,FALSE,
232,,,,,1984,12,31,Sarut,Hertzelia,,2.75,,S,FALSE,FALSE,,232,,,,,,,,,4,,,,,,,,,,,,,,,,,,,,,,,,,,,,,FALSE,,,,FALSE,
233,,,,,1984,12,31,Sarut,Ga'ash,,1.1,All night long,to Hilton,FALSE,FALSE,,233,,,,,,,,,NA,60 Kg,,,,,,,,,,,,,,,,,,,,,,,,,,,,FALSE,,,,FALSE,
234,,,,,1985,1,1,Sarut,Riding,42,,,S,FALSE,FALSE,,234,,,,,,,,,5,,,,,,,,,,,,,,,,,,,,,,,,,,,,,FALSE,,,,FALSE,
235,,,,,1985,1,2,Sarut,Ashdod(S),26,,,,TRUE,FALSE,,235,,,,,,,,,7,,,,,,,,,,,,,,,,,,,,,,,,,,,,,FALSE,,,,FALSE,
236,17,30,,,1985,1,3,Sarut,Ga'ash,,,,to Hilton,FALSE,FALSE,,236,,,,,,,,,18,,,,,,,,,,,,,,,,,,,,,,,,,,,,,FALSE,,,,FALSE,
237,,,,,1985,1,4,Sarut,Tel-Baruch,,4,,S,FALSE,FALSE,,237,,,,,,,,,10,,,,,,,,,,,,,,,,,,,,,,,,,,,,,FALSE,,,,FALSE,
238,19,30,1,0,1985,1,5,Ornu,Banco,,,,,FALSE,FALSE,,238,,,,,,,,,0,,,,,,,,,,,,,,,,,,,,,,,,,,,,,FALSE,,20 + 20 Kg,,FALSE,
239,1,30,6,0,1985,1,5,Ornu,Banco,,,,,FALSE,FALSE,,239,,,,,,,,,10,,,,,,,,,,,,,,,,,,,,,,,,,,,,,FALSE,,,,FALSE,
240,7,0,11,30,1985,1,5,Ornu,Falick,24,,,S,FALSE,FALSE,,240,,,,,,,,,12,,,,,,,,,,,,,,,,,,,,,,,,,,,,,FALSE,,,,FALSE,
241,12,0,16,0,1985,1,5,Ornu,Falick,24,,,S,FALSE,FALSE,,241,,,,,,,,,5,,,,,,,,,,,,,,,,,,,,,,,,,,,,,FALSE,,,,FALSE,
242,,,,,1985,1,6,Ornu,Banco,,,all night,,FALSE,FALSE,,242,,,,,,,,,30,,,,,,,,,,,,,,,,,,,,,,,,,,,,,FALSE,,,,FALSE,
243,,,,,1985,1,6,Ornu,Tel-Baruch,,,,to Bat Yam,FALSE,FALSE,,243,,,,,,,,,12,,,,,,,,,,,,,,,,,,,,,,,,,,,,,FALSE,,,,FALSE,
244,,,,,1985,1,6,Ornu,Bat Yam,,,,N,FALSE,FALSE,,244,,,,,,,,,8,,,,,,,,,,,,,,,,,,,,,,,,,,,,,FALSE,,,,FALSE,
245,18,0,2,0,1985,1,6,Ornu,Banco,,,,,FALSE,FALSE,,245,,,,,,,,,25,,,,,,,,,,,,,,,,,,,,,,,,,,,,,FALSE,,,,FALSE,
246,2,30,6,30,1985,1,7,Ornu,Banco,,,,,FALSE,FALSE,,246,,,,,,,,,7,,,,,,,,,,,,,,,,,,,,,,,,,,,,,FALSE,,,,FALSE,
247,7,0,12,0,1985,1,7,Ornu,Falick,24,,,S,FALSE,FALSE,,247,,,,,,,,,12,,,,,,,,,,,,,,,,,,,,,,,,,,,,,FALSE,not pretty fish,,,FALSE,
248,12,30,16,30,1985,1,7,Ornu,Jaffa,21,2.75,,N,FALSE,FALSE,,248,,,,,,,,,4,,,,,,,,,,,,,,,,,,,,,,,,,,,,,FALSE,,,,FALSE,
249,18,0,24,0,1985,1,7,Ornu,Banco,,,,,FALSE,FALSE,,249,,,,,,,,,25,,,,,,,,,,,,,,,,,,,,,,,,,,,,,FALSE,,,,FALSE,
250,0,30,6,30,1985,1,8,Ornu,Banco,,,,,FALSE,FALSE,,250,,,,,,,,,4,,,,,,,,,,,,,,,,,,,,,,,,,,,,,FALSE,,,,FALSE,
251,8,0,14,0,1985,1,8,Ornu,Falick,80,,,S,FALSE,FALSE,,251,,,,,,,,,12,,,,,,,,,,,,,,,,,,,,,,,,,,,,,FALSE,,,,FALSE,
252,23,30,5,30,1985,1,9,Ornu,Ashdod(N),45,,,,FALSE,FALSE,,252,,,,,,,,,15,,,,,,,,,,,,,,,,,,,,,,,,,,,,,FALSE,,,,FALSE,
253,7,0,12,0,1985,1,9,Ornu,Ashdod(N),45,,,,FALSE,FALSE,,253,,,,,,,,,8,,,,,,,,,,,,,,,,,,,,,,,,,,,,,FALSE,,,,FALSE,
254,12,30,17,0,1985,1,9,Ornu,Michnoret,42,,,to Atlit,FALSE,FALSE,,254,,,,,,,,,12,,,,,,,,,,,,,,,,,,,,,,,,,,,,,FALSE,good looking Sultans,,,FALSE,
255,17,30,24,0,1985,1,9,Ornu,Atlit,42,,,S,FALSE,FALSE,,255,,,,,,,,,8,,,,,,,,,,,,,,,,,,,,,,,,,,,,,FALSE,,,,FALSE,
256,0,30,5,30,1985,1,10,Ornu,Hadera,,,,N,FALSE,FALSE,,256,,,,,,,,,8,,,,,,,,,,,,,,,,,,,,,,,,,,,,,FALSE,,,,FALSE,
257,6,0,11,30,1985,1,10,Ornu,Hadera,,,,S,FALSE,FALSE,,257,,,,,,,,,7,,,,,,,,,,,,,,,,,,,,,,,,,,,,,FALSE,,,,FALSE,
258,12,30,15,30,1985,1,10,Ornu,Hadera,58,,,S,FALSE,FALSE,,258,,,,,,,,,4,,,,,,,,,,,,,,,,,,,,,,,,,,,,,FALSE,,,,FALSE,
259,17,0,22,0,1985,1,10,Ornu,Riding,,,,S,FALSE,FALSE,,259,,,,,,,,,8,,,,,,,,,,,,,,,,,,,,,,,,,,,,,FALSE,,,,FALSE,
260,23,0,4,30,1985,1,11,Ornu,Palmachim,75,,,N,FALSE,FALSE,,260,,,,,,,,,8,,,,,,,,,,,,,,,,,,,,,,,,,,,,,FALSE,,,,FALSE,
261,5,0,10,0,1985,1,11,Ornu,Hertzelia,58,,,N,FALSE,FALSE,,261,,,,,,,,,10,,,,,,,,,,,,,,,,,,,,,,,,,,,,,FALSE,,,,FALSE,
262,12,30,17,0,1985,1,11,Ornu,Hertzelia,58,,,S,FALSE,FALSE,,262,,,,,,,,,7,,,,,,,,,,,,,,,,,,,,,,,,,,,,,FALSE,,,,FALSE,
263,18,30,22,0,1985,1,11,Ornu,Banco,,,,,FALSE,FALSE,,263,,,,,,,,,12,,,,,,,,,,,,,,,,,,,,,,,,,,,,,FALSE,,,,FALSE,
264,23,0,,,1985,1,11,Ornu,Banco,,,,,FALSE,FALSE,,264,,,,,,,,,NA,20 Kg,,,,,,,,,,,,,,,,,,,,,,,,,,,,FALSE,,,,FALSE,
265,,,,,1985,1,12,Ornu,Riding,23,,,to Ashdod,FALSE,FALSE,,265,,,,,,,,,10,,,,,,,,,,,,,,,,,,,,,,,,,,,,,FALSE,,,,FALSE,
266,,,,,1985,1,13,Sarut,Ashdod(N),25,,,,FALSE,FALSE,,266,,,,,,,,,6,,,,,,,,,,,,,,,,,,,,,,,,,,,,,FALSE,,,,FALSE,
267,,,,,1985,1,13,Sarut,Bat Yam,42,,,N,FALSE,FALSE,,267,,,,,,,,,6,,,,,,,,,,,,,,,,,,,,,,,,,,,,,FALSE,,,,FALSE,
268,,,,,1985,1,13,Sarut,Falick,,0.57,,to Hilton,FALSE,FALSE,,268,,,,,,,,,5,,,,,,,,,,,,,,,,,,,,,,,,,,,,,FALSE,,,,FALSE,
269,,,,,1985,1,13,Sarut,Hilton,,1.1,,,FALSE,FALSE,,269,,,,,,,,,NA,50 Kg,,,,,,,,,,,,,,,,,,,,,,,,,,,,FALSE,,,,FALSE,
270,,,,,1985,1,14,Sarut,Falick,,4,,S,FALSE,FALSE,,270,,,,,,,,,7,,,,,,,,,,,,,,,,,,,,,,,,,,,,,FALSE,,,,FALSE,
271,,,,,1985,1,14,Sarut,Ashdod(N),,,,,FALSE,FALSE,,271,,,,,,,,,NA,22 Kg,,,,,,,,,,,,,,,,,,,,,,,,,,,,FALSE,,,,FALSE,
272,,,,,1985,1,14,Sarut,Ashdod(N),,,,,FALSE,FALSE,,272,,,,,,,,,NA,22 Kg,,,,,,,,,,,,,,,,,,,,,,,,,,,,FALSE,,,,FALSE,
273,,,,,1985,1,15,Sarut,Ashdod(S),20,,,,FALSE,FALSE,,273,,,,,,,,,6,,,,,,,,,,,,,,,,,,,,,,,,,,,,,FALSE,,,,FALSE,
274,,,,,1985,1,15,Sarut,Katza,,,,N,FALSE,FALSE,,274,,,,,,,,,0,,,,,,,,,,,,,,,,,,,,,,,,,,,,,FALSE,,,,FALSE,
275,,,,,1985,1,16,Tzion,Jaffa,51,,,N,FALSE,FALSE,Angel,275,,,,,,,,,9,,,,,,,,,,,,,,,,,,,,,,,,,,,,,FALSE,,,,FALSE,
276,,,,,1985,1,16,Tzion,Falick,80,,,S,FALSE,FALSE,,276,,,,,,,,,0,,,,,,,,,,,,,,,,,,,,,,,,,,,,,FALSE,,,,FALSE,
277,,,,,1985,1,16,Tzion,Riding,,1.1,night time,,FALSE,FALSE,,277,,,,,,,,,NA,35 Kg,,,,,,,,,,,,,,,,,,,,,,,,,,,,FALSE,,,,FALSE,
278,,,,,1985,1,17,Tzion,Tel Aviv,51,,,N,FALSE,FALSE,black Tunisian,278,,,,,,,,,7,,,,,,,,,,,,,,,,,,,,,,,,,,,,,FALSE,,,,FALSE,
279,,,,,1985,1,17,Tzion,Jaffa,,,,to Ashdod,FALSE,TRUE,,279,,,,,,,,,NA,20 Kg,,,,,,,,,,,,,,,,,,,,,,,,,,,,FALSE,Gambari,,,FALSE,
280,,,,,1985,1,18,Eli,,,,At port Working on vessel - fixing hercules and nets,,FALSE,FALSE,,280,,,,,,,,,0,,,,,,,,,,,,,,,,,,,,,,,,,,,,,FALSE,,,,FALSE,
281,,,,,1985,1,19,Eli,,,,At port fixing weights and chains,,FALSE,FALSE,,281,,,,,,,,,0,,,,,,,,,,,,,,,,,,,,,,,,,,,,,FALSE,,,,FALSE,
282,5,30,,,1985,1,20,can'an,Ashdod(N),16,,,,FALSE,FALSE,,282,,,,,,,,,15,7 Kg,,,,,,,,,,,,,,,,,,,,,,,,,,,,FALSE,,,,FALSE,
283,,,,,1985,1,20,Cna'an,Ashdod(N),15,,,,FALSE,FALSE,,283,,,,,,,,,15,,,,,,,,,,,,,,,,,,,,,,,,,,,,,FALSE,,,,FALSE,
284,,,,,1985,1,20,Cna'an,Ashdod(N),16,,2 bags of Gambari powder,,FALSE,FALSE,,284,,,,,,,,,8,,,,,,,,,,,,,,,,,,,,,,,,,,,,,FALSE,,,,FALSE,
285,,,,,1985,1,20,can'an,,,,night,,FALSE,FALSE,,285,,,,,,,,,NA,60 Kg,,,,,,,,,,,,,,,,,,,,,,,,,,,,FALSE,,,,FALSE,
286,,,11,0,1985,1,21,Cna'an,Ashdod(S),21,,,,FALSE,TRUE,,286,,,,,,,,,10,,,,,,,,,,,,,,,,,,,,,,,,,,,,,FALSE,,,,FALSE,
287,7,0,11,30,1985,1,22,Cna'an,,,,,,FALSE,FALSE,,287,,,,,,,,,0,,,,,,,,,,,,,,,,,,,,,,,,,,,,,FALSE,,,,FALSE,
288,,,,,1985,1,22,can'an,Ashdod(N),,,night,,FALSE,FALSE,,288,,,,,,,,,NA,45 Kg,,,,,,,,,,,,,,,,,,,,,,,,,,,,FALSE,,,,FALSE,
289,,,,,1985,1,23,Sarut,Palmachim,23,4,,N,FALSE,FALSE,,289,,,,,,,,,13,,,,,,,,,,,,,,,,,,,,,,,,,,,,,FALSE,,,,FALSE,
290,,,,,1985,1,23,Sarut,Tel-Baruch,24,,,N,FALSE,FALSE,,290,,,,,,,,,15,,,,,,,,,,,,,,,,,,,,,,,,,,,,,FALSE,,,,FALSE,
291,,,,,1985,1,23,Sarut,Natania,,,,to Hilton,FALSE,FALSE,,291,,,,,,,,,6,,,,,,,,,,,,,,,,,,,,,,,,,,,,,FALSE,,,,FALSE,
292,,,,,1985,1,23,Sarut,Hilton,,,,Ga'ash and back,FALSE,FALSE,,292,,,,,,,,,3,,,,,,,,,,,,,,,,,,,,,,,,,,,,,FALSE,,,,FALSE,
293,,,,,1985,1,24,Sarut,Riding,,4,,N,FALSE,FALSE,,293,,,,,,,,,0,,,,,,,,,,,,,,,,,,,,,,,,,,,,,FALSE,,,,FALSE,
294,,,,,1985,1,25,Eli,,,,Dry dock,,FALSE,FALSE,,294,,,,,,,,,0,,,,,,,,,,,,,,,,,,,,,,,,,,,,,FALSE,,,,FALSE,
295,,,,,1985,1,26,,,,,Dry dock,,FALSE,FALSE,,295,,,,,,,,,0,,,,,,,,,,,,,,,,,,,,,,,,,,,,,FALSE,,,,FALSE,
296,,,,,1985,1,27,Eli,,,,Dry dock,,FALSE,FALSE,,296,,,,,,,,,0,,,,,,,,,,,,,,,,,,,,,,,,,,,,,FALSE,,,,FALSE,
297,,,,,1985,1,28,Eli,,,,Dry dock,,FALSE,FALSE,,297,,,,,,,,,0,,,,,,,,,,,,,,,,,,,,,,,,,,,,,FALSE,,,,FALSE,
298,16,0,6,0,1985,1,29,Ornu,Banco,,,All night,and Ashdod,FALSE,FALSE,,298,,,,,,,,,NA,50 Kg,,,,,,,,,,,,,,,,,,,,,,,,,,,,FALSE,,,,FALSE,
299,11,0,,,1985,1,30,Ornu,,,,back to harbor due to weather,,TRUE,FALSE,,299,,,,,,,,,0,,,,,,,,,,,,,,,,,,,,,,,,,,,,,FALSE,,,,FALSE,
300,,,,,1985,1,31,Ornu,,,,work at the dock,,FALSE,FALSE,,300,,,,,,,,,0,,,,,,,,,,,,,,,,,,,,,,,,,,,,,FALSE,,,,FALSE,
301,,,,,1985,2,1,Eli,,,,at dock,,FALSE,FALSE,,301,,,,,,,,,0,,,,,,,,,,,,,,,,,,,,,,,,,,,,,FALSE,,,,FALSE,
302,,,,,1985,2,2,Eli,,,,at dock,,FALSE,FALSE,,302,,,,,,,,,0,,,,,,,,,,,,,,,,,,,,,,,,,,,,,FALSE,,,,FALSE,
303,,,,,1985,2,3,Eli,,,,at dock,,TRUE,FALSE,,303,,,,,,,,,0,,,,,,,,,,,,,,,,,,,,,,,,,,,,,FALSE,,,,FALSE,
304,,,,,1985,2,4,Eli,,,,at dock,,TRUE,FALSE,,304,,,,,,,,,0,,,,,,,,,,,,,,,,,,,,,,,,,,,,,FALSE,,,,FALSE,
305,,,,,1985,2,5,can'an,,,,at dock,,TRUE,FALSE,,305,,,,,,,,,0,,,,,,,,,,,,,,,,,,,,,,,,,,,,,FALSE,,,,FALSE,
306,18,15,,,1985,2,6,can'an,Hilton,,,,to Ga'ash,FALSE,FALSE,,306,,,,,,,,,22,,,,,,,,,,,,,,,,,,,,,,,,,,,,,FALSE,,,,FALSE,
307,10,30,,,1985,2,7,can'an,Palmachim,22,,catch is lumped together with the next net,,FALSE,FALSE,,307,,,,,,,,,0,,,,,,,,,,,,,,,,,,,,,,,,,,,,,FALSE,,,,FALSE,
308,,,,,1985,2,7,can'an,Tel-Baruch,16,,,,FALSE,FALSE,,308,,,,,,,,,8,,,,,,,,,,,,,,,,,,,,,,,,,,,,,FALSE,,,,FALSE,
309,,,,,1985,2,7,can'an,Banco,10,,,,FALSE,FALSE,,309,,,,,,,,,12,,,,,,,,,,,,,,,,,,,,,,,,,,,,,FALSE,,,,FALSE,
310,,,,,1985,2,7,can'an,,,1.1,,,FALSE,FALSE,,310,,,,,,,,,NA,25 Kg,,,,,,,,,,,,,,,,,,,,,,,,,,,,FALSE,,,,FALSE,
311,7,15,,,1985,2,8,can'an,Tel Aviv,16,,,to Falick,FALSE,FALSE,,311,,,,,,,,,12,,,,,,,,,,,,,,,,,,,,,,,,,,,,,FALSE,,,,FALSE,
312,,,,,1985,2,8,can'an,Falick,,,Mentions Riding Tel Aviv as Bank,to Riding,FALSE,FALSE,,312,,,,,,,,,40,,,,,,,,,,,,,,,,,,,,,,,,,,,,,FALSE,,,,FALSE,
313,,,,,1985,2,9,can'an,Ga'ash,24,4.1,,to TA,FALSE,FALSE,,313,,,,,,,,,0,,,,,,,,,6,,,,,,,,,,,,6 B,,,,,,,,FALSE,mentioned as 12 crates of makarunim and sultan B,,,FALSE,
314,,,,,1985,2,9,can'an,Tel Aviv,39,,,to Palmachim,FALSE,FALSE,,314,,,,,,,,,10,,,,,,,,,,,,,,,,,,,,,,,,,,,,,FALSE,not pretty fish,,,FALSE,
315,,,,,1985,2,10,can'an,Ashdod(N),,,all night,,FALSE,FALSE,Angel,315,,,,,,,,,NA,25 Kg,,,,,,,,,,,,,,,,,,,,,,,,,,,,FALSE,,,,FALSE,
316,,,,,1985,2,10,can'an,Ashdod(N),26,,,,FALSE,FALSE,,316,,,,,,,,8,0,,,,,,,,,,,,,,,,,,,,,,,,,,,,,FALSE,not pretty,,,FALSE,
317,,,,,1985,2,10,can'an,Tel Aviv,26,,,N,FALSE,FALSE,,317,,,,,,,,6 M+6 L+,0,,,,,,,,,0.1,,,,,,,,,,,,,,,,,,,,FALSE,,,,FALSE,
318,,,,,1985,2,10,can'an,Ga'ash,,,,to Riding,FALSE,FALSE,,318,,,,,,,,,12,,,,,,,,,,,,,,,,,,,,,,,,,,,,,FALSE,,,,FALSE,
319,6,0,21,0,1985,2,11,can'an,,13,,Tunisian - new,,FALSE,FALSE,,319,,,,,,,,,NA,50 Kg,,,,,,,,,,,,,,,,,,,,,,,,,,,,FALSE,,,,FALSE,
320,13,30,8,30,1985,2,11,can'an,Polyvalenti,80,,,,FALSE,FALSE,,320,,3 B,,,,,,,11.5,,,,,,,,,,,,,,,,,,,,,,2.5,,,,,,0.1,FALSE,,,,FALSE,
321,18,30,,,1985,2,11,can'an,Jaffa,,,,,FALSE,FALSE,,321,,,,,,,,,NA,22 Kg,,,,,,,,,,,,,,,,,,,,,,,,,,,,FALSE,,,,FALSE,
322,0,0,6,0,1985,2,12,can'an,Banco,13,,Polyvalenti,,FALSE,FALSE,,322,,,,,,,,,NA,24 Kg,,,,,,,,,,,,,,,,,,,,,,,,,,,,FALSE,,,,FALSE,
323,,,,,1985,2,12,can'an,Riding,27,,,N,FALSE,FALSE,,323,,,,,,,,,0,,,,,,,,,,,,,,,,,,,,,,,,,,,,,FALSE,,,,FALSE,
324,,,,,1985,2,12,can'an,Riding,80,,fish (sultans) appeared at Netania N 42F,S,FALSE,FALSE,,324,,0.1,,,,,,,12,,,,,0.1,,,,,,,,,,,,,,,,0.1,,,,,,,0.1,FALSE,,,,FALSE,
325,22,0,2,0,1985,2,13,Ornu,Ashdod(N),,,,to Bat Yam,FALSE,FALSE,,325,,,,,,,,,NA,30 Kg,,,,,,,,,,,,,,,,,,,,,,,,,,,,FALSE,,,,FALSE,
326,3,0,6,0,1985,2,13,Ornu,Banco,,,,N,FALSE,FALSE,,326,,,,,,,,,NA,10 Kg,,,,,,,,,,,,,,,,,,,,,,,,,,,,FALSE,,,,FALSE,
327,8,0,12,0,1985,2,13,Ornu,Falick,42,,,N,FALSE,FALSE,,327,,,,,,,,,8,,,,,,,,,,,,,,,,,,,,,,,,,,,,,FALSE,,,,FALSE,
328,13,15,16,0,1985,2,13,Ornu,Hadera,22,,,S,FALSE,FALSE,,328,,,,,,,,,8,,,,,,,,,,,,,,,,,,,,,,,,,,,,,FALSE,,,,FALSE,
329,17,0,23,0,1985,2,13,Ornu,Natania,,,,to Bancu,FALSE,FALSE,,329,,,,,,,,,10,,,,,,,,,,,,,,,,,,,,,,,,,,,,,FALSE,,,,FALSE,
330,7,0,11,0,1985,2,14,Ornu,Palmachim,25,,,S,FALSE,FALSE,,330,,,,,,,,,10,,,,,,,,,,,,,,,,,,,,,,,,,,,,,FALSE,,,,FALSE,
331,12,30,14,30,1985,2,14,Ornu,AshKelon,18,2.2,,N,FALSE,TRUE,,331,,,,,,,,,4,,,,,,,,,,,,,,,,,,,,,,,,,,,,,FALSE,,,,FALSE,
332,,,,,1985,2,15,Ornu,,,,,,TRUE,FALSE,,332,,,,,,,,,0,,,,,,,,,,,,,,,,,,,,,,,,,,,,,FALSE,,,,FALSE,
333,,,,,1985,2,16,Ornu,,,,,,TRUE,FALSE,,333,,,,,,,,,0,,,,,,,,,,,,,,,,,,,,,,,,,,,,,FALSE,,,,FALSE,
334,,,,,1985,2,17,Ornu,,,,,,TRUE,FALSE,,334,,,,,,,,,0,,,,,,,,,,,,,,,,,,,,,,,,,,,,,FALSE,,,,FALSE,
335,7,0,10,0,1985,2,18,Ornu,Ashdod(N),16,,,up to Jaffa,FALSE,FALSE,,335,,,,,,,,,25,,,,,,,,,,,,,,,,,,,,,,,,,,,,,FALSE,,,,FALSE,
336,11,0,15,0,1985,2,18,Ornu,Jaffa,22,,,N up to Falik,FALSE,FALSE,,336,,,,,,,,,25,,,,,,,,,,,,,,,,,,,,,,,,,,,,,FALSE,,,,FALSE,
337,15,30,21,0,1985,2,18,Ornu,Falick,16,,,to Riding,FALSE,FALSE,,337,,,,,,,,,18,,,,,,,,,,,,,,,,,,,,,,,,,,,,,FALSE,,,,FALSE,
338,22,0,6,30,1985,2,18,Ornu,Ashdod(N),,,,to Jaffa back and forth,FALSE,FALSE,,338,,,,,,,,,8,,,,,,,,,,,,,,,,,,,,,,,,,,,,,FALSE,,,,FALSE,
339,7,0,10,30,1985,2,19,Ornu,Palmachim,16,,,S to Ashdod and back,FALSE,FALSE,,339,,,,,,,,,11,,,,,,,,,,,,,,,,,,,,,,,,,,,,,FALSE,,,,FALSE,
340,11,0,13,0,1985,2,19,Ornu,Palmachim,18,,,to Ashdod,FALSE,FALSE,,340,,,,,,,,,10,,,,,,,,,,,,,,,,,,,,,,,,,,,,,FALSE,,,,FALSE,
341,,,,,1985,2,20,Sarut,Ashdod(S),27,,,,FALSE,FALSE,,341,,,,,,,,,5,,,,,,,,,,,,,,,,,,,,,,,,,,,,,FALSE,,,,FALSE,
342,,,,,1985,2,20,Sarut,AshKelon,17,,,N,FALSE,FALSE,,342,,,,,,,,,30,,,,,,,,,,,,,,,,,,,,,,,,,,,,,FALSE,,,,FALSE,
343,,,,,1985,2,20,Sarut,Ashdod(N),15,,storm began after last haul,to Jaffa,TRUE,FALSE,,343,,,,,,,,,15,,,,,,,,,,,,,,,,,,,,,,,,,,,,,FALSE,,,,FALSE,
344,,,,,1985,2,21,Sarut,,,,offloading 50,,FALSE,FALSE,,344,,,,,,,,,0,,,,,,,,,,,,,,,,,,,,,,,,,,,,,FALSE,,,,FALSE,
345,1,0,5,0,1985,2,22,Sarut,Ashdod(S),11,,,,FALSE,FALSE,,345,,,,,,,,,10,,,,,,,,,,,,,,,,,,,,,,,,,,,,,FALSE,,,,FALSE,
346,6,45,10,0,1985,2,22,Sarut,AshKelon,17,,,N,FALSE,FALSE,,346,,,,,,,,,25,,,,,,,,,,,,,,,,,,,,,,,,,,,,,FALSE,,,,FALSE,
347,11,0,15,0,1985,2,22,Sarut,Riding,,1,,,FALSE,FALSE,,347,,,,,,,,,50,,,,,,,,,,,,,,,,,,,,,,,,,,,,,FALSE,,,,FALSE,
348,,,,,1985,2,22,Sarut,Jaffa,10,,,S,FALSE,FALSE,,348,,,,,,,,,5,,,,,,,,,,,,,,,,,,,,,,,,,,,,,FALSE,,,,FALSE,
349,17,0,,,1985,2,23,Sarut,Banco,,,,until Netania,FALSE,FALSE,,349,,,,,,,,,10,,,,,,,,,,,,,,,,,,,,,,,,,,,,,FALSE,,,,FALSE,
350,,,,,1985,2,23,Sarut,Natania,,,,S,FALSE,FALSE,,350,,,,,,,,,8,,,,,,,,,,,,,,,,,,,,,,,,,,,,,FALSE,,,,FALSE,
351,,,7,0,1985,2,24,Sarut,Jaffa,24,,"Vessel stopped, propelor got caught in a standing net",S,FALSE,FALSE,,351,,,,,,,,,10,,,,,,,,,,,,,,,,,,,,,,,,,,,,,FALSE,,,,FALSE,
352,,,,,1985,2,25,Sarut,,,,at dock,,FALSE,FALSE,,352,,,,,,,,,0,,,,,,,,,,,,,,,,,,,,,,,,,,,,,FALSE,,,,FALSE,
353,,,,,1985,2,26,Sarut,,,,at dock,,FALSE,FALSE,,353,,,,,,,,,0,,,,,,,,,,,,,,,,,,,,,,,,,,,,,FALSE,,,,FALSE,
354,16,30,,,1985,2,27,can'an,Ashdod(S),,,,,FALSE,FALSE,,354,,,,,,,,,25,,,,,,,,,,,,,,,,,,,,,,,,,,,,,FALSE,"""hardly any Gambari""",,,FALSE,
355,,,,,1985,2,27,can'an,Ashdod(S),,,,,FALSE,FALSE,,355,,,,,,,,3 +12 B+,0,,,,,,,,,,,,,,,,,,,,,,,,,,,,,FALSE,,,,FALSE,
356,,,,,1985,2,27,can'an,Ashdod(N),,,,,FALSE,FALSE,,356,,,,,,,,12,0,6 Kg,,,,,,,,,,,,,,,,,,,,,,,,,,,,FALSE,,,,FALSE,
357,,,,,1985,2,28,can'an,Bat Yam,16,,,to Ashdod,FALSE,FALSE,,357,,,,,,,,12,0,,,,,,,,,,,,,,,,,,,,,,,,,,,,,FALSE,,,,FALSE,
358,,,,,1985,2,28,can'an,Palmachim,22,,,N,FALSE,FALSE,,358,,,,,,,,10,0,,,,,,,,,,,,,,,,,,,,,,,,,,,,,FALSE,,,,FALSE,
359,,,,,1985,2,28,can'an,Riding,,,,N to Falik,FALSE,FALSE,,359,,,,,,,,12,0,,,,,,,,,,,,,,,,,,,,,,,,,,,,,FALSE,,,,FALSE,
360,,,,,1985,2,28,can'an,Banco,,1.1,,,FALSE,FALSE,,360,,,,,,,,5,0,8 Kg,,,,,,,,,,,,,,,,,,,,,,,,,,,,FALSE,,,,FALSE,
361,,,,,1985,3,1,can'an,Ga'ash,15,,,s,FALSE,FALSE,,361,,,,,,,,11,0,,,,,,,,,,,,,,,,,,,,,,,,,,,,,FALSE,diary read: fish 8-15 (crates) in the net,,,FALSE,
362,,,,,1985,3,1,,,,,night,,FALSE,TRUE,,362,,,,,,,,7,NA,20 Kg,,,,,,,,,,,,,,,,,,,,,,,,,,,,FALSE,,,,FALSE,
363,,,,,1985,3,2,can'an,Katza,16,,,S,FALSE,FALSE,,363,,,,,,,,,22,,,,,,,,,,,,,,,,,,,,,,,,,,,,,FALSE,,,,FALSE,
364,,,,,1985,3,2,can'an,Ashdod(S),12,,,,FALSE,FALSE,,364,,,,,,,,,18,,,,,,,,,,,,,,,,,,,,,,,,,,,,,FALSE,,,,FALSE,
365,,,,,1985,3,3,can'an,,,,"Vessel lost part of the net gear in the water
returned to dock",,FALSE,FALSE,,365,,,,,,,,,0,,,,,,,,,,,,,,,,,,,,,,,,,,,,,FALSE,,,,FALSE,
366,,,,,1985,3,4,can'an,Bat Yam,,4,,N,FALSE,FALSE,,366,,,,,,,,,28,,,,,,,,,,,,,,,,,,,,,,,,,,,,,FALSE,,,,FALSE,
367,,,,,1985,3,4,can'an,,,,,,FALSE,FALSE,,367,,,,,,,,,15,,,,,,,,,,,,,,,,,,,,,,,,,,,,,FALSE,,,,FALSE,
368,,,,,1985,3,4,,Banco,,,"night
log tore the net",,FALSE,FALSE,,368,,,,,,,,,12,18 Kg,,,,,,,,,,,,,,,,,,,,,,,,,,,,FALSE,,,,FALSE,
369,,,,,1985,3,5,can'an,Bat Yam,,4,,N,FALSE,FALSE,,369,,,,,,,,,8,,,,,,,,,,,,,,,,,,,,,,,,,,,,,FALSE,,,,FALSE,
370,,,,,1985,3,5,can'an,Bat Yam,,,,,FALSE,FALSE,,370,,,,,,,,,8,,,,,,,,,,,,,,,,,,,,,,,,,,,,,FALSE,,,,FALSE,
371,8,0,14,0,1985,3,6,Ornu,Ashdod(S),25,,,,FALSE,FALSE,,371,,,,,,,,,20,,,,,,,,,,,,,,,,,,,,,,,,,,,,,FALSE,,,,FALSE,
372,15,0,18,30,1985,3,6,Ornu,Ashdod(S),,,stromg North-Western winds,,FALSE,FALSE,,372,,,,,,,,,10,,,,,,,,,,,,,,,,,,,,,,,,,,,,,FALSE,,,,FALSE,
373,6,30,10,30,1985,3,7,Ornu,Ashdod(N),42,,,,FALSE,FALSE,,373,,,,,,,,,10,,,,,,,,,,,,,,,,,,,,,,,,,,,,,FALSE,,,,FALSE,
374,11,30,15,30,1985,3,7,Ornu,Ashdod(N),42,,,,FALSE,FALSE,,374,,,,,,,,,4,,,,,,,,,,,,,,,,,,,,,,,,,,,,,FALSE,,,,FALSE,
375,18,0,23,30,1985,3,7,Ornu,Banco,,,,,FALSE,FALSE,,375,,,,,,,,,60,,,,,,,,,,,,,,,,,,0.1 L,,,,,,,,,,,FALSE,,,,FALSE,
376,0,0,6,0,1985,3,8,Ornu,Banco,,,,,FALSE,FALSE,,376,,,,,,,,,NA,10 Kg,,,,,,,,,,,,,,,,,,,,,,,,,,,,FALSE,,,,FALSE,
377,7,0,11,0,1985,3,8,Ornu,Falick,,4,,S,FALSE,FALSE,,377,,,,,,,,,8,,,,,,,,,,,,,,,,,,,,,,,,,,,,,FALSE,,,,FALSE,
378,12,30,16,30,1985,3,8,Ornu,Riding,42,,,N,FALSE,FALSE,,378,,,,,,,,,10,,,,,,,,,,,,,,,,,,,,,,,,,,,,,FALSE,,,,FALSE,
379,18,0,0,0,1985,3,8,Ornu,Banco,,,back and forth,,FALSE,FALSE,,379,,,,,,,,,21,,,,,,,,,,,,,,,,,,,,,,,,,,,,,FALSE,,,,FALSE,
380,0,0,6,0,1985,3,9,Ornu,Banco,,,,,FALSE,FALSE,,380,,,,,,,,,NA,10 Kg,,,,,,,,,,,,,,,,,,,,,,,,,,,,FALSE,,,,FALSE,
381,7,30,12,0,1985,3,9,Ornu,Jaffa,42,,,S,FALSE,FALSE,,381,,,,,,,,,12,,,,,,,,,,,,,,,,,,,,,,,,,,,,,FALSE,,,,FALSE,
382,13,15,14,45,1985,3,9,Ornu,Ashdod,16,,,pipe,FALSE,FALSE,,382,,,,,,,,,2,,,,,,,,,,,,,,,,,,,,,,,,,,,,,FALSE,,,,FALSE,
383,,,,,1985,3,10,Ornu,Ashdod(S),,,back and forth,,FALSE,FALSE,,383,,,,,,,,,NA,10 Kg,,,,,,,,,,,,,,,,,,,,,,,,,,,,FALSE,,,,FALSE,
384,6,30,10,30,1985,3,10,Ornu,Ashdod(N),45,,,to Jaffa,FALSE,FALSE,,384,,,,,,,,,25,,,,,,,,,,,,,,,,,,,,,,,,,,,,,FALSE,,,,FALSE,
385,11,0,16,0,1985,3,10,Ornu,Jaffa,45,,,N,FALSE,FALSE,,385,,,,,,,,,12,,,,,,,,,,,,,,,,,,,,,,,,,,,,,FALSE,,,,FALSE,
386,17,30,0,0,1985,3,10,Ornu,Falick,,,,S and back,FALSE,FALSE,,386,,,,,,,,,8,,,,,,,,,,,,,,,,,,,,,,,,,,,,,FALSE,,,,FALSE,
387,1,0,6,0,1984,3,11,Ornu,Falick,42,,,S,FALSE,FALSE,,387,,,,,,,,,12,,,,,,,,,,,,,,,,,,,,,,,,,,,,,FALSE,,,,FALSE,
388,7,0,11,0,1985,3,11,Ornu,Tel Aviv,45,,,S,FALSE,FALSE,,388,,,,,,,,,20,,,,,,,,,,,,,,,,,,,,,,,,,,,,,FALSE,,,,FALSE,
389,12,30,19,0,1985,3,11,Ornu,Palmachim,80,,,N,FALSE,FALSE,,389,,,,,,,,,13,,,,,,,,,,,,,,,,,,,,,,,,,,,,,FALSE,,,,FALSE,
390,20,0,1,30,1985,3,11,Ornu,Hertzelia,80,,,S,FALSE,FALSE,,390,,,,,,,,,14,,,,,,,,,,,,,,,,,,,,,,,,,,,,,FALSE,,,,FALSE,
391,2,30,8,0,1985,3,12,Ornu,Palmachim,80,,,N,FALSE,FALSE,,391,,,,,,,,,17,,,,,,,,,,,,,,,,,,,,,,,,,,,,,FALSE,,,,FALSE,
392,9,0,,,1985,3,12,Ornu,Hertzelia,80,,,S,FALSE,FALSE,,392,,,,,,,,,0,,,,,,,,,,,,,,,,,,,,,,,,,,,,,FALSE,,,,FALSE,
393,,,,,1985,3,12,0,,80,,"night
weak fishing",,FALSE,FALSE,,393,,,,,,,,,0,,,,,,,,,,,,,,,,,,,,,,,,,,,,,FALSE,,,,FALSE,
394,,,,,1985,3,13,Bentzi,,80,,weak,,FALSE,FALSE,,394,,,,,,,,,0,,,,,,,,,,,,,,,,,,,,,,,,,,,,,FALSE,,,,FALSE,
395,,,,,1985,3,13,Bentzi,,40,,,,FALSE,FALSE,,395,,,,,,,,,0,,,,,,,,,,,,,,,0.1,,,,,,,,,,,,,,FALSE,no mention of quantity,,,FALSE,
396,,,,,1985,3,13,Bentzi,Banco,12,,night,,FALSE,FALSE,,396,,,,,,,,,0,15 Kg,,,,,,,,,,,,,,,,,,,,,,,,,,,,FALSE,,,,FALSE,
397,,,,,1985,3,14,Bentzi,,28,,,,FALSE,FALSE,,397,,,,,,,,,0,,0.1,,,,,,,0.1,,,,,,,,,,,,,,,,,,,,FALSE,,0.1,,FALSE,
398,,,,,1985,3,14,Bentzi,Banco,10,,,,FALSE,FALSE,,398,,,,,,,,,0,,,,,,,,,,,,,,,,,,22,,,,,,,,,,,FALSE,,,,FALSE,
399,,,,,1985,3,15,can'an,,28,,,,FALSE,FALSE,,399,,,,,,,,,0,,,,,,,,,15,,,,,,,,,,,,,,,,,,,,FALSE,,,,FALSE,
400,,,,,1985,3,15,can'an,Banco,,,night,,FALSE,FALSE,,400,,,,,,,,,20,,,,,,,,,,,,,,,,,,,,,,,,,,,,,FALSE,,,,FALSE,
401,,,,,1985,3,15,can'an,Banco,12,,,,FALSE,FALSE,,401,,,,,,,,,0,10 Kg,,,,,,,,,,,,,,,,,,,,,,,,,,,,FALSE,,,,FALSE,
402,,,,,1985,3,16,can'an,Falick,28,,,to TA,FALSE,FALSE,,402,,,,,,,,,15,,,,,,,,,,,,,,,,,,,,,,,,,,,,,FALSE,,,,FALSE,
403,6,30,10,30,1985,3,17,Ornu,Ashdod(N),26,,,,FALSE,FALSE,,403,,,,,,,,,10,,,,,,,,,,,,,,,,,,,,,,,,,,,,,FALSE,,,,FALSE,
404,11,0,15,30,1985,3,17,Ornu,Ashdod(N),23,,,,FALSE,FALSE,,404,,,,,,,,,7,,,,,,,,,,,,,,,,,,,,,,,,,,,,,FALSE,,,,FALSE,
405,17,30,21,0,1985,3,17,Ornu,Banco,,,trip to 80F,to Falik,FALSE,FALSE,,405,,,,,,,,,3,,,,,,,,,,,,,,,,,,,,,,,,,,,,,FALSE,,,,FALSE,
406,6,0,10,30,1985,3,18,Ornu,Falick,80,,,S,FALSE,FALSE,,406,,,,,,,,,14,,,,,,,,,,,,,,,,,,,,,,,,,,,,,FALSE,,,,FALSE,
407,7,0,12,0,1985,3,18,Ornu,Falick,80,,,S,FALSE,FALSE,,407,,,,,,,,,14,,,,,,,,,,,,,,,,,,,,,,,,,,,,,FALSE,,,,FALSE,
408,13,0,17,0,1985,3,18,Ornu,Hadera,80,,,S,FALSE,FALSE,,408,,,,,,,,,5,,,,,,,,,,,,,,,,,,,,,,,,,,,,,FALSE,,,,FALSE,
409,,,,,1985,3,18,Ornu,,80,,,All night on the 80 (F),FALSE,FALSE,,409,,,,,,,,,5,,,,,,,,,,,,,,,,,,,,,,,,,,,,,FALSE,,,,FALSE,
410,,,,,1985,3,19,Ornu,,40,,weak,,FALSE,FALSE,,410,,,,,,,,,0,,,,,,,,,,,,,,,,,,,,,,,,,,,,,FALSE,,,,FALSE,
411,,,,,1985,3,19,Ornu,Riding,25,,offload and over night at dock,to Ashdod,FALSE,TRUE,,411,,,,,,,,,8,,,,,,,,,,,,,,,,,,,,,,,,,,,,,FALSE,,1 Ind,,FALSE,
412,5,30,6,0,1985,3,20,Ornu,Ashdod(N),,,,,FALSE,TRUE,,412,,,,,,,,,NA,22 Kg,,,,,,,,,,,,,,,,,,,,,,,,,,,,FALSE,,,,FALSE,
413,7,0,11,0,1985,3,21,Ornu,Palmachim,40,,weak,N,FALSE,FALSE,,413,,,,,,,,,5,,,,,,,,,,,,,,,,,,,,,,,,,,,,,FALSE,,,,FALSE,
414,12,30,15,30,1985,3,21,Ornu,Palmachim,80,,,S,FALSE,FALSE,,414,,,,,,,,6 L,0,,,,,,,,,,,,,,,,,,,,,,,,,,,,,FALSE,nice fish,,,FALSE,
415,17,30,0,0,1985,3,21,Ornu,Banco,,,,,FALSE,FALSE,,415,,,,,,,,,22,,,,,,,,,,,,,,,,,,,,,,,,,,,,,FALSE,,,,FALSE,
416,1,0,7,0,1985,3,22,Ornu,Hertzelia,80,,,S,FALSE,FALSE,,416,,,,,,,,,6,,,,,,,,,,,,,,,,,,,,,,,,,,,,,FALSE,,,,FALSE,
417,8,0,13,0,1985,3,22,Ornu,Hertzelia,80,,,N,FALSE,TRUE,,417,,,,,,,,,5,,,,,,,,,,,,,,,,,,,,,,,,,,,,,FALSE,,,,FALSE,
418,17,0,21,0,1985,3,22,Ornu,Banco,,,,,FALSE,FALSE,,418,,,,,,,,25,NA,8 Kg,,,,,,,,,,,,,,,,,,,,,,,,,,,,FALSE,,,,FALSE,
419,,,,,1985,3,22,Ornu,Ashdod(N),,,,remainder of the night,FALSE,FALSE,,419,,,,,,,,,NA,18 Kg,,,,,,,,,,,,,,,,,,,,,,,,,,,,FALSE,,,,FALSE,
420,7,0,11,0,1985,3,23,Ornu,Palmachim,26,,,S,FALSE,FALSE,,420,,,,,,,,15,0,,,,,,,,,,,,,,,,,,,,,,,,,,,,,FALSE,not pretty fish,,,FALSE,
421,11,30,,,1985,3,23,Ornu,Palmachim,26,,,S,FALSE,FALSE,,421,,,,,,,,,15,,,,,,,,,,,,,,,,,,,,,,,,,,,,,FALSE,,,,FALSE,
422,,,,,1985,3,24,can'an,Ashdod(N),,,night,,FALSE,FALSE,,422,,,,,,,,,0,25 Kg,,,,,,,,,,,,,,,,,,,,,,,,,,,,FALSE,,,,FALSE,
423,,,,,1985,3,25,can'an,,23,,weak,,FALSE,FALSE,,423,,,,,,,,0.1,8,,,,,,,,,,,,,,,,,,,,,,,,,,,,,FALSE,,0.1,,FALSE,
424,,,,,1985,3,25,can'an,Banco,,,night,,FALSE,FALSE,,424,,,,,,,,0.1,0,,,,,,,,,,,,,,,,,,,,,,,,,,,,,FALSE,,,,FALSE,
425,,,,,1985,3,26,can'an,,,,fishing very weak in all depths,,FALSE,FALSE,,425,,,,,,,,,0,,,,,,,,,,,,,,,,,,,,,,,,,,,,,FALSE,,,,FALSE,
426,,,,,1985,3,27,can'an,,,,fishing very weak in all depths,,FALSE,FALSE,,426,,,,,,,,,0,,,,,,,,,,,,,,,,,,,,,,,,,,,,,FALSE,,,,FALSE,
427,,,,,1985,3,28,can'an,Ashdod(N),,,"all night fishing
very rough sea
whole in the bag",,FALSE,TRUE,,427,,,,,,,,,NA,5 Kg,,,,,,,,,,,,,,,,,,,,,,,,,,,,FALSE,,,,FALSE,
428,,,,,1985,3,29,can'an,Ashdod,27,,,N and S,FALSE,FALSE,,428,,,,,,,,,7,,,,,,,,,,,,,,,,,,,,,,,,,,,,,FALSE,,,,FALSE,
429,17,30,,,1985,3,29,can'an,Banco,10,,,to Hertzelia,FALSE,FALSE,,429,,,,,,,,,22,5 Kg,,,,,,,,,,,,,,,,,,,,,,,,,,,,FALSE,,,,FALSE,
430,,,,,1985,3,29,can'an,Hertzelia,,,2nd half of the night weak no catch,to Banco,FALSE,FALSE,,430,,,,,,,,,0,,,,,,,,,,,,,,,,,,,,,,,,,,,,,FALSE,,,,FALSE,
431,,,,,1985,3,30,can'an,Hertzelia,80,,dragging for 7 hrs.,to Palmachim,FALSE,FALSE,,431,,,,,,,,,25,,,,,,,,,,,,,,,,,,,,,,,,,,,,,FALSE,,,,FALSE,
432,,,,,1985,3,31,Ornu,Ashdod(N),,,all night,,FALSE,FALSE,,432,,,,,,,,,NA,8 Kg,,,,,,,,,,,,,,,,,,,,,,,,,,,,FALSE,,,,FALSE,
433,6,0,,,1985,3,31,Ornu,Palmachim,80,,"tore the net, whole in the bag, aborted fishing",N,FALSE,FALSE,,433,,,,,,,,,0,,,,,,,,,,,,,,,,,,,,,,,,,,,,,FALSE,,,,FALSE,
434,11,0,16,0,1985,3,31,Ornu,Palmachim,80,,,N,FALSE,FALSE,,434,,,,,,,,,15,,,,,,,,,,,,,,,,,,,,,,,,,,,,,FALSE,,,,FALSE,
435,17,30,21,0,1985,3,31,Ornu,Banco,,,,Falik to Riding,FALSE,FALSE,,435,,,,,,,,8,NA,8 Kg,,,,,,,,,,,,,,,,,,,,,,,,,,,,FALSE,,,,FALSE,
436,22,0,6,0,1985,3,31,Ornu,Ashdod(N),,,Net tore,,FALSE,FALSE,,436,,,,,,,,,0,,,,,,,,,,,,,,,,,,,,,,,,,,,,,FALSE,,,,FALSE,
437,,,,,1985,4,1,Ornu,Palmachim,22,,dragging for 2 hrs.,N,FALSE,FALSE,,437,,,,,,,,,4,,,,,,,,,,,,,,,,,,,,,,,,,,,,,FALSE,,,,FALSE,
438,,,,,1985,4,1,Ornu,Banco,,,very weak,back and forth,FALSE,FALSE,,438,,,,,,,,,NA,10 Kg,,,,,,,,,,,,,,,,,,,,,,,,,,,,FALSE,,,,FALSE,
439,4,0,10,0,1985,4,2,Ornu,Hertzelia,80,,,S,FALSE,TRUE,,439,,,,,,,,,20,,,,,,,,,,,,,,,,,,,,,,,,,,,,,FALSE,,,,FALSE,
440,11,0,15,0,1985,4,2,Ornu,Hertzelia,40,,very rough sea,S,FALSE,TRUE,,440,,,,,,,,,5,,,,,,,,,,,,,,,,,,,,,,,,,,,,,FALSE,,,,FALSE,
441,21,0,2,0,1985,4,2,Ornu,Ashdod(S),,,,back and forth,FALSE,FALSE,,441,,,,,,,,,NA,10 Kg,,,,,,,,,,,,,,,,,,,,,,,,,,,,FALSE,,,,FALSE,
442,,,,,1985,4,3,Ornu,,,,work at dock,,FALSE,FALSE,,442,,,,,,,,,0,,,,,,,,,,,,,,,,,,,,,,,,,,,,,FALSE,,,,FALSE,
443,,,,,1985,4,4,,,,,at dock,,FALSE,FALSE,,443,,,,,,,,,0,,,,,,,,,,,,,,,,,,,,,,,,,,,,,FALSE,,,,FALSE,
444,,,,,1985,4,5,,,,,at dock,,FALSE,FALSE,,444,,,,,,,,,0,,,,,,,,,,,,,,,,,,,,,,,,,,,,,FALSE,,,,FALSE,
445,,,,,1985,4,6,,,,,at dock,,FALSE,FALSE,,445,,,,,,,,,0,,,,,,,,,,,,,,,,,,,,,,,,,,,,,FALSE,,,,FALSE,
446,16,30,0,30,1985,4,7,Ornu,Ashdod(N),,,,,FALSE,FALSE,,446,,,,,,,,3,NA,10 Kg,,,,,,,,,,,,,,,,,,,,,,,,,,,,FALSE,,,,FALSE,
447,2,0,8,0,1985,4,8,Ornu,Palmachim,80,,,N,FALSE,FALSE,,447,,,,,,,,,15,,,,,,,,,,,,,,,,,,,,,,,,,,,,,FALSE,,,,FALSE,
448,9,0,14,0,1985,4,8,Ornu,Palmachim,80,,,N,FALSE,FALSE,,448,,,,,,,,,8,,,,,,,,,,,,,,,,,,,,,,,,,,,,,FALSE,,,,FALSE,
449,15,45,20,15,1985,4,8,Ornu,Jaffa,,,,N on banco to Falik,FALSE,FALSE,,449,,,,,,,,25,0,,,,,,,,,,,,,,,,,,,,,,,,,,,,,FALSE,pretty fish,,,FALSE,
450,20,0,1,0,1985,4,8,Ornu,Banco,,,,to Falik N,FALSE,FALSE,,450,,,,,,,,2 +6 B,NA,110 Kg,,,,,,,,,,,,,,,,,,,,,,,,,,,,FALSE,,,,FALSE,
451,3,0,9,0,1985,4,9,Ornu,Hertzelia,80,,,S,FALSE,FALSE,,451,,,,,,,,,10,,,,,,,,,,,,,,,,,,,,,,,,,,,,,FALSE,,,,FALSE,
452,,,,,1985,4,10,Ornu,,,,at dock,,FALSE,FALSE,,452,,,,,,,,,0,,,,,,,,,,,,,,,,,,,,,,,,,,,,,FALSE,,,,FALSE,
453,,,,,1985,4,14,Sarut,Palmachim,80,,,N,FALSE,FALSE,,453,,,,,,,,,10,,,,,,,,,,,,,,,,,,,,,,,,,,,,,FALSE,,,,FALSE,
454,,,,,1985,4,14,Sarut,Hertzelia,40,,,,FALSE,FALSE,,454,,,,,,,,,5,,,,,,,,,,,,,,,,,,,,,,,,,,,,,FALSE,,,,FALSE,
455,,,,,1985,4,14,Sarut,Jaffa,,,,steps S to banc,FALSE,FALSE,,455,,,,,,,,,4,,,,,,,,,,,,,,,,,,,,,,,,,,,,,FALSE,,,,FALSE,
456,,,,,1985,4,14,Sarut,Ashdod(N),,,night,,FALSE,FALSE,,456,,,,,,,,,5,,,,,,,,,,,,,,,,,,,,,,,,,,,,,FALSE,,,,FALSE,
457,,,,,1985,4,15,Sarut,Palmachim,80,,,N,FALSE,FALSE,,457,,,,,,,,,8,,,,,,,,,,,,,,,,,,,,,,,,,,,,,FALSE,,,,FALSE,
458,,,,,1985,4,15,Sarut,Riding,26,,,S,FALSE,FALSE,,458,,,,,,,,,8,,,,,,,,,,,,,,,,,,,,,,,,,,,,,FALSE,,,,FALSE,
459,,,,,1985,4,15,Sarut,Ashdod(S),105,,dragging at night for 8 hrs.,,FALSE,FALSE,,459,,,,,,,,,15,,,,,,,,,,,,,,,,,,,,,,,,,,,,,FALSE,,,,FALSE,
460,,,,,1985,4,16,Sarut,Chan Yunes,105,,,N,FALSE,FALSE,,460,,,,,,,,,16,,,,,,,,,,,,,,,,,,,,,,,,,,,,,FALSE,,,,FALSE,
461,,,,,1985,4,16,Sarut,AshKelon,105,,"offload:
83 fish
8 taref
2 savida
1 gambari crystal
4 red gambari
2 lokus",N,FALSE,FALSE,,461,,,,,,,,,10,,,,,,,,,,,,,,,,,,,,,,,,,,,,,FALSE,,,,FALSE,
462,,,,,1985,4,17,Sarut,Ashdod(S),,,night,,FALSE,FALSE,,462,,,,,,,,,6,,,,,,,,,,,,,,,,,,,,,,,,,,,,,FALSE,,,,FALSE,
463,,,,,1985,4,17,Sarut,Gazza,105,,daytime,N,FALSE,FALSE,,463,,,,,,,,,14,,,,,,,,,,,,,,,,,,,,,2,,,,,,,,FALSE,,,,FALSE,
464,,,,,1985,4,17,Sarut,Nitzanim,,,"fishing weak
daytime",S,FALSE,FALSE,,464,,,,,,,,,7,,,,,,,,,,,,,,,,,,,,,,,,,,,,,FALSE,,,,FALSE,
465,,,,,1985,4,17,Sarut,Gazza,,,"night
overall for day:
41 + 11 red gambari",S,FALSE,FALSE,,465,,,,,,,,,12,,,,,,,,,,,,,,,,,,,,,,,,,,,,,FALSE,,,,FALSE,
466,0,30,6,0,1985,4,18,Sarut,rafiach,103,,,E,FALSE,FALSE,,466,,,,,,,,,7,,,,,,,,,,,,,,,,,,,,,3,,,,,,,,FALSE,,,,FALSE,
467,6,30,12,0,1985,4,18,Sarut,Gazza,105,,,S,FALSE,FALSE,,467,,,,,,,,,11,,,,,,,,,,,,,,,,,,,,,3,,,,,,,,FALSE,,,,FALSE,
468,12,30,18,0,1985,4,18,Sarut,rafiach,103,,,E,FALSE,FALSE,,468,,,,,,,,,9,,,,,,,,,,,,,,,,,,,,,5,,,,,,,,FALSE,,,,FALSE,
469,18,30,0,0,1985,4,18,Sarut,Gazza,105,,,S,FALSE,FALSE,,469,,,,,,,,,9,,,,,,,,,,,,,,,,,,,,,,,,,,,,,FALSE,,,,FALSE,
470,0,30,6,0,1985,4,19,Sarut,rafiach,105,,,E,FALSE,FALSE,,470,,,,,,,,,7,,,,,,,,,,,,,,,,,,,,,,,,,,,,,FALSE,,,,FALSE,
471,7,0,12,30,1985,4,19,Sarut,Gazza,80,,,N,FALSE,FALSE,,471,,,,,,,,,18,,,,,,,,,,,,,,,,,,,,,,,,,,,,,FALSE,,,,FALSE,
472,13,0,19,0,1985,4,19,Sarut,Nitzanim,106,,,S,FALSE,FALSE,,472,,,,,,,,,7,,,,,,,,,,,,,,,,,,,,,,,,,,,,,FALSE,,,,FALSE,
473,19,30,1,30,1985,4,19,Sarut,Gazza,105,,,S,FALSE,FALSE,,473,,,,,,,,,5,,,,,,,,,,,,,,,,,,,,,,,,,,,,,FALSE,,,,FALSE,
474,2,0,8,0,1985,4,20,Sarut,rafiach,105,,,E,FALSE,FALSE,,474,,,,,,,,,5,,,,,,,,,,,,,,,,,,,,,,,,,,,,,FALSE,,,,FALSE,
475,9,0,14,30,1985,4,20,Sarut,Gazza,80,,offload,N,FALSE,FALSE,,475,,,,,,,,,23,,,,,,,,,,,,,,,,,,,,,,,,,,,,,FALSE,,,,FALSE,
476,,,,,1985,4,21,can'an,Tel Aviv,54,,night,to Michmoret,FALSE,FALSE,,476,,,,,,,,,4,,,,,,,,,,,,,,,,,,,,,,,,,,,,,FALSE,,,,FALSE,
477,,,,,1985,4,21,can'an,Natania,,,night,to TA and back,FALSE,FALSE,,477,,,,,,,,,0,18 Kg,,,,,,,,,,,,,,,,,,,,,,,,,,,,FALSE,,,,FALSE,
478,,,,,1985,4,22,can'an,,,,,,FALSE,FALSE,,478,,,,,,,,,12,,,,,,,,,,,,,,,,,,,,,,,,,,,,,FALSE,,,,FALSE,
479,,,2,30,1985,4,22,can'an,,,,rough sea SW winds and rain,,FALSE,TRUE,,479,,,,,,,,,6,,,,,,,,,,,,,,,,,,,,,,,,,,,,,FALSE,,,,FALSE,
480,,,,,1985,4,23,can'an,,,,at dock,,TRUE,FALSE,,480,,,,,,,,,0,,,,,,,,,,,,,,,,,,,,,,,,,,,,,FALSE,,,,FALSE,
481,,,,,1985,4,24,can'an,,,,at dock working on vessel,,FALSE,FALSE,,481,,,,,,,,,0,,,,,,,,,,,,,,,,,,,,,,,,,,,,,FALSE,,,,FALSE,
482,2,30,,,1985,4,26,can'an,Ashdod(S),82,,black day,to Ashkelon,FALSE,FALSE,,482,,,,,,,,,0,,,,,,,,,,,,,,,,,,,,,,,,,,,,,FALSE,,,,FALSE,
483,5,0,22,0,1985,4,26,can'an,Gazza,115,,,S,FALSE,FALSE,,483,,,,,,,,,12,,,,,,,,,,,,,,,,,,,,,,,,,,,,,FALSE,,,,FALSE,
484,6,0,11,0,1985,4,27,can'an,rafiach,115,,,N,FALSE,FALSE,,484,,,,,,,,,13,,,,,,,,,,,,,,,,,,,,,,,,,,,,,FALSE,,,,FALSE,
485,12,0,17,0,1985,4,27,can'an,Gazza,82,,"offload:
40 fish
12 gambari
6 taref",N,FALSE,FALSE,,485,,,,,,,,,8,,,,,,,,,,,,,,,,,,,,,,,,,,,,,FALSE,,,,FALSE,
486,23,0,5,0,1985,4,28,can'an,Gazza,115,,,S,FALSE,FALSE,,486,,,,,,,,,0,,,,,,,,,,,,,,,,,,,,,,,,,,,,,FALSE,,,,FALSE,
487,13,0,18,0,1985,5,2,Ornu,Ashdod(S),100,,,,FALSE,FALSE,,487,,,,,,,,,4,2,,,,,,,,,,,,,,,,,,,,,,,,,,,,FALSE,red gambari,,,FALSE,
488,19,0,0,0,1985,5,2,Ornu,Ashdod(S),100,,,,FALSE,FALSE,,488,,,,,,,,,3,3,,,,,,,,,,,,,,,,,,,,,,,,,,,,FALSE,red gambari,,,FALSE,
489,1,30,7,0,1985,5,3,Ornu,Ashdod(S),100,,,,FALSE,FALSE,,489,,,,,,,,,2,2,,,,,,,,,,,,,,,,,,,,,,,,,,,,FALSE,red gambari,,,FALSE,
490,9,0,13,0,1985,5,3,Ornu,Katza,110,,,N to canton,FALSE,FALSE,,490,,,,,,,,,7,2,,,,,,,,,,,,,,,,,,,,,,,,,,,,FALSE,red gambari,,,FALSE,
491,17,0,22,0,1985,5,3,Ornu,Banco,16,,,Hilton N to natania,FALSE,FALSE,,491,,,,,,,,,12,8 Kg B,,,,,,,,,,,,,,,,,,,,,,,,,,,,FALSE,,,,FALSE,
492,23,0,6,0,1985,5,3,Ornu,Natania,,,,S,FALSE,FALSE,,492,,,,,,,,,4,,,,,,,,,,,,,,,,,,,,,,,,,,,,,FALSE,,,,FALSE,
493,10,0,13,30,1985,5,4,Ornu,Ashdod(S),16,,very weak fishing,,FALSE,FALSE,,493,,,,,,,,,0,,,,,,,,,,,,,,,,,,,,,,,,,,,,,FALSE,,,,FALSE,
494,6,10,8,10,1985,5,5,Ornu,Ashdod,11,,"Volante - the crew siza has doubled to 6
no fish very weak",to Ashkelon,FALSE,FALSE,,494,,,,,,,,,0,,,,,,,,,,,,,,,,,,,,,,,,,,,,,FALSE,,,,FALSE,
495,9,30,11,30,1985,5,5,Ornu,AshKelon,11,,no signs of fish,N,FALSE,FALSE,,495,,,,,,,,,0,,,3,,,,,,,,,,,,,,,,10,,,,,,,,,,FALSE,,,,FALSE,
496,12,45,13,40,1985,5,5,Ornu,Ashdod,8,,no signs of fish,to Palmachim,FALSE,FALSE,,496,,,,,,,,,0,,,2,,,,,,,,,,,,,,,,,,,,,,,,,,FALSE,,,,FALSE,
497,19,0,,,1985,5,5,Ornu,Ashdod(N),9,,,up to Jaffa,FALSE,FALSE,,497,,,,,,,,4,0,,,,,,0.1,,,,,,,,,,,,,,,,,,,,,,,FALSE,net full of Jellyfish,,,FALSE,
498,6,0,8,40,1985,5,6,Ornu,Ashdod,11,,crew still double in size (6),to Katza,FALSE,FALSE,,498,,,,,,,,,0,,,1,,,,,,,,,,,,,,,,3,,,,,,,,,,FALSE,,,,FALSE,
499,9,0,11,30,1985,5,6,Ornu,Katza,11,,,N,FALSE,FALSE,,499,,,,,,,,,0,,,3,,,,,,,,,,,,,,,,,,,,,,,,,,FALSE,2 Arianot,,,FALSE,
500,13,15,14,30,1985,5,6,Ornu,Ashdod(N),40,,no catch,,FALSE,FALSE,,500,,,,,,,,,0,,,,,,,,,,,,,,,,,,,,,,,,,,,,,FALSE,,,,FALSE,
501,15,45,16,45,1985,5,6,Ornu,,16,,,from the pipe southward,FALSE,FALSE,,501,,,,,,,,,0,,,,,,,,,,,,,,,,,,,1,,,,,,,,,,FALSE,,,,FALSE,
502,6,10,7,40,1985,5,7,can'an,Ashdod(S),10,,,,FALSE,FALSE,,502,,,,,,,,1 L,0,,,2,,,,,,,,,,,,,,,,,,,,,,,,,,FALSE,,,,FALSE,
503,8,10,9,30,1985,5,7,can'an,Ashdod(S),10,,,,FALSE,FALSE,,503,,,,,,,,1 L,0,,,,,,,,,,,,,,,,,,,,,,,,,,,,,FALSE,,,,FALSE,
504,11,15,13,0,1985,5,7,can'an,Ashdod(S),20,,,,FALSE,FALSE,,504,,,,,,,,1 L,0,,,,,,,,1,,,,,,,,,,,1,,,,,,,,,1,FALSE,,,,FALSE,
505,14,15,,,1985,5,7,can'an,AshKelon,10,,,N,FALSE,FALSE,,505,,,,,,,,,0,,,,,,,,,,,,,,,,,,,,,,,,,,,,,FALSE,,,,FALSE,
506,,,,,1985,5,8,can'an,Ashdod(S),,,gear was replaced after this trip,,FALSE,FALSE,,506,,,,,,,,,0,,,,,,,,,,,,,,,,,,,,,,,,,,,,,FALSE,,,,FALSE,
507,,,,,1985,5,8,can'an,Ashdod(N),,,out for gambari all night,,FALSE,FALSE,,507,,,,,,,,,0,14 Kg,,,,,,,,,,,,,,,,,,,,,,,,,,,,FALSE,,,,FALSE,
508,,,,,1985,5,9,Sarut,Ashdod(S),104,,,,FALSE,FALSE,,508,,,,,,,,,0,,,,,,,,,,,,,,,,,,,,,,,,,,,,,FALSE,,,,FALSE,
509,,,,,1985,5,10,Sarut,AshKelon,23,,,S,FALSE,FALSE,,509,,,,,,,,15,0,,0.1,,,,,,,0.1,,,,,,,,,,,,0.1 B,,,,,,,,FALSE,,0.1,,FALSE,
510,,,,,1985,5,11,Sarut,AshKelon,23,,,S,FALSE,FALSE,,510,,,,,,,,,0,,,,,,,,,,,,,,,,,,,,,,,,,,,,,FALSE,,,,FALSE,
511,,,,,1985,5,12,can'an,AshKelon,23,,,S,FALSE,FALSE,,511,,,,,,,,,14,,,,,,,,,,,,,,,,,,,,,,,,,,,,,FALSE,,,,FALSE,
512,,,,,1985,5,12,can'an,AshKelon,23,,,S,FALSE,FALSE,,512,,,,,,,,,12,,,,,,,,,,,,,,,,,,,,,,,,,,,,,FALSE,,,,FALSE,
513,,,,,1985,5,12,can'an,Ashdod(N),,,all night,,FALSE,FALSE,,513,,,,,,,,,NA,12 Kg,,,,,,,,,,,,,,,,,,,,,,,,,,,,FALSE,,,,FALSE,
514,,,,,1985,5,13,Ornu,,,2.2,"dragging for 3 hrs. 
Very weak
longliner hook in propelor",,FALSE,FALSE,,514,,,,,,,,,0,,,,,,,,,,,,,,,,,,,,,,,,,,,,,FALSE,,,,FALSE,
515,15,30,19,0,1985,5,13,Ornu,Ashdod,16,,fishing very weak,to Jaffa,FALSE,FALSE,,515,,,,,,,,,0,,,,,,,,,,,,,,,,,,,,,,,,,,,,,FALSE,,,,FALSE,
516,19,30,3,0,1985,5,13,Ornu,Ashdod(N),,,,to Jaffa and back,FALSE,FALSE,,516,,,,,,,,,NA,10 Kg,,,,,,,,,,,,,,,,,,,,,,,,,,,,FALSE,,,,FALSE,
517,7,0,9,0,1985,5,15,Ornu,Ashdod(S),16,1.4,weak fishing,,FALSE,FALSE,,517,,,,,,,,,0,,,,,,,,,,,,,,,,,,,,,,,,,,,,,FALSE,,,,FALSE,
518,10,15,14,15,1985,5,15,Ornu,AshKelon,22,,,S,FALSE,FALSE,,518,,,,,,,,,8,,,,,,,,,,,,,,,,,,,,,,,,,,,,,FALSE,,,,FALSE,
519,14,45,18,45,1985,5,15,Ornu,Gazza,22,,,N,FALSE,FALSE,,519,,,,,,,,,15,,,,,,,,,,,,,,,,,,,,,,,,,,,,,FALSE,,,,FALSE,
520,,,,,1985,5,15,Ornu,Ashdod(S),8,,all night,,FALSE,FALSE,,520,,,,,,,,,NA,15 Kg,,,,,,,,,,,,,,,,,,,,,,,,,,,,FALSE,,,,FALSE,
521,7,0,11,30,1985,5,16,Ornu,Nitzanim,22,,,S,FALSE,FALSE,,521,,,,,,,,,11,,,,,,,,,,,,,,,,,,,,,,,,,,,,,FALSE,,,,FALSE,
522,12,0,16,0,1985,5,16,Ornu,Gazza,22,,,N and S,FALSE,FALSE,,522,,,,,,,,,6,,,,,,,,,,,,,,,,,,,,,,,,,,,,,FALSE,,,,FALSE,
523,16,30,19,30,1985,5,16,Ornu,Katza,22,,,N,FALSE,FALSE,,523,,,,,,,,,5,,,,,,,,,,,,,,,,,,,,,,,,,,,,,FALSE,,,,FALSE,
524,,,,,1985,5,16,Ornu,Ashdod(S),,,all night,,FALSE,FALSE,,524,,,,,,,,,NA,15 Kg,,,,,,,,,,,,,,,,,,,,,,,,,,,,FALSE,,,,FALSE,
525,6,0,10,0,1985,5,17,Ornu,Nitzanim,21,,,S,FALSE,FALSE,,525,,,,,,,,,7,,,,,,,,,,,,,,,,,,,,,,,,,,,,,FALSE,,,,FALSE,
526,10,30,16,0,1985,5,17,Ornu,Nitzanim,21,,,S,FALSE,FALSE,,526,,,,,,,,,5,,,,,,,,,,,,,,,,,,,,,,,,,,,,,FALSE,,,,FALSE,
527,16,30,19,30,1985,5,17,Ornu,Ashdod,22,,,to Ashkelon,FALSE,FALSE,,527,,,,,,,,,3,,,,,,,,,,,,,,,,,,,,,,,,,,,,,FALSE,,,,FALSE,
528,,,,,1985,5,17,Ornu,Ashdod(S),,,all night,,FALSE,FALSE,,528,,,,,,,,,NA,12 Kg,,,,,,,,,,,,,,,,,,,,,,,,,,,,FALSE,,,,FALSE,
529,6,30,10,30,1985,5,18,Ornu,Nitzanim,19,,,S,FALSE,FALSE,,529,,,,,,,,,6,,,,,,,,,,,,,,,,,,,,,,,,,,,,,FALSE,,,,FALSE,
530,11,0,16,0,1985,5,18,Ornu,Nitzanim,22,,,S,FALSE,FALSE,,530,,,,,,,,,5,,,,,,,,,,,,,,,,,,,,,,,,,,,,,FALSE,,,,FALSE,
531,,,,,1985,5,18,Ornu,,,1.4,short attemp,,FALSE,FALSE,,531,,,,,,,,,0,,,,,,,,,,,,,,,,,,,,,,,,,,,,,FALSE,,,,FALSE,
532,,,,,1985,5,20,Sarut,Ashdod(S),,,,,FALSE,FALSE,,532,,,,,,,,,0,,,,,,,,,,,,,,,,,,,0.1 B,,,,,,,,,,FALSE,no amount specified for sardins,,,FALSE,
533,,,,,1985,5,20,Sarut,Ashdod(S),20,,,S,FALSE,FALSE,,533,,,,,,,,,10,,,,,,,,,,,,,,,,,,,,,,,,,,,,,FALSE,,,,FALSE,
534,,,,,1985,5,20,Sarut,Katza,20,,,N,FALSE,FALSE,,534,,,,,,,,,0,,,,,,,,,,,,,,,,,,,,,,,,,,,,,FALSE,,,,FALSE,
535,,,,,1985,5,20,Sarut,AshKelon,20,,,N,FALSE,FALSE,,535,,,,,,,,,3,,,,,,,,,,,,,,,,,,,,,,,,,,,,,FALSE,,,,FALSE,
536,,,,,1985,5,20,Sarut,Nitzanim,15,,,N,FALSE,FALSE,,536,,,,,,,,,0,,,,,,,,,,,,,,,,,,,,,,,,,,,,,FALSE,,,,FALSE,
537,,,,,1985,5,21,Sarut,Ashdod(S),22,,,,FALSE,FALSE,,537,,,,,,,,,4,,,,,,,,,,,,,,,,,,,,,,,,,,,,,FALSE,,,,FALSE,
538,,,,,1985,5,21,Sarut,AshKelon,22,,,N,FALSE,FALSE,,538,,,,,,,,,2,,,,,,,,,,,,,,,,,,,,,,,,,,,,,FALSE,,,,FALSE,
539,,,,,1985,5,21,Sarut,Katza,22,,,N,FALSE,FALSE,,539,,,,,,,,,0,,,,,,,,,,,,,,,,,,,,,,,,,,,,,FALSE,,,,FALSE,
540,6,0,,,1985,5,22,Sarut,Ashdod(S),23,,,,FALSE,FALSE,,540,,,,,,,,,0,,,,,,,,,,,,,,,,,,,,,,,,,,,,,FALSE,,,,FALSE,
541,,,,,1985,5,22,Sarut,,20,,average depth: varied between 23-8,,FALSE,FALSE,,541,,,,,,,,5,0,,,,,,,,,,,,,,,,,,,,,,,,,,,,,FALSE,"anshubi written as ""sack""",2 Ind,,FALSE,
542,,,,,1985,5,23,Sarut,,25,,,,FALSE,FALSE,,542,,,,,,,,,0,,,,,,,,,,,,,,,,,,,,,,,,,,,,,FALSE,,,,FALSE,
543,17,0,,,1985,5,27,Ornu,Banco,10,,all night,,FALSE,FALSE,,543,,,,,,,,10,NA,45 Kg,,,,,,,,,,,,,,,,,,,,,,,,,,,,FALSE,,,,FALSE,
544,,,,,1985,5,28,Ornu,Banco,8,,"all night
anchor got cuaght on something and was left at sea",,FALSE,FALSE,,544,,,,,,,,,10,,,,,,,,,,,,,,,,,,,,,,,,,,,,,FALSE,,,,FALSE,
545,,,,,1985,5,29,Ornu,Banco,,,all night,,FALSE,FALSE,,545,,,,,,,,,6,,,,,,,,,,,,,,,,,,,,,,,,,,,,,FALSE,,,,FALSE,
546,,,,,1985,5,30,Ornu,Banco,,,,falik to riding,FALSE,FALSE,,546,,,,,,,,,15,,,,,,,,,,,,,,,,,,,,,,,,,,,,,FALSE,,,,FALSE,
547,,,,,1985,5,31,Sarut,Banco,,,,riding to netania,FALSE,FALSE,,547,,,,,,,,,24,,,,,,,,,,,,,,,,,,,,,,,,,,,,,FALSE,,,,FALSE,
548,,,,,1985,6,1,Sarut,Banco,,1.18,"all night
offload:
39 crates
57 Kg gambari",,FALSE,FALSE,,548,,,,,,,,,10,,,,,,,,,,,,,,,,,,,,,,,,,,,,,FALSE,,,,FALSE,
549,,,,,1985,6,2,Sarut,Ga'ash,42,,,s,FALSE,FALSE,,549,,,,,,,,,4,,,,,,,,,,,,,,,,,,,,,,,,,,,,,FALSE,A few Soltans,,,FALSE,
550,,,,,1985,6,2,Sarut,Ga'ash,42,,,s,FALSE,FALSE,,550,,,,,,,,,4,,,,,,,,,,,,,,,,,,,,,,,,,,,,,FALSE,,,,FALSE,
551,,,,,1985,6,2,Sarut,Banco,,,night,,FALSE,FALSE,,551,,,,,,,,,8,,,,,,,,,,,,,,,,,,,,,,,,,,,,,FALSE,,,,FALSE,
552,,,,,1985,6,7,can'an,Ashdod(N),10,,,,FALSE,FALSE,,552,,,,,,,,,NA,15 Kg,,,,,,,,,,,,,,,,,,,,,,,,,,,,FALSE,,,,FALSE,
553,,,,,1985,6,8,can'an,Ashdod(N),,,net was torn,,FALSE,FALSE,,553,,,,,,,,,0,,,,,,,,,,,,,,,,,,,,,,,,,,,,,FALSE,,,,FALSE,
554,,,,,1985,6,9,can'an,,14,,,,FALSE,FALSE,,554,,,,,,,,,0,,,,,,,,,,,,,,,,,,,,,,,,,,,,,FALSE,,,,FALSE,
555,18,0,,,1985,6,18,can'an,Carmel,24,4,,,FALSE,FALSE,,555,,,,,,,,,0,,,,,,,,,,,,,,,,,,,,,,,,,,,,,FALSE,,,,FALSE,
556,,,,,1985,6,24,David,Banco,,,night,Netania to TA,FALSE,FALSE,,556,,,,,,,,,5,,,,,,,,,,,,,,,,,,,,,,,,,,,,,FALSE,,,,FALSE,
557,,,,,1985,6,25,David,Ashdod(S),,2.2,,,FALSE,FALSE,,557,,,,,,,,,10,,,,,,,,,,,,,,,,,,,,,,,,,,,,,FALSE,,,,FALSE,
558,,,,,1985,6,25,David,Ashdod(N),,1.4,,,FALSE,FALSE,,558,,,,,,,,,8,,,,,,,,,,,,,,,,,,,,,,,,,,,,,FALSE,,,,FALSE,
559,,,,,1985,6,25,David,Ashdod(N),42,,,,FALSE,FALSE,,559,,,,,,,,,4,,,,,,,,,,,,,,,,,,,,,1,,,,,,,,TRUE,,,1,FALSE,
560,,,,,1985,6,25,David,Ashdod(N),42,,Offload after this haul,,FALSE,FALSE,,560,,,,,,,,,3,,,,,,,,,,,,,,,,,,,,,1,,,,,,,,TRUE,,,1,FALSE,
561,,,,,1985,6,26,Sarut,Ashdod(S),,2.2,,,FALSE,FALSE,,561,,,,,,,,,8,,,,,,,,,,,,,,,,,,,,,,,,,,,,,FALSE,,,,FALSE,
562,,,,,1985,6,26,Sarut,Ashdod,,2.2,,,FALSE,FALSE,,562,,,,,,,,,7,,,,,,,,,,,,,,,,,,,,,,,,,,,,,FALSE,,,,FALSE,
563,,,,,1985,6,26,Sarut,Ashdod(N),21,,,,FALSE,FALSE,,563,,,,,,,,,10,,,,,,,,,,,,,,,,,,,,,,,,,,,,,FALSE,,,,FALSE,
564,,,,,1985,6,26,Sarut,Ashdod(N),40,,,,FALSE,FALSE,,564,,,,,,,,,5,8,,,,,,,,,,,,,,,,,,,,,,,,,,,,FALSE,,,,FALSE,
565,,,,,1985,6,27,Sarut,Ashdod(S),21,,,,FALSE,FALSE,,565,,,,,,,,,10,,,,,,,,,,,,,,,,,,,,,,,,,,,,,FALSE,,,,FALSE,
566,,,,,1985,6,27,Sarut,,21,,,,FALSE,FALSE,,566,,,,,,,,,15,,,,,,,,,,,,,,,,,,,,,,,,,,,,,FALSE,,,,FALSE,
567,,,,,1985,6,27,Sarut,Banco,,,Offload after this haul: 80 crates,back and forth,FALSE,FALSE,,567,,,,,,,,,7,,,,,,,,,,,,,,,,,,,,,,,,,,,,,FALSE,,,,FALSE,
568,,,,,1985,6,28,Sarut,Ashdod(S),21,,,,FALSE,FALSE,,568,,,,,,,,,7,,,,,,,,,,,,,,,,,,,,,,,,,,,,,FALSE,,,,FALSE,
569,,,,,1985,6,28,Sarut,AshKelon,21,,,N,FALSE,FALSE,,569,,,,,,,,,14,,,,,,,,,,,,,,,,,,,,,,,,,,,,,FALSE,,,,FALSE,
570,,,,,1985,6,28,Sarut,Ashdod(S),21,,,,FALSE,FALSE,,570,,,,,,,,,14,,,,,,,,,,,,,,,,,,,,,,,,,,,,,FALSE,,,,FALSE,
571,,,,,1985,6,29,Sarut,AshKelon,21,,,N,FALSE,FALSE,,571,,,,,,,,,14,,,,,,,,,,,,,,,,,,,,,,,,,,,,,FALSE,,,,FALSE,
572,,,,,1985,6,29,Sarut,Ashdod(S),21,,,,FALSE,FALSE,,572,,,,,,,,,8,,,,,,,,,,,,,,,,,,,,,,,,,,,,,FALSE,,,,FALSE,
573,,,,,1985,6,29,Sarut,AshKelon,21,,,N,FALSE,FALSE,,573,,,,,,,,,0,,,,,,,,,,,,,,,,,,,,,,,,,,,,,FALSE,,,,FALSE,
574,,,,,1985,7,6,,,,,Trying new angel net withhigh opening,,FALSE,FALSE,angel,574,,,,,,,,,0,,,,,,,,,,,,,,,,,,,,,,,,,,,,,FALSE,Kalamari,,,FALSE,
575,,,,,1985,7,7,Ornu,Banco,,,all night,,FALSE,FALSE,,575,,,,,,,,,NA,12 Kg,,,,,,,,,,,,,,,,,,,,,,,,,,,,FALSE,,,,FALSE,
576,,,,,1985,7,7,Ornu,Jaffa,,2.75,all day,to Hertzelia,FALSE,FALSE,,576,,,,,,,,7 L,0,,,,,,,,,,,,,,,,,,,,,,,,,,,,,FALSE,,,,FALSE,
577,,,,,1985,7,7,Ornu,Banco,,,all night,,FALSE,FALSE,,577,,,,,,,,,NA,16 Kg,,,,,,,,,,,,,,,,,,,,,,,,,,,,FALSE,,,,FALSE,
578,,,,,1985,7,8,Ornu,Jaffa,,4,,to Kalik,FALSE,FALSE,angel,578,,,,,,,,,4,,,,,,,,,,,,,,,,,,,,,,,,,,,,,FALSE,,,,FALSE,
579,,,,,1985,7,8,Ornu,Falick,,3,,to Jaffa,FALSE,FALSE,,579,,,,,,,,,6,,,,,,,,,,,,,,,,,,,,,,,,,,,,,FALSE,,,,FALSE,
580,,,,,1985,7,8,Ornu,Jaffa,,,,"down to Banco through ""the steps""",FALSE,FALSE,,580,,,,,,,,,6,,,,,,,,,,,,,,,,,,,,,,,,2,,,,,FALSE,,,,FALSE,
581,,,,,1985,7,8,Ornu,Banco,13,,all night,,FALSE,FALSE,,581,,,,,,,,,NA,22 Kg,,,,,,,,,,,,,,,,,,,,,,,,,,,,FALSE,,,,FALSE,
582,6,0,10,0,1985,7,9,Ornu,Palmachim,,2.5,,"from bouys up ""the steps""",FALSE,FALSE,Tunisian,582,,,,,,,,5,0,,,,,,,,,,2 L,,,,2 L,,,,,,,2 L,,,4,,,,,FALSE,"special"" farida and Lokus",,,FALSE,
583,10,30,13,0,1985,7,9,Ornu,Palmachim,,,,N,FALSE,FALSE,Tunisian,583,,,,,,,,,4,,,,,,,,,,,,,,,,,,,,,,,,2,,,,,FALSE,,,,FALSE,
584,14,0,16,30,1985,7,9,Ornu,Palmachim,,,Offloaf after this haul: 100 crates,S,FALSE,FALSE,angel,584,,,,,,,,,4,,,,,,,,,,,,,,,,,,,,,,,,,,,,,FALSE,,,,FALSE,
585,,,,,1985,7,9,Ornu,Banco,,,all night,,FALSE,FALSE,,585,,,,,,,,,NA,14 Kg,,,,,,,,,,,,,,,,,,,,,,,,,,,,FALSE,,,,FALSE,
586,6,30,9,30,1985,7,10,Ornu,Hilton,,2,,"via. Jaffa through ""the steps"" up to Palmachim",FALSE,FALSE,,586,,,,,,,,,14,,,,,,,,,,,,,,,,,,,,,,,,,,,,,FALSE,,,,FALSE,
587,10,30,14,0,1985,7,10,Ornu,Palmachim,,2,,N to Hilton,FALSE,FALSE,,587,,,,,,,,,10,,,,,,,,,,,,,,,,,,,,,,,,,,,,,FALSE,,,,FALSE,
588,15,45,17,0,1985,7,10,Ornu,Hilton,,,,to Palmachim,FALSE,FALSE,,588,,,,,,,,,8,,,,,,,,,,,,,,,,,,,,,,,,,,,,,FALSE,,,,FALSE,
589,17,30,20,0,1985,7,10,Ornu,Palmachim,,,,N to banco,FALSE,FALSE,,589,,,,,,,,,8,,,,,,,,,,,,,,,,,,,,,,,,,,,,,FALSE,,,,FALSE,
590,,,,,1985,7,10,Ornu,Banco,,,"all night.
Part of the net was torn during the night. Replacing nets",,FALSE,FALSE,,590,,,,,,,,,NA,12 Kg,,,,,,,,,,,,,,,,,,,,,,,,,,,,FALSE,,,,FALSE,
591,9,0,12,0,1985,7,11,Ornu,Falick,16,,,to hilton,FALSE,FALSE,,591,,,,,,,,,0,,,,,,,,,,,,,,,,,,,,,,,,3.5,,,,,FALSE,,,,FALSE,
592,12,30,15,30,1985,7,11,Ornu,Hilton,,,net full of mud and a wooden log,to Palmachim,FALSE,FALSE,,592,,,,,,,,,5,,,,,,,,,,,,,,,,,,,,,,,,,,,,,FALSE,,,,FALSE,
593,,,,,1985,7,12,Ornu,Ashdod,,1.5,all night,to Ashkelon,FALSE,FALSE,,593,,,,,,,,,0,22 Kg L,,,,,,,,,,,,,,,,,,,,,,,,,,,,FALSE,,,,FALSE,
594,6,30,9,50,1985,7,13,Ornu,Ashdod(S),,2,,and back,FALSE,FALSE,,594,,,,,,,,,0,,,,,,,,,,,,,,,,,,,,,,,,,,,,,FALSE,,,,FALSE,
595,10,0,,,1985,7,13,Ornu,Ashdod(S),,2.2,,,FALSE,FALSE,,595,,,,,,,,,0,,,,,,,,,,,,,,,,,,,,,,,,,,,,,FALSE,,,,FALSE,
596,,,,,1985,7,14,Sarut,AshKelon,,1.4,,N,FALSE,FALSE,,596,,,,,,,,,0,,,,,,,,,,12,,,,,,,,,,,,,,,,,,,FALSE,,,,FALSE,
597,,,,,1985,7,14,Sarut,Ashdod(N),20,,,and return South,FALSE,FALSE,,597,,,,,,,,,0,,,,3,,,,,,3,,,,,,,,,,,,,,,,,,,FALSE,Hulim and Malitta,,,FALSE,
598,,,,,1985,7,14,Sarut,Ashdod(S),20,,,,FALSE,FALSE,,598,,,,,,,,,5,,,,,,,,,,,,,,,,,,,,,,,,,,,,,FALSE,,,,FALSE,
599,,,,,1985,7,14,Sarut,AshKelon,,1.4,,N,FALSE,FALSE,,599,,,,,,,,,7,,,,,,,,,,,,,,,,,,,,,,,,,,,,,FALSE,,,,FALSE,
600,,,,,1985,7,14,Sarut,Ashdod(N),9,,,,FALSE,FALSE,,600,,,,,,,,,2,,,,,,,,,,,,,,,,,,,,,,,,,,,,,FALSE,,,,FALSE,
601,,,,,1985,7,15,Sarut,Tel-Baruch,16,,,N,FALSE,FALSE,,601,,,,,,,,,3,,,,,,,,,,,,,,,,,,,,,,,,,,,,,FALSE,,,,FALSE,
602,,,,,1985,7,15,Sarut,Bat Yam,,1.4,,,FALSE,FALSE,,602,,,,,,,,,12,,,,,,,,,,,,,,,,,,,,,,,,,,,,,FALSE,,,,FALSE,
603,,,,,1985,7,15,Sarut,Ashdod(S),,1.4,,,FALSE,FALSE,,603,,,,,,,,,6,,,,,,,,,,,,,,,,,,,,,,,,,,,,,FALSE,,,,FALSE,
604,,,,,1985,7,15,Sarut,Ashdod,,1.4,,to Ashkelon,FALSE,FALSE,,604,,,,,,,,,3,,,,,,,,,,,,,,,,,,,,,,,,,,,,,FALSE,,,,FALSE,
605,,,,,1985,7,16,Sarut,Ashdod,,1.4,,to Ashkelon,FALSE,FALSE,,605,,,,,,,,,7,,,,,,,,,,,,,,,,,,,,,,,,,,,,,FALSE,,,,FALSE,
606,,,,,1985,7,16,Sarut,Ashdod,,1.4,,to Ashkelon,FALSE,FALSE,,606,,,,,,,,,6,,,,,,,,,,,,,,,,,,,,,,,,,,,,,FALSE,,,,FALSE,
607,,,,,1985,7,16,Sarut,Ashdod,,2.2,offload after this haul: 90 crates,,FALSE,FALSE,,607,,,,,,,,,5,,,,,,,,,,,,,,,,,,,,,,,,,,,,,FALSE,,,,FALSE,
608,,,,,1985,7,16,Sarut,Ashdod(S),,1.4,night,,FALSE,FALSE,,608,,,,,,,,,NA,15 Kg,,,,,,,,,,,,,,,,,,,,,,,,,,,,FALSE,,,,FALSE,
609,,,,,1985,7,17,Sarut,Ashdod(S),21,,,,FALSE,FALSE,,609,,,,,,,,,3,,,,,,,,,,,,,,,,,,,,,,,,,,,,,FALSE,,,,FALSE,
610,,,,,1985,7,17,Sarut,Katza,20,,,S,FALSE,FALSE,,610,,,,,,,,,5,,,,,,,,,,,,,,,,,,,,,,,,,,,,,FALSE,,,,FALSE,
611,,,,,1985,7,17,Sarut,AshKelon,,1.4,,N,FALSE,FALSE,,611,,,,,,,,,10,,,,,,,,,,,,,,,,,,,,,,,,,,,,,FALSE,,,,FALSE,
612,,,,,1985,7,17,Sarut,Ashdod(S),,1.4,,Ashdod-Ashkelon-Ashdod,FALSE,FALSE,,612,,,,,,,,,5,9 Kg,,,,,,,,,,,,,,,,,,,,,,,,,,,,FALSE,,,,FALSE,
613,,,,,1985,7,17,Sarut,Ashdod(S),,1.4,,Ashdod-Ashkelon-Ashdod,FALSE,FALSE,,613,,,,,,,,,NA,15 Kg,,,,,,,,,,,,,,,,,,,,,,,,,,,,FALSE,,,,FALSE,
614,12,0,,,1985,7,18,Sarut,Ashdod(S),,2.2,כלום,,FALSE,FALSE,,614,,,,,,,,,0,,,,,,,,,,,,,,,,,,,,,,,,,,,,,FALSE,,,,FALSE,
615,,,,,1985,7,18,Sarut,Ashdod(S),,1.4,לילה,Ashdod-Ashkelon,FALSE,FALSE,,615,,,,,,,,,0,1,,,,,,,,,,,,,,,,,,,,,,,,,,,,FALSE,,,,FALSE,
616,,,,,1985,7,19,Sarut,Rubin,22,2.75,,N,FALSE,FALSE,,616,,,,,,,,,3,,,,,,,,,,,,,,,,,,,,,,,,1,,,,,FALSE,,,,FALSE,
617,,,,,1985,7,19,Sarut,Ashdod(S),,1.4,,Ashdod-Ashkelon-Ashdod,FALSE,FALSE,,617,,,,,,,,,NA,9 Kg,,,,,,,,,,,,,,,,,,,,,,,,,,,,FALSE,,,,FALSE,
618,,,,,1985,7,19,Sarut,Ashdod(S),,1.4,,Ashdod-Ashkelon-Ashdod,FALSE,FALSE,,618,,,,,,,,,6,7 Kg,,,,,,,,,,,,,,,,,,,,,,,,,,,,FALSE,,,,FALSE,
619,,,,,1985,7,20,Sarut,Ashdod(S),,1.4,,,FALSE,FALSE,,619,,,,,,,,,3,,,,,,,,,,,,,,,,,,,,,,,,,,,,,FALSE,,,,FALSE,
620,,,,,1985,7,20,Sarut,Ashdod(N),,1.4,,,FALSE,FALSE,,620,,,,,,,,,0,,,,,,,,,,,,,,,,,,,,,,,,,,,,,FALSE,,,,FALSE,
621,21,15,2,0,1985,7,30,Ornu,Banco,,,,Banco-Natania-Ridig,FALSE,FALSE,,621,,,,,,,,,5,15 Kg,,,,,,,,,,,,,,,,,,,,,,,,,,,,FALSE,,,,FALSE,
622,3,0,6,0,1985,7,31,Ornu,Hilton,16,,,,FALSE,FALSE,,622,,,,,,,,,0,,,,,,,,,,,,,,,,,,,,,,,,,,,,,FALSE,,,,FALSE,
623,8,0,12,0,1985,7,31,Ornu,Falick,,2.75,,S,FALSE,FALSE,Angel,623,,,,,,,,,0,,,,,,,,,,,,,,,,,,,,,,,,,,,,,FALSE,,,,FALSE,
624,14,0,15,30,1985,7,31,Ornu,Ashdod,16,,,צינור,FALSE,FALSE,Angel,624,,,,,,,,,0,,,,,,,,,,,,,,,,,,,,,,,,,,,,,FALSE,,,,FALSE,
625,21,30,,,1985,7,31,Ornu,,,1.4,,דרומי גבוה,FALSE,FALSE,,625,,,,,,,,,0,20 Kg,,,,,,,,,,,,,,,,,,,,,,,,,,,,FALSE,,,,FALSE,
626,9,30,14,0,1985,8,1,Ornu,Ashdod(S),20,,,,FALSE,FALSE,,626,,,,,,,,,5,,,,,,,,,,,,,,,,,,,,,,,,,,,,,FALSE,,,,FALSE,
627,15,0,19,0,1985,8,1,Ornu,Ashdod(S),20,,,,FALSE,FALSE,,627,,,,,,,,,11,,,,,,,,,,,,,,,,,,,,,,,,,,,,,FALSE,,,,FALSE,
628,,,,,1985,8,1,Ornu,Ashdod(S),,1.4,כל הלילה,,FALSE,FALSE,,628,,,,,,,,,0,23 Kg,,,,,,,,,,,,,,,,,,,,,,,,,,,,FALSE,,,,FALSE,
629,6,30,8,30,1985,8,2,Ornu,AshKelon,,1.4,,N,FALSE,FALSE,,629,,,,,,,,,5,,,,,,,,,,,,,,,,,,,,,,,,,,,,,FALSE,,,,FALSE,
630,9,0,13,0,1985,8,2,Ornu,Nitzanim,20.5,,,S,FALSE,FALSE,,630,,,,,,,,,5,,,,,,,,,,,,,,,,,,,,,,,,,,,,,FALSE,,,,FALSE,
631,13,30,16,30,1985,8,2,Ornu,Nitzanim,20.5,,,S,FALSE,FALSE,,631,,,,,,,,,5,,,,,,,,,,,,,,,,,,,,,,,,,,,,,FALSE,,,,FALSE,
632,17,0,20,0,1985,8,2,Ornu,Katza,20,,,N,FALSE,FALSE,,632,,,,,,,,,0,,,,3.5,,,,,,,,,,,,,,,,,3.5,,,,,,,,FALSE,,,,FALSE,
633,,,,,1985,8,2,Ornu,,,1.4,כל הלילה,,FALSE,FALSE,,633,,,,,,,,,NA,15 Kg,,,,,,,,,,,,,,,,,,,,,,,,,,,,FALSE,,,,FALSE,
634,7,0,8,15,1985,8,3,Ornu,Ashdod(N),16,,,,FALSE,FALSE,,634,,,,,,,0.5,,0.5,,,,,,,,,,,,,,,,,,,,,,,,,,,,,FALSE,,,,FALSE,
635,9,0,12,30,1985,8,3,Ornu,Palmachim,,2.45,,riding,FALSE,FALSE,,635,,,,,,,,,4.5,,,,,,,,,,,,,,,,,,,,,,,,1.5,,,,,FALSE,,,,FALSE,
636,13,0,17,0,1985,8,3,Ornu,Riding,,2.75,,,FALSE,FALSE,,636,,,,,,,,,5,,,,,,,,,,,,,,,,,,,,,,,,1.5,,,,,FALSE,,,,FALSE,
637,,,,,1985,8,4,Cna'an,Ashdod(S),,1.4,לילה. נקרעה הרשת,,FALSE,FALSE,,637,,,,,,,,,9,,,,,,,,,,,,,,,,,,,,,,,,,,,,,FALSE,,,,FALSE,
638,,,,,1985,8,5,Cna'an,Katza,21,,לילה,S,FALSE,FALSE,,638,,,,,,,,,0,,,,,,,,,,,,,,,,,,,,,,,,,,,,,FALSE,,,,FALSE,
639,,,,,1985,8,5,Cna'an,,,,,,FALSE,FALSE,,639,,,,,,,,,0,,,,,,,,,,,,,,,,,,,,,,,,,,,,,FALSE,,,,FALSE,
640,6,10,,,1985,8,6,Cna'an,,,,,,FALSE,FALSE,,640,,,,,,,,,0,,,,,,,,,,,,,,,,,,,,,,,,,,,,,FALSE,,,,FALSE,
641,,,,,1985,8,7,Cna'an,,,,,,FALSE,FALSE,,641,,,,,,,,,0,,,,,,,,,,,,,,,,,,,,,,,,,,,,,FALSE,,,,FALSE,
642,,,,,1985,8,7,Cna'an,,,,,,FALSE,FALSE,,642,,,,,,,,,0,,,,,,,,,,,,,,,,,,,,,,,,,,,,,FALSE,,,,FALSE,
643,,,,,1985,8,9,Cna'an,Jaffa,,2.75,,N,FALSE,FALSE,,643,,,,,,,,,3,,,,,,,,,,,,,,,,,,,,,,,,,,,,,FALSE,,,,FALSE,
644,,,,,1985,8,9,Cna'an,Hertzelia,,3.5,,S,FALSE,FALSE,,644,,,,,,,,,8,,,,,,,,,,,,,,,,,,,,,,,,,,,,,FALSE,,,,FALSE,
645,,,,,1985,8,9,Cna'an,Jaffa,,4,,S,FALSE,FALSE,,645,,,,,,,,,6,,,,,,,,,,,,,,,,,,,,,,,,,,,,,FALSE,,,,FALSE,
646,,,,,1985,8,9,Cna'an,,,,לילה,N,FALSE,FALSE,,646,,,,,,,,,5,,,,,,,,,,,,,,,,,,,,,,,,,,,,,FALSE,,,,FALSE,
647,,,,,1985,8,10,Sarut,Tel Aviv,16,2,3 hours,N,FALSE,FALSE,German,647,,,,,,,,,15,,,,,,,,,,,,,,,,,,,,,,,,,,,,,FALSE,,,,FALSE,
648,,,,,1985,8,10,Sarut,Ga'ash,16,1.5,2.5 hours,Hilton,FALSE,FALSE,German,648,,,,,,,,,19,,,,,,,,,,,,,,,,,,,,,,,,,,,,,FALSE,,,,FALSE,
649,,,,,1985,8,10,Sarut,Hilton,15.5,,,,FALSE,FALSE,German,649,,,,,,,,,12,,,,,,,,,,,,,,,,,,,,,,,,,,,,,FALSE,,,,FALSE,
650,,,,,1985,8,11,Sarut,Ashdod(N),40,,,,FALSE,FALSE,Angel,650,,,,,,,,,4,7,,,,,,,,,,,,,,,,,,,,,,,,,,,,FALSE,,,,FALSE,
651,,,,,1985,8,11,Sarut,Jaffa,,,,N-Ga'ash,FALSE,FALSE,Angel,651,,,,,,,,,0,,,,,,,,,,,,,,,23,,,,,,,,,,,,,,FALSE,,,,FALSE,
652,,,,,1985,8,11,Sarut,Ga'ash,16,,,S,FALSE,FALSE,Angel,652,,,,,,,,,0,,,,,,,,,,12,,,,,12,,,,,,,,,,,,,,FALSE,,,,FALSE,
653,,,,,1985,8,11,Sarut,Bat Yam,,1.4,,S,FALSE,FALSE,Angel,653,,,,,,,,,0,,,,,,,,,,,,,,,,,,,,,,,,,,,,,FALSE,,,,FALSE,
654,20,0,0,30,1985,8,11,Sarut,Ashdod(N),41,,,Angel,FALSE,FALSE,,654,,1,,,,,,2,0,5,,,,,,1.5,,,,,,,,,,,,,,,,,,,,,,FALSE,,,,FALSE,
655,6,0,1,0,1985,8,12,Cna'an,Tel Aviv,45,,,Falik,FALSE,FALSE,,655,,1,,,,,,,0,7,,,,,,0.5,,,,,,,,,,0.5,,,,,,,,,,,,TRUE,,,4 Kg,FALSE,
656,7,0,,,1985,8,12,Cna'an,Falick,23,3.5,,S,FALSE,FALSE,Angel,656,,,,,,,,,5,,,,,,,,,,,,,,,,,,,,,,,,,,,,,FALSE,,,,FALSE,
657,,,,,1985,8,12,Cna'an,Bank,16,,,,FALSE,FALSE,,657,,,,,,,,,22,,,,,,,,,,,,,,,,,,,,,,,,2,,,,,FALSE,,,,FALSE,
658,,,,,1985,8,12,Cna'an,Bank,16,,,,FALSE,FALSE,,658,,,,,,,,,15,,,,,,,,,,,,,,,,,,,,,,,,1.5,,,,,FALSE,,,,FALSE,
659,,,,,1985,8,12,Cna'an,,,,לילה,,FALSE,FALSE,,659,,,,,,,,,0,36 Kg B+,,,,,,,,,,,,,,,,,,,,,,,,,,,,FALSE,,,,FALSE,
660,,,,,1985,8,13,Cna'an,Bank,15.5,,,,FALSE,FALSE,,660,,,,,,,,,10,,,,,,,,,,,,,,,,,,,,,,,,2,,,,,FALSE,,,,FALSE,
661,,,,,1985,8,13,Cna'an,Falick,15.5,,,Hilton,FALSE,FALSE,,661,,,,,,,,,8,,,,,,,,,,,,,,,,,,,,,,,,1.5,,,,,FALSE,,,,FALSE,
662,,,,,1985,8,13,Cna'an,Ashdod(N),40,,לילה,,FALSE,FALSE,,662,,,,,,,,,2,7,,,,,,,,,,,,,,,,,,,,,,,,,,,,FALSE,,,,FALSE,
663,,,,,1985,8,14,Sarut,Ga'ash,16,,,S,FALSE,FALSE,,663,,,,,,,,,2,,,,,,,,,,,,,,,,,,,,,,,,,,,,,FALSE,,,,FALSE,
664,,,,,1985,8,14,Sarut,Bat Yam,,2,,S,FALSE,FALSE,,664,,,,,,,,,9,,,,,,,,,,,,,,,,,,,,,,,,,,,,,FALSE,,,,FALSE,
665,,,,,1985,8,14,Sarut,Ashdod(S),,1.4,,,FALSE,FALSE,,665,,,,,,,,,2,,,,,,,,,,,,,,,,,,,,,,,,,,,,,FALSE,,,,FALSE,
666,,,,,1985,8,14,Sarut,AshKelon,20,,,S,FALSE,FALSE,,666,,,,,,,,,3,,,,,,,,,,,,,,,,,,,,,,,,,,,,,FALSE,,,,FALSE,
667,,,,,1985,8,14,Sarut,,23,,,?? N,FALSE,FALSE,,667,,,,,,,,,1,,,,,,,,,,,,,,,,,,,,,,,,,,,,,FALSE,,,,FALSE,
668,,,,,1985,8,15,Sarut,AshKelon,19,,,,FALSE,FALSE,,668,,,,,,,,,2,,,,,,,,,,,,,,,,,,,,,,,,,,,,,FALSE,,,,FALSE,
669,,,,,1985,8,15,Sarut,Ashdod(N),,2,היתקלות,,FALSE,FALSE,,669,,,,,,,,,0,,,,,,,,,,,,,,,,,,,,,,,,,,,,,FALSE,,,,FALSE,
670,,,,,1985,8,15,Sarut,Ashdod(N),25,,,,FALSE,FALSE,,670,,,,,,,,,4,,,3,,,,,,,,,,,,,,,,,,,,,,,,,,FALSE,,,,FALSE,
671,,,,,1985,8,15,Sarut,Jaffa,23,,,S,FALSE,FALSE,,671,,,,,,,,,3,,,3,,,,,,,,,,,,,,,,,,,,,,,,,,FALSE,,,,FALSE,
672,,,,,1985,8,15,Sarut,Riding,,,,N,FALSE,FALSE,,672,,,,,,,,,7,,,,,,,,,,,,,,,,,,,,,,,,,,,,,FALSE,,,,FALSE,
673,,,,,1985,8,16,Sarut,Natania,,,,S Banco,FALSE,FALSE,,673,,,,,,,,,5,,,,,,,,,,,,,,,,,,,,,,,,,,,,,FALSE,,,,FALSE,
674,,,,,1985,8,16,Sarut,Hilton,23,,,S,FALSE,FALSE,,674,,,,,,,,,7,,,,,,,,,,,,,,,,,,,,,,,,,,,,,FALSE,,,,FALSE,
675,,,,,1985,8,16,Sarut,Palmachim,23,,,N,FALSE,FALSE,,675,,,,,,,,,5,,,,,,,,,,,,,,,,,,,,,,,,,,,,,FALSE,,,,FALSE,
676,,,,,1985,8,16,Sarut,Hilton,,2.75,,N,FALSE,FALSE,,676,,,,,,,,,4,,,,,,,,,,,,,,,,,,,,,,,,,,,,,FALSE,,,,FALSE,
677,,,,,1985,8,16,Sarut,Banco,,1.1,לילה,,FALSE,FALSE,,677,,,,,,,,,5,,,,,,,,,,,,,,,,,,,,,,,,,,,,,FALSE,,,,FALSE,
678,,,,,1985,8,17,Sarut,Hilton,,3,,N,FALSE,FALSE,,678,,,,,,,,,5,,,,,,,,,,,,,,,,,,,,,,,,,,,,,FALSE,,,,FALSE,
679,,,,,1985,8,17,Sarut,Hilton,,2.75,,N,FALSE,FALSE,,679,,,,,,,,,5,,,,,,,,,,,,,,,,,,,,,,,,,,,,,FALSE,,,,FALSE,
680,,,,,1985,8,17,Sarut,Bat Yam,16,,,,FALSE,FALSE,,680,,,,,,,,,0,,,,,,,,,,,,,,,,,,,,,,,,,,,,,FALSE,,,,FALSE,
681,,,,,1985,8,17,Sarut,Ashdod(N),9,,,,FALSE,FALSE,,681,,,,,,,,,2,,,,,,,,,,,,,,,,,,,,,,,,,,,,,FALSE,,,,FALSE,
682,,,,,1985,8,18,Sarut,Hilton,,1.1,,Falik,FALSE,FALSE,,682,,,,,,,,,3,,,,,,,,,,,,,,,,,,,,,,,,,,,,,FALSE,,,,FALSE,
683,,,,,1985,8,18,Sarut,Falick,28,,,N,FALSE,FALSE,,683,,,,,,,,,10,,,,,1 Ind,,,,,,,,,,,,,,,,,,,,,,,,FALSE,,1 Ind,,FALSE,
684,,,,,1985,8,18,Sarut,Michmoret,28,,,N,FALSE,FALSE,,684,,,,,,,,,10,,,,,,,,,,,,,,,,,,,,,,,,,,,,,FALSE,,1 Ind,,FALSE,
685,,,,,1985,8,18,Sarut,Ma'agan Michael,28,,,S,FALSE,FALSE,,685,,,,,,,,,12,,,,,,,,,,,,,,,,,,,,,,,,,,,,,FALSE,,,,FALSE,
686,,,,,1985,8,18,Sarut,Banco,,,לילה,,FALSE,FALSE,,686,,,,,,,,,8,3,,,,,,,,,,,,,,,,,,,,,,,,,,,,FALSE,,,,FALSE,
687,,,,,1985,8,19,Sarut,Falick,28,,,N,FALSE,FALSE,,687,,,,,,,,,5,,,,,,,,,,,,,,,,,,,,,,,,,,,,,FALSE,,,,FALSE,
688,,,,,1985,8,19,Sarut,Hadera,24.5,,,S,FALSE,FALSE,,688,,,,,,,,,8,,,,,,,,,,,,,,,,,,,,,,,,,,,,,FALSE,,,,FALSE,
689,,,,,1985,8,19,Sarut,Falick,,,,S,FALSE,FALSE,,689,,,,,,,,,6,,,,,,,,,,,,,,,,,,,,,,,,,,,,,FALSE,,,,FALSE,
690,,,,,1985,8,19,Sarut,Banco,,,לילה,,FALSE,FALSE,,690,,,,,,,,,8,3 B+,,,,,,,,,,,,,,,,,,,,,,,,,,,,FALSE,,,,FALSE,
691,,,,,1985,8,20,Sarut,,,,כל הלילה,דרומי,FALSE,FALSE,,691,,,,,,,,,NA,20 Kg,,,,,,,,,,,,,,,,,,,,,,,,,,,,FALSE,,,,FALSE,
692,,,,,1985,8,21,Ornu,Palmachim,,2.45,,N,FALSE,FALSE,,692,,,,,,,,,5,,,,,,,,,,,,,,,,,,,,,,,,1,,,,,FALSE,,,,FALSE,
693,,,,,1985,8,21,Ornu,Riding,,2.75,,,FALSE,FALSE,,693,,,,,,,,,5,,,,,,,,,,,,,,,,,,,,,,,,1,,,,,FALSE,,,,FALSE,
694,20,0,1,0,1985,8,21,Ornu,Bank,,,,Riding - Natania,FALSE,FALSE,,694,,,,,,,,,NA,30 Kg,,,,,,,,,,,,,,,,,,,,,,,1,,,,,FALSE,,,,FALSE,
695,1,30,6,0,1985,8,22,Ornu,Natania,,,,Riding,FALSE,FALSE,,695,,,,,,,,,NA,3 Kg,,,,,,,,,,,,,,,,,,,,,,,,,,,,FALSE,,,,FALSE,
696,7,15,,,1985,8,22,Ornu,Riding,,,,S,FALSE,FALSE,,696,,,,,,,,,4,,,,,,,,,,,,,,,,,,,,,,,,,,,,,FALSE,,,,FALSE,
697,12,10,15,30,1985,8,22,Ornu,Sidna-Ali,,2.75,,,FALSE,FALSE,,697,,,,,,,,,6,,,,,,,,,,,,,,,,,,,,,,,,,,,,,FALSE,,,,FALSE,
698,16,0,19,30,1985,8,22,Ornu,Bat Yam,,2.75,,N,FALSE,FALSE,,698,,,,,,,,,5,,,,,,,,,,,,,,,,,,,,,,,,,,,,,FALSE,,,,FALSE,
699,,,,,1985,8,22,Ornu,Bank,,,כל הלילה,,FALSE,FALSE,,699,,,,,,,,,NA,50 Kg,,,,,,,,,,,,,,,,,,,,,,,,,,,,FALSE,,,,FALSE,
700,7,30,10,30,1985,8,23,Ornu,Tel-Baruch,,2.75,,Palmachim,FALSE,FALSE,,700,,,,,,,,,5,,,,,,,,,,,,,,,,,,,,,,,,2,,,,,FALSE,,,,FALSE,
701,11,30,15,30,1985,8,23,Ornu,Palmachim,24,4,,N,FALSE,FALSE,,701,,,,,,,,,6,,,,,,,,,,,,,,,,,,,,,,,,,,,,,FALSE,,,,FALSE,
702,16,0,19,0,1985,8,23,Ornu,Palmachim,24,,,S,FALSE,FALSE,,702,,,,,,,,,10,,,,,,,,,,,,,,,,,,,,,,,,,,,,,FALSE,,,,FALSE,
703,20,30,23,0,1985,8,23,Ornu,Palmachim,9,,,Jaffa,FALSE,FALSE,,703,,,,,,,,,NA,10 Kg,,,,,,,,,,,,,,,,,,,,,,,,,,,,FALSE,,,,FALSE,
704,0,0,6,0,1985,8,24,Ornu,Banco,,,,,FALSE,FALSE,,704,,,,,,,,,NA,30 Kg,,,,,,,,,,,,,,,,,,,,,,,,,,,,FALSE,,,,FALSE,
705,7,0,10,30,1985,8,24,Ornu,Riding,,4,,S,FALSE,FALSE,,705,,,,,,,,,8,,,,,,,,,,,,,,,,,,,,,,,,,,,,,FALSE,,,,FALSE,
706,11,30,13,30,1985,8,24,Ornu,Riding,,,,S,FALSE,FALSE,,706,,,,,,,,,7,,,,,,,,,,,,,,,,,,,,,,,,,,,,,FALSE,,,,FALSE,
707,14,0,16,0,1985,8,24,Ornu,Rubin,,2.45,,,FALSE,FALSE,,707,,,,,,,,,5,,,,,,,,,,,,,,,,,,,,,,,,,,,,,FALSE,,,,FALSE,
708,,,,,1985,8,29,Cna'an,Falick,27,,,Hadera,FALSE,FALSE,,708,,,,,,,,,10,,,,,,,,,,,,,,,,,,,,,,,,,,,,,FALSE,,,,FALSE,
709,,,,,1985,8,29,Cna'an,Jaffa,23.5,,,Falik,FALSE,FALSE,,709,,,,,,,,13 M,0,,,,,,,,,,,,,,,,,,,,,,,,,,,,,FALSE,,,,FALSE,
710,,,,,1985,9,30,Cna'an,Falick,,,,Hadera,FALSE,FALSE,,710,,,,,,,,,0,,,,,,,,,,,,,,10,,,,,,,10,,,,,,,,FALSE,,4 Ind L+,,FALSE,
711,,,,,1985,9,5,Sarut,Ashdod(N),42,,,,FALSE,FALSE,,711,,,,,,,,,0,,,,,,,6,,,,,,,,,,,,,,,,,,,,,,FALSE,,,,FALSE,
712,,,,,1985,9,5,Sarut,Jaffa,,4,,N,FALSE,FALSE,,712,,,,,,,,,10,,,,,,,,,,,,,,,,,,,,,,,,,,,,,FALSE,,,,FALSE,
713,,,,,1985,9,5,Sarut,Falick,27,,,N,FALSE,FALSE,,713,,,,,,,,,10,,,,,,,,,,,,,,,,,,,,,,,,,,,,,FALSE,,,,FALSE,
714,,,,,1985,9,5,Sarut,Hadera,32,,,S,FALSE,FALSE,,714,,,,,,,,,8,,,,,,,,,,,,,,,,,,,,,,,,,,,,,FALSE,,,,FALSE,
715,,,,,1985,9,5,Sarut,Falick,,,,S Banco,FALSE,FALSE,,715,,,,,,,,,4,,,,,,,,,,,,,,,,,,,,,,,,,,,,,FALSE,,,,FALSE,
716,,,,,1985,9,6,Sarut,Falick,,1.1,,S,FALSE,FALSE,,716,,,,,,,,,4,1,,,,,,,,,,,,,,,,,,,,,,,,,,,,FALSE,,,,FALSE,
717,,,,,1985,9,6,Sarut,Jaffa,23,,,N,FALSE,FALSE,,717,,,,,,,,,4,,,,,,,,,,,,,,,,,,,,,,,,,,,,,FALSE,,,,FALSE,
718,,,,,1985,9,6,Sarut,Ga'ash,,4,,S,FALSE,FALSE,,718,,,,,,,,,15,,,,,,,,,,,,,,,,,,,,,,,,,,,,,FALSE,,,,FALSE,
719,,,,,1985,9,6,Sarut,Jaffa,10,,,S,FALSE,FALSE,,719,,,,,,,,,0,1,,,,,,,,,,,,,,,,,,,,,,,,,,,,FALSE,,,,FALSE,
720,,,,,1985,9,6,Sarut,Ashdod(N),34,,Week,,FALSE,FALSE,,720,,,,,,,,,0,,,,,,,,,,,,,,,,,,,,,,,,,,,,,FALSE,,,,FALSE,
721,,,,,1985,9,7,Sarut,Hertzelia,,4,,S,FALSE,FALSE,,721,,,,,,,,,5,,,,,,,,,,,,,,,,,,,,,,,,,,,,,FALSE,,,,FALSE,
722,,,,,1985,9,7,Sarut,Hertzelia,,4,,S,FALSE,FALSE,,722,,,,,,,,,5,,,,,,,,,,,,,,,,,,,,,,,,,,,,,FALSE,,,,FALSE,
723,,,,,1985,9,7,Sarut,Hertzelia,,4,,S,FALSE,FALSE,,723,,,,,,,,,5,,,,,,,,,,,,,,,,,,,,,,,,,,,,,FALSE,,,,FALSE,
724,,,,,1985,9,7,Sarut,Ashdod(N),42,,לילה,N,FALSE,FALSE,,724,,,,,,,,,0,,,,,,,4,,,,,,,,,,,,,,,,,,,,,,FALSE,,,,FALSE,
725,,,,,1985,9,7,Sarut,Tel Aviv,42,,לילה,N,FALSE,FALSE,,725,,,,,,,,,0,,,,,,,3,,,,,,,,,,,,,,,,,,,,,,FALSE,,,,FALSE,
726,,,,,1985,9,8,Sarut,Falick,27,,,N,FALSE,FALSE,,726,,,,,,,,,4,,,,,,,,,,,,,,,,,,,,,,,,,,,,,FALSE,,,,FALSE,
727,,,,,1985,9,8,Sarut,Hadera,27,,,S,FALSE,FALSE,,727,,,,,,,,,4,,,,,,,,,,,,,,,,,,,,,,,,,,,,,FALSE,,,,FALSE,
728,,,,,1985,9,8,Sarut,Falick,,1.6,,S Jaffa,FALSE,FALSE,,728,,,,,,,,,4,,,,,,,,,,,,,,,,,,,,,,,,,,,,,FALSE,,,,FALSE,
729,,,,,1985,9,8,Sarut,Jaffa,42,,,S,FALSE,FALSE,,729,,,,,,,,,8,,,,,,,,,,,,,,,,,,,,,,,,,,,,,FALSE,,,,FALSE,
730,,,,,1985,9,9,Sarut,Ashdod(S),,2.2,,,FALSE,FALSE,,730,,,,,,,,,5,,,,,,,,,,,,,,,,,,,,,,,,,,,,,FALSE,,,,FALSE,
731,,,,,1985,9,9,Sarut,AshKelon,20,,,S,FALSE,FALSE,,731,,,,,,,,,5,,,,,,,,,,,,,,,,,,,,,,,,,,,,,FALSE,,,,FALSE,
732,,,,,1985,9,9,Sarut,Gazza,22,,,N,FALSE,FALSE,,732,,,,,,,,,8,,,,,,,,,,,,,,,,,,,,,,,,,,,,,FALSE,,,,FALSE,
733,,,,,1985,9,9,Sarut,AshKelon,42,,,N,FALSE,FALSE,,733,,,,,,,,,0,5,,,,,,5,,,,,,,,,,,,,,,,,,,,,,FALSE,,,,FALSE,
734,,,,,1985,9,9,Sarut,Ashdod(S),10,,,,FALSE,FALSE,,734,,,,,,,,,1,,,,,,,,,,,,,,,,,,,,,,,,,,,,,FALSE,,,,FALSE,
735,,,,,1985,9,10,Sarut,AshKelon,27,,,N,FALSE,FALSE,,735,,,,,,,,,3,,,,,,,,,,,,,,,,,,,,,,,,,,,,,FALSE,,3 Ind,,FALSE,
736,,,,,1985,9,10,Sarut,Ashdod(S),23,,,,FALSE,FALSE,,736,,,,,,,,,4,,,,,,,,,,,,,,,,,,,,,,,,,,,,,FALSE,,1 Ind,,FALSE,
