Net,Start_Time_hh,Start_Time_mm,End_Time_hh,End_Time_mm,Year(XXXX),Month(XX),Day(XX),Fishermen,Fishing_field,Depth,Distance_to_Shore,Commants,Night_drag_comments,Fishing_field_text,Storm,Speed,High_Sea,Net_Type,Net,Anshubi,Bakala,Barbon,Ben_Gurion,Crab,Denis,Farida,Fish,Gambari,Gerbida,Hazir,Hulim,Intias,Jelly_Fish,Kalamari,Lavan,Makarunim,Malitta,Marmir,Musar,Palamud,Pas_Tzahov,Rofus,Rofus_Fake,Sabida,Saragus,Sardin,Scombri,Soltan,Soltan_Fake,Soltan_Mix,Special,Tarachun,Taref,Televisia,Trulus,Missing,Comments,Lokus,Muslach,Gitara,Box_General,Tziporot,Varod,Vest,Shed Yam,Very_weak,Daba,Octepus,Adom,Hazaim,Sardin_round,Lokus_manot,Bori,Kaptunim,Shark
1,,,,,2001,3,8,Shrot,Ashdod N,,4,,FALSE,,FALSE,,FALSE,,1,,,,,,,,,,,,,,,,,,,,,,,,,,,,,,,,,,,,,FALSE,,15 Kg,,,,,,,,FALSE,,,,,,,,,
2,,,,,2001,3,8,Shrot,Jaffa S,,2.4,,FALSE,,FALSE,,FALSE,,2,,3,,,,,,,,,,,,,,2,,,,,,,,,,,,,2,,,,,,,,FALSE,,,,,,,,,,TRUE,,,,,,,,,
3,,,,,2001,3,8,Shrot,Tel Aviv N,52,,,FALSE,,FALSE,,FALSE,,3,,3,,,,,,,,,,,,,,2,,,,,,,,,,,,,2,,,,,,,,FALSE,,,,,,,,,,FALSE,,,,,,,,,
4,,,,,2001,3,8,Shrot,Tel Aviv N,52,,,FALSE,,FALSE,,FALSE,,4,,2,,,,,,,,,,,,,,2,,,,,,,,,,,,,1,,,,,,,,FALSE,,,,,,,,,,FALSE,,,,,,,,,
5,,,,,2001,3,9,Shrot,Tel Aviv N,,7.5,,FALSE,,FALSE,,FALSE,,5,,,,,,,,,,,,,,,,,,,,,,,,,,,,,2,,,,,,,,FALSE,,,,,,,,,,FALSE,,,,,,,,,
6,,,,,2001,3,9,Shrot,micmoret S,53,,,FALSE,,FALSE,,FALSE,,6,,,,,,,,,,,,,,,,,,,,,,,,,,,,,1,,,,,,,,FALSE,,,,,,,,,,FALSE,,,,,,,,,
7,,,,,2001,3,9,Shrot,Herzelia N,80,,,FALSE,,FALSE,,FALSE,,7,,2,,,,,,,,,,,,,,,,,,,,,,,,,,,,,,,,,,,FALSE,,,,,,,1,,,FALSE,,,,,,,,,
8,,,,,2001,3,10,Shrot,micmoret S,,7.5,,FALSE,,FALSE,,FALSE,,8,,,,,,,,,,,,,,,,,,,,,,,,,,,,,,,,,,,,,FALSE,no record,,,,,,,,,FALSE,,,,,,,,,
9,,,,,2001,3,10,Shrot,Herzelia N,112,,,FALSE,,FALSE,,FALSE,,9,,4,,,,,,,,,,,,,,,,,,,,,,,,,,,2,,,,,,,,FALSE,,,,,,,,,,FALSE,,,,,,,,,
10,,,,,2001,3,10,Shrot,Hadera S,112,,,FALSE,,FALSE,,FALSE,,10,,2,,,,,,,,,,,,,,,,,,,,,,,,,,,0.5,,,,,,,,FALSE,,,,,,,3,,,FALSE,,,,,,,,,
11,,,,,2001,3,10,Shrot,Herzelia N,140,,,FALSE,,FALSE,,FALSE,,11,,5,,,,,,,,,,,,,,,,,,,,,,,,,,,,,,,,,,,FALSE,,,,,,,,,,FALSE,,,,,,,,,
12,,,,,2001,3,11,Shrot,Hadera S,112,,,FALSE,,FALSE,,FALSE,,12,,,,,,,,,,,,,,,,,,,,,,,,,,,,,0.5,,,,,,,,FALSE,,,,,,,,,,FALSE,,,,,,,,,
13,,,,,2001,3,11,Shrot,Herzelia N,160,,,FALSE,,FALSE,,FALSE,,13,,6,,,,,,,,,,,,,,,,,,,,,,,,,,,,,,,,,,,FALSE,,,,,,,,,,FALSE,,,,,,,,,
14,,,,,2001,3,11,Shrot,Hadera S,160,,,FALSE,,FALSE,,FALSE,,14,,,,,,,,,,,,,,,,,,,,,,,,,,,,,,,,,,,,,FALSE,no record,,,,,,,,,FALSE,,,,,,,,,
15,09,00,14,00,2001,3,19,Levi,Ashdod S,82,,,FALSE,,FALSE,,FALSE,,15,,1,,,,,,,,2,,,,,,,,,,,,,,,,,,,1,,,,,2,,,FALSE,,,,,,,,,,FALSE,,,,,,,,,
16,14,45,18,00,2001,3,19,Levi,Gazza N,50,,,FALSE,,FALSE,,FALSE,,16,,3,,,,,,,,,,,,,,2 M+,,,,,,,,,,,,,1,,,,,,,,FALSE,,,,,,,,,,FALSE,,,,,,,,,
17,19,30,05,30,2001,3,19,Levi,Ashdod S,8,,,FALSE,,FALSE,,FALSE,,17,,,,,,,,,30 Kg,,,,,,,,,,,,,,,,,,,,,,,,,,,,FALSE,,,,,,,,,,FALSE,,,,,,,,,
18,07,30,13,00,2001,3,20,Levi,Ashdod N,180,,,FALSE,,FALSE,,FALSE,,18,,4,,,,,,,,,,,,,,,,,,,,,,,,,,,,,,,,6,,,FALSE,,,,,,,,,,FALSE,,,,,,,,,
19,14,00,18,00,2001,3,20,Levi,Bat yam S,180,,,FALSE,,FALSE,,FALSE,,19,,3,,,,,,,,,,,,,,,,,,,,,,,,,,,,,,,,5,,,FALSE,,,,,,,,,,FALSE,,,,,,,,,
20,21,00,04,00,2001,3,20,Levi,Ashdod S,11,,,FALSE,,FALSE,,FALSE,,20,,,,,,,,,22 Kg,,,,,,,,,,,,,,,,,,,,,,,,,,,,FALSE,,,,,,,,,,FALSE,,,,,,,,,
21,07,00,10,30,2001,3,21,Levi,Ashdod S,,2.2,,FALSE,,FALSE,,FALSE,,21,,,,,,,,,,,,,,,,,,,,,,,,,,,,,,,,,,,,,FALSE,,,,,,,,,,TRUE,,,,,,,,,
22,11,30,15,00,2001,3,21,Levi,Ashdod S,50,,,FALSE,,FALSE,,FALSE,,22,10,,,,,,,,,1,,,,,,,,,,,,,,,,,,,1,,,,,,,,FALSE,,,,,,,,,,FALSE,,,,,,,,,
23,16,45,19,00,2001,3,21,Levi,Katza N,50,,,FALSE,,FALSE,,FALSE,Gambari,23,,2,,,,,,,,,,,,,,,,,,,,,,,,,,,0.5,,,,,,,,FALSE,,,1,,1,,,,,FALSE,,,,,,,,,
24,20,30,05,30,2001,3,21,Levi,Ashdod S,11,,,FALSE,,FALSE,,FALSE,Gambari,24,,,,,,,,,25 Kg,,,,,,,,,,,,,,,,,,,,,,,,,,,,FALSE,,,,,,,,,,FALSE,,,,,,,,,
25,07,15,12,00,2001,3,22,Levi,Ashdod S,50,,,FALSE,,FALSE,,FALSE,,25,,4,,,,,,,,3,,,,,,,,,,,,,,,,,,,1,,,,,,,,FALSE,,,,,1,,,,,FALSE,,,,,,,,,
26,14,00,16,30,2001,3,22,Levi,Gazza N,50,,,FALSE,,FALSE,2.8,FALSE,,26,,4,,,,,,,,2 M+,,,,,,,,,,,,0.5,,,,,,,1,,,,,,,,FALSE,,,,,1,,,,,FALSE,,,,,,,,,
27,19,45,04,30,2001,3,22,Levi,Ashdod S,,,,FALSE,,FALSE,,FALSE,Gambari,27,,,,,,,,,22 Kg,,,,,,,,,,,,,,,,,,,,,,,,,,,,FALSE,,,,,,,,,,FALSE,,,,,,,,,
28,07,30,11,00,2001,3,23,Levi,Ashdod N,,3.4,,FALSE,,FALSE,,TRUE,,28,,,,,,,,,,,,,,,,1 B+,,,,,,2,,,,,,,,,,,,,,,FALSE,,2,,,1,,,,,FALSE,,,,,,,,,
29,05,45,09,15,2001,3,25,Levi,Ashdod N,,3.3,,FALSE,,FALSE,3.2,FALSE,,29,,,,,,,,0.5,,,,,,,1,3 B+3.5 M+,,,,,,0.5,,,0.5,,,,,,,,,,,,FALSE,"fish-hulim,mallita and bakala",0.5,,,,,,,,FALSE,,,,,,,,,
30,10,00,,,2001,3,25,Levi,Jaffa S,,3,,FALSE,,FALSE,2.4,FALSE,,30,,,,,,,,,,,,,,,,3,,,,,,,,,,,,,,,,,,,,,FALSE,,,,,1,,,,,FALSE,,,,,,,,,
31,14,15,18,00,2001,3,25,Levi,Kor N,,3,,FALSE,,FALSE,,FALSE,,31,,,,,,,,,,,,,,,,3 M+,,,,,,1,,,,,,,,,,,,,,,FALSE,,,,,,,,,,FALSE,,,,,,,,,
32,20,00,04,00,2001,3,25,Levi,Ashdod S,6,,,FALSE,,FALSE,,FALSE,,32,,,,,,,,,25 Kg,,,,,,,,,,,,,,,,,,,,,,,,,,,,FALSE,,,,,,,,,,FALSE,,,,,,,,,
33,08,00,09,00,2001,04,2,Levi,Palmachim S,,3.3,,FALSE,,FALSE,,FALSE,,33,,,,,,,,,,,,,,,,,,,,,,,,,,,,,,,,,,,,,FALSE,,0.5,,,,,,,,FALSE,,,,,,,,,
34,11,30,15,30,2001,04,2,Levi,Palmachim N,80,,,FALSE,,FALSE,,FALSE,,34,,4,,,,,,,,,,,,,,2 B+1 S+1 M+,,,,,,,,,,,,,2,,,,,,,,FALSE,,,,,,,,4,,FALSE,,,,,,,,,
35,17,00,18,30,2001,04,02,Levi,Jaffa N,,2.2,,FALSE,,FALSE,,FALSE,,35,,,,,,,,,,,,,,,,,,,,,,2,,,,,,,,,,,,,,,FALSE,,,,,2,,,,,FALSE,,,,,,,,,
36,20,00,,,2001,04,02,Levi,Ashdod N,10,,,FALSE,,FALSE,,FALSE,,36,,,,,,,,3,25 Kg,,,,,,,,,,,,,,,,,,,,,,,,,,,,FALSE,,,,,,,,,,FALSE,,,,,,,,,
37,06,30,10,00,2001,04,03,Levi,Kor N,,3.2,,FALSE,,FALSE,,FALSE,,37,,,,,,,,,,,,,,,0.5,,,,,,,,,,,,1,,,,,,,,,,FALSE,,1.5,,,1,,,,,FALSE,,,,,,,,,
38,10,30,14,00,2001,04,03,Levi,Jaffa N,,1.8,,FALSE,,FALSE,,FALSE,,38,,,,,,,,,,,,,,,,,,,,,,0.5,,,,,,,,0.5,,,,,,,FALSE,,0.5,,,2,,,,,FALSE,,,,,,,,,
39,14,30,16,00,2001,04,03,Levi,Herzelia S,,2.2,,FALSE,,FALSE,,FALSE,,39,,,,,,,0.25,,,,,,,,,,,,,,,,,,,,,,1.5,,,,,,,,FALSE,,0.25,,,1,,,,,FALSE,,,,,,,,,
40,16,45,18,30,2001,04,03,Levi,Tel Aviv S,,2.3,,FALSE,,FALSE,,FALSE,,40,,,,,,,,,,,,,,,, 1 B+1 M+,,,,,,2,,,,,,,,,,,,,,,FALSE,,,,,1,,,,,FALSE,,,,,,,,,
41,19,30,04,00,2001,04,03,Levi,Ashdod N,12,,,FALSE,,FALSE,,FALSE,,41,,,,,,,,,25 Kg,,,,,,,,,,,,,,,,,,,,,,,,,,,,FALSE,,,,,,,,,,FALSE,,,,,,,,,
42,08,00,11,30,2001,04,04,Levi,Ashdod N,,3.2,,FALSE,,FALSE,,FALSE,,42,,,,,,,,,,,,,,,,5 S+,,,,,,,,10 M+,,,1 L+,2.5,,,,,,,,,FALSE,,,,,1,,,,,FALSE,,,,,,,,,
43,12,15,15,30,2001,04,04,Levi,Jaffa N,,2.7,,FALSE,,FALSE,,FALSE,,43,,,,,,,,,,,,,,,,4 S+,,,,,,1,,3,,,,,,,,,,,,,FALSE,,,,,1,,,,,FALSE,,,,,,,,,
44,16,30,20,00,2001,04,04,Levi,Jaffa S,10,,,FALSE,,FALSE,,FALSE,,44,,,,,,,,,,,,,,,,,,,,,,,,,,3,,,,,,,,,,,FALSE,,,,,2,,,,,FALSE,,,,,,,,,
45,21,30,04,,2001,04,04,Levi,Ashdod N,11,,,FALSE,,FALSE,,FALSE,,45,,,,,,,,2,15 Kg,,,,,,,,,,,,,,,,,,,,,,,,,,,,FALSE,,,,,,,,,,FALSE,,,,,,,,,
46,07,30,12,30,2001,04,05,Levi,Ashdod N,80,,,FALSE,,FALSE,,FALSE,,46,,1.5 B+1.5 S+,,,,,,,,,,,,,,2 B+2.5 M+,,,,,,,,,,,,12 L+,2.5,,,,,,,2 L+,FALSE,lokus weight 9kg,1 Ind,,,,,,,,FALSE,,,,,,,,,
47,13,30,18,30,2001,04,05,Levi,Riding S,80,,,FALSE,,FALSE,2.8,FALSE,,47,,4,,,,,,,,,,,,,,1 B+1 S+,,,,,,,,,,,,,2,,,,,,,2 L+,FALSE,,,,,,,,,,FALSE,,,,,,,,,
48,19,30,,,2001,04,05,Levi,Ashdod N,,,,FALSE,,FALSE,,FALSE,,48,,,,,,,,,18 Kg,,,,,,,,,,,,,,,,,,,,,,,,,,,,FALSE,,,,,,,,,,FALSE,,,,,,,,,
49,,,,,2001,04,09,Shrot,Kor N,82,,,FALSE,,FALSE,,FALSE,,49,,2,,,,,,,,,,,,,,3,,,,,,,,,,,,,1,,,,,,,,FALSE,,1,,,,,,,,FALSE,,,,,,,,,
50,,,,,2001,04,09,Shrot,Herzelia S,82,,,FALSE,,FALSE,,FALSE,,50,,1,,,,,,,,,,,,,,3,,,,,,,,,,,,,1,,,,,,,,FALSE,,1,,,,,,,,FALSE,,,,,,,,,
51,,,,,2001,04,09,Shrot,Rishon S,110,,,FALSE,,FALSE,,FALSE,,51,,2,,,,,,,,,,,,,,3,,,,,,,,,,,,,1,,,,,,,,FALSE,,2,,,,,3,,,FALSE,,,,,,,,,
52,,,,,2001,04,09,Shrot,Ashdod S,,,night,TRUE,,FALSE,,FALSE,,52,,,,,,,,,15 Kg,,,,,,,,,,,,,,,,,,,,,,,,,,,,FALSE,,,,,,,,,,FALSE,,,,,,,,,
53,07,00,12,00,2001,04,10,Shrot,Ashdod N,80,,,FALSE,,FALSE,,FALSE,,53,,2,,,,,,,,,,,,,,,,,,,,,,,,,,,0.5,,,,,,,,FALSE,,,,,,,,,,FALSE,,,,,,,,,
54,13,00,19,00,2001,04,10,Shrot,Riding S,110,,,FALSE,,FALSE,,FALSE,,54,,5,,,,,,,,,,,,,,2,,,,,,,,,,,,,2.5,,,,,,,,FALSE,,,,,,,,,,FALSE,,,,,,,,,
55,20,00,05,30,2001,04,10,Shrot,Ashdod S,140,,,FALSE,,FALSE,,FALSE,,55,,7,,,,,,,,,,,,,,,,,,,,,,,,,,,,,,,,,,,FALSE,,,,,,,,,,FALSE,,,,,,,,,
56,13,30,19,00,2001,04,11,Shrot,Riding S,110,,,FALSE,,FALSE,,FALSE,Gambari,56,,3,,,,,,,,,,,,,,,,,,,,,,,,,,,1,,,,,,,,FALSE,,,,,,,,,,FALSE,,,,,,,,,
57,20,00,03,00,2001,04,11,Shrot,Ashdod S,100,,,FALSE,,FALSE,,FALSE,,57,,6,,,,,,,,,,,,,,,,,,,,,,,,,,,1,,,,,,,,FALSE,,,,,,,,,,FALSE,,,,,,,,,
58,09,00,13,30,2001,04,12,Levi,Ashdod S,100,,,FALSE,,FALSE,,FALSE,,58,,2,,,,,,,,1.5,,,,,,,,,,,,,,,,,,,0.5,,,,,2,,,FALSE,,,,,,,,,,FALSE,,,,,,,,,
59,14,30,19,00,2001,04,12,Levi,Katza N,110,,,FALSE,,FALSE,,FALSE,,59,,2,,,,,,,,1,,,,,1,,,,,,,,,,,,,,1.5,,,,,2,,,FALSE,kalamari omek,,,,,,,,,FALSE,,,,,,,,,
60,21,00,0430,,2001,04,12,Levi,Ashdod N,,0.6,,FALSE,,FALSE,,FALSE,,60,,,,,2,,,,25 Kg,,,,,,,2,,,,,,,,,,,,,,,,,,,,,FALSE,,,,,,,,,,FALSE,,,,,,,,,
61,01,00,06,00,2001,04,15,Shrot,Ashdod N,110,,,FALSE,,FALSE,,FALSE,,61,,3,,,,,,,,,,,,,,,,,,,,,,,,,,,0.5,,,,,,,,FALSE,,,,,,,,,,FALSE,,,,,,,,,
62,07,00,12,00,2001,04,15,Shrot,Katza N,120,,,FALSE,,FALSE,,FALSE,,62,,4,,,,,,,,,,,,,1,,,,,,,,,,,,,,2,,,,,3,,,FALSE,kalamari omek,,,,,,,,,FALSE,,,,,,,,,
63,13,00,18,00,2001,04,15,Shrot,Ashdod N,115,,,FALSE,,FALSE,,FALSE,,63,,3,,,,,,,,,,,,,,1,,,,,,,,,,,,,0.5,,,,,,,,FALSE,,,,,,,,,,FALSE,,,,,,,,,
64,,,,,2001,04,15,Shrot,Ashdod N,,,night,TRUE,,FALSE,,FALSE,,64,,,,,3,,,,35 Kg,,,,,,,2,,,,,,,,,,,,,,,,,,,,,FALSE,,,,,,,,,,FALSE,,,,,,,,,
65,07,30,,,2001,04,16,Shrot,Ashdod S,120,,,FALSE,,FALSE,,FALSE,,65,,4,,,,,,,,,,,,,1,,,,,,,,,,,,,,1,,,,,,,,FALSE,,,,,,,,,,FALSE,,,,,,,,,
66,13,00,,,2001,04,16,Shrot,Katza N,120,,,FALSE,,FALSE,,FALSE,,66,,3,,,,,,,,,,,,,,,,,,,,,,,,,,,2,,,,,,,,FALSE,,1,,,,,,,,FALSE,,,,,,,,,
67,,,,,2001,04,16,Shrot,Ashdod S,16,,night,TRUE,,FALSE,,FALSE,,67,,,,,,,,,45 Kg,,,,,,,,,,,,,,,,,,,,,,,,,,,,FALSE,,,,,,,,,,FALSE,,,,,,,,,
68,07,30,12,30,2001,04,17,Shrot,Ashdod S,81,,,FALSE,,FALSE,,FALSE,,68,,4,,,,,,,,,,,,,,2 S+0.5 M+,,,,,,,,,,,,,2,,,,,,,,FALSE,,,,,,,,,,FALSE,,,,,,,,,
69,13,00,,,2001,04,17,Shrot,hasi N,81,,net tear,FALSE,,FALSE,,FALSE,,69,,4,,,,,,,,,,,,,,2,,,,,,,,,,,,,1,,,,,,,,FALSE,,,,,,,,,,FALSE,,,,,,,,,
70,,,,,2001,04,17,Shrot,Ashdod S,,,night,TRUE,,FALSE,,FALSE,,70,,,,,,,,,30 Kg,,,,,,,,,,,,,,,,,,,,,,,,,,,,FALSE,,,,,,,,,,FALSE,,,,,,,,,
71,,,,,2001,04,24,,,,,,FALSE,,TRUE,,FALSE,,71,,,,,,,,,,,,,,,,,,,,,,,,,,,,,,,,,,,,,FALSE,,,,,,,,,,FALSE,,,,,,,,,
72,01,00,05,30,2001,04,26,Levi,Ashdod N,,0.6,,FALSE,,FALSE,,FALSE,Gambari,72,,,,,2.5,,,1,20 Kg,,,,,,,,,,,,,,,,,,,,,,,,,,,,FALSE,,,,,,,,,,FALSE,,,,,,,,,
73,06,30,10,15,2001,04,27,Levi,Ashdod N,15,,,FALSE,,FALSE,,FALSE,,73,,,,,,,,,,,0.5,,,,1,0.5,,1 L+,,,,0.5,,,,,,,,,,,,,,,FALSE,,0.5+1 Ind,,,,,,,,FALSE,,,,,,,,,
74,10,45,14,15,2001,04,27,Levi,Riding N,16,,,FALSE,,FALSE,,FALSE,,74,,,,,,,,,,,0.5,,,,,,,1,,,,0.5,,,,,,,,,,1,,,,,FALSE,,,,,1,,,,,FALSE,,,,,,,,,1 Ind L+
75,15,30,1945,,2001,04,27,Levi,Tel Aviv S,,3.4,,FALSE,,FALSE,,FALSE,,75,,,,,,,,,,,0.5,,,,,,,1.5,,,,,,,,,,,,,,,,,,,FALSE,,1.5,,,2,,,,,FALSE,,,,,3,,,,
76,20,30,05,40,2001,04,27,Levi,Ashdod S,,0.6,,FALSE,,FALSE,,FALSE,,76,,,,,2,,,2,40 Kg,,,,,,,,,,,,,,,,,,,,,,,,,,,,FALSE,,,,,,,,,,FALSE,,,,,,,,,
77,06,15,09,45,2001,04,28,Levi,Ashdod N,12,,,FALSE,,FALSE,,FALSE,,77,,,,,,,,,,,,,,,,7,,,,,,,,,,,,,,,,,,,,,FALSE,,,,,,,,,,FALSE,,,,,,,,,
78,10,30,14,30,2001,04,28,Levi,Jaffa N,,,,FALSE,,FALSE,,FALSE,,78,,,,,,,,,,,1,,,,,0.5 M+,,1,,,,0.5,,,,,,,,,,,,,,,FALSE,,1,,,,,,,,FALSE,,,,,4,,,,
79,15,00,19,30,2001,04,28,Levi,gaas S,,3,,FALSE,,FALSE,,FALSE,,79,,,,,,,,,,,,,,,,,,,,,,,,,,,,,,,,,,,,,FALSE,,1.5,,,2,,,,,FALSE,,,,,,,,,
80,20,30,05,30,2001,04,28,Levi,Ashdod N,,0.6,,FALSE,,FALSE,,FALSE,,80,,,,,1,,,2,30 Kg,,,,,,,,,,,,,,,,,,,,,,,,,,,,FALSE,,,,,,,,,,FALSE,,,,,,,,,
81,07,30,11,30,2001,04,29,Levi,Ashdod S,,1.6,,FALSE,,FALSE,,FALSE,,81,,,,,,,,,,,1,,1,,,1 B+,,15 L+,,,,,,,,,,,,,,,,,,,FALSE,,1,,,1,,,,,FALSE,,,,,,,,,
82,12,00,15,30,2001,04,29,Levi,Ashdod S,,1.8,,FALSE,,FALSE,,FALSE,,82,,,,,,,,,,,,,,,,,,1,,,,,,,,,,,,,,1,,,,,FALSE,,,,,1,,,,,FALSE,,,,,,,,,
83,16,00,19,30,2001,04,29,Levi,Ashdod S,,1.8,,FALSE,,FALSE,,FALSE,,83,,,,,,,0.5,,,,,,1,,,,,,,,,,,,,,,,,,,,,,,,FALSE,,0.5,,,1,,,,,FALSE,,,,,,,,,
84,08,00,11,15,2001,04,30,Levi,Ashdod N,,3.4,,FALSE,,FALSE,,FALSE,,84,,,,,,,,,,,,,,,,1 B+,,,1 S+1 M+,,,2,,,,,,,,,,,,,,,FALSE,,1,,,1,,,,,FALSE,,,,,5,,,,
85,11,45,15,30,2001,04,30,Levi,Jaffa S,,3.4,,FALSE,,FALSE,,FALSE,,85,,,,,,,,,,,,,,,,,,,,,,,,,,,,,,,,,,,,,FALSE,,3,,,1,,,,,FALSE,,,,,2,,,,
86,16,00,19,30,2001,04,30,Levi,Ashdod N,,3.25,,FALSE,,FALSE,,FALSE,,86,,,,,,,,,,,,,,,,1 B+1 S+,,1,,,,,,,,,,,,,,,,,,,FALSE,,1,,,1,,,,,FALSE,,,,,,,,,
87,20,30,,,2001,04,30,Levi,Ashdod N,,0.6,,FALSE,,FALSE,,FALSE,,87,,,,,,,,2,25 Kg,,,,,,,,,,,,,,,,,,,,,,,,,,,,FALSE,,,,,,,,,,FALSE,,,,,,,,,
88,06,45,11,00,2001,05,1,Levi,Ashdod S,,1.6,,FALSE,,FALSE,,FALSE,,88,,,,,,,,,,,,,,,,,,1,1,,,,,,,,,,,,,,,,,,FALSE,,1,,,1,,,,,FALSE,,,,,,,,,
89,12,00,1500,,2001,05,1,Levi,Ashdod N,,3.25,,FALSE,,FALSE,,FALSE,,89,,,,,,,,,,,,,,,,,,,,,,,,,,,,,,,,,,,,,FALSE,,,,,2,,,,,FALSE,,,,,,,,,
90,15,30,19,00,2001,05,1,Levi,Jaffa N,,2,,FALSE,,FALSE,,TRUE,,90,,,,,,,,,,,,,,,,,,1,,,,,,,,,,,2,,,,,,,,FALSE,,1,,,2,,,,,FALSE,,,,,,,,,
91,18,30,21,00,2001,05,2,Levi,Ashdod N,,1.8,,FALSE,,FALSE,,FALSE,,91,,,,,,,,,,,,,,,,,,,,,1 Ind,,,,,4,,,,,,,,,,,FALSE,,,,,1,,,,,FALSE,,,,,,,,,
92,22,45,05,45,2001,05,2,Levi,Ashdod N,,0.6,,FALSE,,FALSE,,FALSE,Gambari,92,,,,,,,,,20 Kg,,,,,,,,,,,,,,,,,5,,,,,,,,,1,,FALSE,,,,,1,,,,,FALSE,,,,,,,,,
93,06,30,10,30,2001,05,3,Levi,Bat yam S,18,,,FALSE,,FALSE,,FALSE,,93,,,,,,,,,,,,,,many,,,,,,,,,,,,,,,,,,,,,,,FALSE,,,,,4,,,,,FALSE,,,,,,,,,
94,14,45,1930,,2001,05,3,Levi,Ashdod S,,3.2,,FALSE,,FALSE,,FALSE,,94,,,,,,,,,,,,,,,1,,,,,,,,,,,,,,,,,,,,,,FALSE,,1,,,1,,,,,FALSE,,,,,,,,,
95,20,30,03,45,2001,05,3,Levi,Ashdod N,,0.5,,FALSE,,FALSE,,FALSE,Gambari,95,,,,,1,,,4,,,,,,,,,,,,,,,,,,,,,,,,,,,,,FALSE,,,,,,,,,,FALSE,,,,,,,,,
96,08,00,11,30,2001,05,4,Shrot,Ashdod S,,2.2,,FALSE,,FALSE,,FALSE,,96,,,,,,,1,,,,,0.5,,,0.5,1 S+0.5 M+,,1,,,,6,,,,,,,,,,,,,,,FALSE,,2,,,,,,,,FALSE,,,,,,,,,
97,12,00,15,30,2001,05,4,Shrot,Ashdod S,,2.2,,FALSE,,FALSE,,FALSE,,97,,,,,,,,,,,,,,,,1,,,,,,,,,,,,,3,,,1,,,,,FALSE,,,,,1,,,,,FALSE,,,,,,,,,
98,16,00,19,30,2001,05,4,Shrot,Ashdod S,,2,,FALSE,,FALSE,,FALSE,,98,,,,,,,,,,,,,,,1,1,,2,,1 Ind,,,,,,,,,1.5,,,1,,,,,FALSE,,,,,,,,,,FALSE,,,,,,,,,
99,07,45,11,30,2001,05,5,,Ashdod S,,2.2,,FALSE,,FALSE,,FALSE,,99,,,,,,,,,,,,,,,0.5,1,,1,,,,,,,,,,,0.5,,,2,,,,,FALSE,,,,,,,,,,FALSE,,,,,,,,,
100,16,15,19,30,2001,05,22,Levi,Ashdod S,22,,,FALSE,,FALSE,,FALSE,,100,,,,,,,,,,,1,0.25,,,,,,0.25,,,,0.5,,,,,,,,,,1,,,,,FALSE,,,,,,,,,,FALSE,,,,,,,,,
101,20,30,05,00,2001,05,22,Levi,Ashdod S,12,,,FALSE,,FALSE,,FALSE,Gambari,101,,,,,,,,,18 Kg,,,,,,,,,,,,,,,,,,,,,,,,,,,,FALSE,,,,,,,,,,FALSE,,,,,,,,,
102,06,45,10,30,2001,05,23,Levi,Ashdod S,,2.2,,FALSE,,FALSE,,FALSE,,102,,,,,,,0.5,,,,1,,,,,,,,,,,,,,,,,,,,,,,,,,FALSE,,1,,,1,,,,,FALSE,,,,,,,,,
103,13,00,18,30,2001,05,23,Levi,Ashdod N,180,,,FALSE,,FALSE,,FALSE,,103,,8,,,,,,,,,,,,,,,,,,,,,,,,,,,,,,,,2,,,FALSE,,,,,1,,,,,FALSE,,,,,,,,,
104,20,00,02,30,2001,05,23,Levi,Jaffa N,180,,,FALSE,,FALSE,2.1,FALSE,,104,,5.5,,,,,,,,,,,,,,,,,,,,,,,,,,,,,,,,4,,,FALSE,,,,,,,,1,1,FALSE,,,,,,,,,
105,03,30,09,00,2001,05,23,Levi,Natanya S,180,,,FALSE,,FALSE,2.3,FALSE,,105,,4,,,,,,,,,,,,,,,,,,,,,,,,,,,,,,,,2,,,FALSE,,,,,1,,,,,FALSE,,,,,,,,,
106,10,00,16,00,2001,05,24,Levi,Jaffa S,190,,,FALSE,,FALSE,,FALSE,,106,,6,,,,,,,,1,,,,,,,,,,,,,,,,,,,,,,,,2,,,FALSE,,,,,,,,,,FALSE,,,,,,,,,
107,17,00,22,00,2001,05,24,Levi,Ashdod N,180,,,FALSE,,FALSE,,FALSE,,107,,6,,,,,,,,,,,,,,,,,,,,,,,,,,,,,,,,2,,,FALSE,,,,,,,,,,FALSE,,,,,,,,,
108,23,00,02,30,2001,05,24,Levi,Jaffa S,180,,,FALSE,,FALSE,,FALSE,,108,,3,,,,,,,,,,,,,,,,,,,,,,,,,,,,,,,,2,,,FALSE,,,,,,,,,,FALSE,,,,,,,,,
109,07,00,1100,,2001,05,25,Levi,Ashdod N,,1.8,,FALSE,,FALSE,,FALSE,,109,,,,,,,,,,,,0.25,,,,,,0.5,2,,1,,,,,,,,,,,,,,0.25,,FALSE,,,,,1,,,,,FALSE,,,,,,,,,
110,11,30,14,30,2001,05,25,Levi,Jaffa N,,2.5,,FALSE,,FALSE,,FALSE,,110,,,,,,,6 L+,,,,2,,,,,,,1,,,,,,,,,,,,,,,,,,,FALSE,,1,,,1,,,,,FALSE,,,,,,,,,
111,15,00,19,30,2001,05,25,Levi,Herzelia N,,1.8,,FALSE,,FALSE,,FALSE,,111,,,,,,,,,,,,,,,,,,2.5,,1 Ind,,,,,,,,,,,,,,,,,FALSE,,,,,1.5,,,,,FALSE,,,,,,,,,
112,20,30,,,2001,05,25,Levi,bank N,16,,,FALSE,,FALSE,,FALSE,Gambari,112,,,,,,,,2,20 Kg,,,,,,,,,,,,,,,,,,,,,,,,,,,,FALSE,,,,,,,,,,FALSE,,,,,,,,,
113,07,00,11,15,2001,05,26,Levi,Riding N,24,,,FALSE,,FALSE,,FALSE,,113,,,,,,,,,,1,1.5,,,,,,,,,,,,,,,,,,,,,0.5,,,,2 L+,FALSE,,,,,1,,,,,FALSE,,,,,,,,,
114,11,45,15,15,2001,05,26,Levi,Ashdod N,,3.2,,FALSE,,FALSE,,FALSE,,114,,,,,,,,,0.5,,,,1 Ind,,,,,1,8 M+,,,,,,,,,,,,,,,,1,,FALSE,intias6kg,0.5,,,,,,,,FALSE,,,,,,,,,
115,16,00,18,00,2001,05,26,Levi,,,,net tear,FALSE,,FALSE,,FALSE,,115,,,,,,,,,,,,,,,,,,,,,,,,,,,,,,,,,,,,,FALSE,,1,,,2,,,,,FALSE,,,,,,,,,
116,20,30,04,00,2001,05,26,Levi,Ashdod N,,1.3,,FALSE,,FALSE,,FALSE,,116,,,,,,,,,20 Kg,,,,,,,,,,,,,,,,,,,,,,,,,,,,FALSE,,,,,,,,,,FALSE,,,,,,,,,
117,,,,,2001,07,4,Levi,Palmachim N,52,,night,TRUE,,FALSE,,FALSE,,117,,,,,,,,,,,,,,,,4,,,,,,,,,,,,,0.5,,,,,,,,FALSE,,1,,,,,,,,FALSE,,,,,,,,,
118,02,30,06,30,2001,07,05,Shrot,Herzelia N,52,,,FALSE,,FALSE,,FALSE,,118,,,,,,,,,,,,,,,,3,,,,,,,,,,,,,0.5,,,,,,,,FALSE,,,,,,,3,,,FALSE,,,,,,,,,
119,,,,,2001,07,5,Shrot,Hadera S,55,,,FALSE,,FALSE,,FALSE,,119,,,,,,,,,,,,,,,,,,,,,,,,,,,,,,,,,,,,,FALSE,,,,,5,,,,,FALSE,,,,,,,,,
120,,,,,2001,07,5,Shrot,Herzelia N,54,,,FALSE,,FALSE,,FALSE,,120,,,,,,,,,,,,,,,,,,,,,,,,,,,,,,,,,,,,,FALSE,,,,,6,,,,,FALSE,,,,,,,,,
121,,,,,2001,07,5,Shrot,Hadera S,54,,,FALSE,,FALSE,,FALSE,,121,,,,,,,,,,,,,,,,,,,,,,,,,,,,,,,,,,,,,FALSE,,,,,3,,,,,FALSE,,,,,,,,,
122,,,,,2001,07,5,Shrot,Herzelia S,,,,FALSE,,FALSE,,FALSE,,122,,,,,,,,,,,,,,,,,,,,,,,,,,,,,,,,,,,,,FALSE,,,,,3,,,,,FALSE,,,,,,,,,
123,,,,,2001,07,7,Shrot,Ashdod N,,3.2,,FALSE,,FALSE,,FALSE,,123,,,,,,,,,,,,,,,,,,,,,,,,,,,,,,,,,,,,,FALSE,,,,,2,,,,,FALSE,,,,,,,,,
124,,,,,2001,07,7,Shrot,Rishon N,,4,,FALSE,,FALSE,,FALSE,,124,,,,,,,,,,,,,,,,,,,,,,,,,,,,,,,,,,,,,FALSE,,,,,3,,,,,FALSE,,,,,,,,,
125,,,,,2001,07,7,Shrot,Herzelia S,,,madregot,FALSE,,FALSE,,FALSE,,125,,,,,,,,,,,,,,,,,,,,,,,,,,,,,,,,,,,,,FALSE,,,,,3,,,,,FALSE,,,,,,,,,
126,,,,,2001,07,7,Shrot,Bat yam S,,1.85,,FALSE,,FALSE,,FALSE,,126,,,,,,,,,,,,,,,,,,,,,,,,,,,,,,,,,,,,,FALSE,,,,,8,,,,,FALSE,,,,,,,,,
127,,,,,2001,07,7,Shrot,,,1.85,night,TRUE,,FALSE,,FALSE,,127,,,,,,,,,30 Kg,,,,,,,,,,,,,,,,,,,,,,,,,,,,FALSE,,,,,,,,,,FALSE,,,,,,,,,
128,,,,,2001,07,8,Shrot,Ashdod S,27,,,FALSE,,FALSE,,FALSE,,128,,,,,,,,,,,,,,,,,,,,,,,,,,,,,,,,,,,,,FALSE,,,,,2,,,,,FALSE,,,,,,,,,
129,,,,,2001,07,8,Shrot,Katza N,,3,,FALSE,,FALSE,,FALSE,,129,,,,,,,,,,,,,,,,,,,,,,,,,,,,,,,,,,,,,FALSE,,,,,6,,,,,FALSE,,,,,,,,,
130,,,,,2001,07,8,Shrot,Ashdod S,,3,,FALSE,,FALSE,,FALSE,,130,,,,,,,,,,,,,,,,,,,,,,,,,,,,,,,,,,,,,FALSE,,,,,8,,,,,FALSE,,,,,,,,,
131,,,,,2001,07,8,Shrot,Ashdod S,,1.4,night,TRUE,,FALSE,,FALSE,,131,,,,,,,,,18 Kg,,,,,,,,,,,,,,,,,,,,,,,,,,,,FALSE,,,,,,,,,,FALSE,,,,,,,,,
132,,,,,2001,07,9,Shrot,nitzanim S,,4,,FALSE,,FALSE,,FALSE,,132,,,,,,,,,,,,,,,,,,,,,,,,,,,,,,,,,,,,,FALSE,,,,,2,,,,,FALSE,,,,,,,,,
133,,,,,2001,07,9,,Katza N,,4,,FALSE,,FALSE,,FALSE,,133,,,,,,,,,,,,,2,,0.5,2,,2,,,0.5,,,,,,,,,,,2,,,,,FALSE,,,,,,,,,,FALSE,,,,,,,,,
134,,,,,2001,07,9,Shrot,Ashdod S,,1.6,,FALSE,,FALSE,,FALSE,,134,,,,,,,,,,,,,,,,2,,2,,,,,,,,,,,0.5,,,1,1,,,,FALSE,,,,,,,,,,FALSE,,,,,,,,,
135,,,,,2001,07,9,Shrot,Ashdod,12,,night,TRUE,,FALSE,,FALSE,,135,,,,,,,,,10 Kg,,,,,,,,,,,,,,,,,,,,,,,,,,,,TRUE,,,,,,,,,,FALSE,,,,,,,,,
136,,,,,2001,07,9,Shrot,Ashdod,12,,night,TRUE,,FALSE,,FALSE,,136,,,,,,,,,12 Kg,,,,,,,,,,,,,,,,,,,,,,,,,,,,TRUE,,,,,,,,,,FALSE,,,,,,,,,
137,,,,,2001,07,10,Shrot,Ashdod S,1.8,,,FALSE,,FALSE,,FALSE,,137,,,,,,,,,,,,,,,,,,,,,,,,,,,,,,,,,,,,,FALSE,,,,,10,,,,,FALSE,,,,,,,,,
138,18,00,05,30,2001,07,11,Levi,Ashdod S,12,,,FALSE,,FALSE,,FALSE,,138,,,,,,,,,20 Kg,,,,,,,,,,,,,,,,,,,,,,,,,,,,FALSE,,,,,,,,,,FALSE,,,,,,,,,
139,18,00,20,30,2001,07,12,Levi,,,2,,FALSE,,FALSE,,FALSE,,139,,,,,,,,1,,,,,,,,,,1,,,,,,,,,,,,,,,,,,,FALSE,,,,,,,,,,FALSE,,,,,,,,,
140,19,00,05,30,2001,07,12,Levi,Ashdod S,12,,,FALSE,,FALSE,,FALSE,,140,,,,,,,,,18 Kg,,,,,,,,,,,,,,,,,,,,,,,,,,,,FALSE,,,,,,,,,,FALSE,,,,,,,,,
141,08,00,11,00,2001,07,13,Levi,Ashdod S,,4,,FALSE,,FALSE,,FALSE,,141,,,,,,,,,,,,,,,,,,,,,,,,,,,,,,,,,,,,,FALSE,,,,,,,,,,TRUE,,,,,,,,,
142,14,30,17,30,2001,07,13,Levi,Ashkelon N,,4,,FALSE,,FALSE,,FALSE,,142,,,,,,,,,,,,,,,,,,,,,,,,,,,,,,,,,,,,,FALSE,,,,,2,,,,,FALSE,,,,,,,,,
143,18,30,20,30,2001,07,13,Levi,Ashdod N,,2.4,,FALSE,,FALSE,,FALSE,,143,,,,,,,,,,,,,,,, 2 B+2 S+,,,,,,,,,,,,,,,,,,,,,FALSE,,,,,,,,,,FALSE,,,,,,,,,
144,21,00,01,30,2001,07,13,Levi,Ashdod N,,1.9,,FALSE,,FALSE,,FALSE,Gambari,144,,,,,,,,2,8 Kg,,,,,,,,,,,,,,,,,,,,,,,,,,,,FALSE,,,,,,,,,,FALSE,,,,,,,,12 Kg,
145,02,00,05,30,2001,07,13,Levi,,18,,,FALSE,,FALSE,,FALSE,,145,,,,,,,,1,4 Kg,,,,,,,,,,,,,,,,,,,,,,,,,,,,FALSE,,,,,,,,,,FALSE,,,,,,,,8 Kg,
146,07,30,11,30,2001,07,14,Levi,Kor N,,3.5,,FALSE,,FALSE,,FALSE,,146,,,,,,,,,,,,,,,,2 B+,,,,,,,,,,,,,,,,,,,,2 L+,FALSE,,2.5,,,1,,,,,FALSE,,,,,,,,,
147,12,00,16,00,2001,07,14,Levi,Tel Aviv S,,3,,FALSE,,FALSE,,FALSE,,147,,,,,,,,,,,,,,,,3,,,,,,,,,,,,,,,,,,,,,FALSE,,1,,,,,,,,FALSE,,,,,,,,,
148,10,15,14,00,2001,07,15,Levi,Jaffa N,16,2,,FALSE,,FALSE,,FALSE,,148,,,,,,,,,,,,,,,,,,2 L+,,,,,,,,,,,,,,,,,,,FALSE,,,,,1,,,,,FALSE,,,,,,,,,
149,14,30,18,00,2001,07,15,Levi,Falick S,16,,,FALSE,,FALSE,,FALSE,,149,,,,,,,,,,,,,,,,,,,,,,,,,,,,,,,,,,,,,FALSE,,,,,3,,,,,FALSE,,,,,,,,,
150,21,00,02,00,2001,07,15,Levi,Jaffa N,29,,,FALSE,,FALSE,,FALSE,,150,,,,,,,,,,,,,,,,,,,,,,,,,,,,,,,,,,,,,FALSE,,,,,2,,,,,FALSE,,,,,,,,,
151,03,00,07,30,2001,07,15,Levi,Falick S,42,,,FALSE,,FALSE,,FALSE,,151,,,,,,,,,,,,,,,,,,,,,,,,,,,,,,,,,,,,,FALSE,,,,,2,,,,,FALSE,,,,,,,,,
152,08,00,12,00,2001,07,16,Levi,Tel Aviv N,32,,,FALSE,,FALSE,,FALSE,,152,,,,,,,,,,,,,,,,1,,,,,,1 M+,,,,,,,,,,,,,,,FALSE,,,,,1,,,,,FALSE,,,,,,,,,
153,12,30,16,30,2001,07,16,Levi,Herzelia S,,,,FALSE,,FALSE,,FALSE,,153,,,,,,,,,,,,,,,,,,,,,,1,,,,,,,,,,,,,,,FALSE,,,,,2,,,,,FALSE,,,,,,,,,
154,17,00,20,30,2001,07,16,Levi,Jaffa S,,3.2,,FALSE,,FALSE,,FALSE,,154,,,,,,,,,,,,,,,,,,,,,,,,,,,,,,,,,,,,3 M+,FALSE,,,,,1,,,,,FALSE,,,,,,,,,
155,21,00,05,30,2001,07,16,Levi,Ashdod N,,1.4,,FALSE,,FALSE,,FALSE,Gambari,155,,,,,,,,,25 Kg,,,,,,,,,,,,,,,,,,,,,,,,,,,,FALSE,,,,,,,,,,FALSE,,,,,,,,,
156,09,30,13,30,2001,07,17,Levi,nitzanim S,,2.2,,FALSE,,FALSE,,FALSE,,156,,,,,,,,1 M+,,,1.5,,1,,,,,0.5 L+,,,,1 M+,,,,,,,,,,,,,,,FALSE,,1,,,,,,,,FALSE,,,,,,,,,
157,,,,,2001,07,2,Shrot,Ashdod S,,4,,FALSE,,FALSE,,FALSE,,157,,,,,,,,,,,,,,,,,,,,,,,,,,,,,,,,,,,,,FALSE,,,,,,,,,,TRUE,,,,,,,,,
158,,,,,2001,07,2,Shrot,Ashdod S,,,,FALSE,,FALSE,,FALSE,,158,,,,,,,,,,,,,,,,,,,,,,,,,,,,,2,,,,,,,,FALSE,,,,,,,,,,FALSE,,,,,,,,,
159,,,,,2001,07,2,Shrot,nitzanim N,,3.4,,FALSE,,FALSE,,FALSE,,159,,,,,,,,,,,,,,,,,,,,,,5,,,,,,,,,,,,,,,FALSE,,,,,3,,,,,FALSE,,,,,,,,,
160,,,,,2001,07,2,Shrot,Ashdod S,46,,,FALSE,,FALSE,,FALSE,,160,,,,,,,,,,,,,,,25 Kg,6,,,,,,,,,,,,,0.5,,,,,,,,FALSE,,,,,,,,,,FALSE,,,,,,,,,
161,,,,,2001,07,2,Shrot,Gazza N,,4,,FALSE,,FALSE,,FALSE,,161,,,,,,,,,,,,,,,,,,,,,,,,,,,,,,,,,,,,,FALSE,,,,,3,,,,,FALSE,,,,,,,,,
162,,,,,2001,07,2,Shrot,nitzanim N,,4,,FALSE,,FALSE,,FALSE,,162,,,,,,,,,,,,,,,,,,,,,,,,,,,,,,,,,,,,,FALSE,,,,,5,,,,,FALSE,,,,,,,,,
163,,,,,2001,07,2,Shrot,Ashdod N,,3.3,,FALSE,,FALSE,,FALSE,,163,,,,,,,,,,,,,,,,,,,,,,,,,,,,,,,,,,,,,FALSE,,,,,,,,,,TRUE,,,,,,,,,
164,,,,,2001,07,3,Shrot,Jaffa S,50,,,FALSE,,FALSE,,FALSE,,164,,,,,,,,,,,,,,,25 Kg,6,,,,,,,,,,,,,0.5,,,,,,,,FALSE,,,,,,,10,,,FALSE,,,,,,,,,
165,,,,,2001,07,4,Shrot,Ashdod S,20,,,FALSE,,FALSE,,FALSE,,165,,,,,,,,,,,,,,,,,,,,,,,,,,,,,,,,,,,,,FALSE,,,,,,,,,,TRUE,,,,,,,,,
166,,,,,2001,07,4,Shrot,Katza N,27,,,FALSE,,FALSE,,FALSE,,166,,,,,,,,,,,,,,,,,,,,,,,,,,,,,,,,,,,,,FALSE,,,,,,,,,,TRUE,,,,,,,,,
167,,,,,2001,07,4,Shrot,nitzanim N,,3,,FALSE,,FALSE,,FALSE,,167,,,,,,,,,,,,,,,,,,,,,,,,,,,,,,,,,,,,,FALSE,,,,,10,,,,,FALSE,,,,,,,,,
168,,,,,2001,07,4,Shrot,,50,,night,TRUE,,FALSE,,FALSE,,168,,,,,,,,,,,,,,,30 Kg,2,,,,,,,,,,,,,0.5,,,,,,,,FALSE,,,,,,,10,,,FALSE,,,,,,,,,
169,,,,,2001,07,6,Shrot,Ashdod S,,3,,FALSE,,FALSE,,FALSE,,169,,,,,,,,,,,,,,,,,,,,,,,,,,,,,,,,,,,,,FALSE,,,,,4,,,,,FALSE,,,,,,,,,
170,,,,,2001,07,6,Shrot,nitzanim N,,4,,FALSE,,FALSE,,FALSE,,170,,,,,,,,,,,,,,,,1,,1,,,,2.5,,,,,,,,,,,,,,,FALSE,,1,,,,,,,,FALSE,,,,,,,,,
171,,,,,2001,07,6,Shrot,Bat yam N,,2,,FALSE,,FALSE,,FALSE,,171,,,,,,,,,18 Kg,,,,,,,,,,,,,,,,,,,,,,,,,,,,FALSE,1 klipa kasa,1,,,,,,,,FALSE,,,,,,,,,
172,,,,,2001,07,6,Shrot,Bat yam,,2,,FALSE,,FALSE,,FALSE,,172,,,,,,,,,22 Kg,,,,,,,,,,,,,,,,,,,,,,,,,,,,FALSE,1 klipa kasa,1,,,,,,,,FALSE,,,,,,,,,
173,,,,,2001,07,7,Shrot,Rishon S,,3.5,,FALSE,,FALSE,,FALSE,,173,,,,,,,,,,,,,,,,,,,,,,,,,,,,,,,,,,,,,FALSE,,,,,1,,,,,FALSE,,,,,,,,,
174,,,,,2001,07,7,Shrot,nitzanim N,,3.2,,FALSE,,FALSE,,FALSE,,174,,,,,,,,,,,,,,,,3 B+1 S+1 M+,,3 S+,,,,1,,,,,,,,,,1,,,,,FALSE,,,,,1,,,,,FALSE,,,,,,,,,
175,,,,,2001,07,7,Shrot,Bat yam S,,2.2,,FALSE,,FALSE,,FALSE,,175,,,,,,,,,,,,,,,,,,,,,,,,,,,,,,,,,,,,,FALSE,,,,,8,,,,,FALSE,,,,,,,,,
176,,,,,2001,07,7,Shrot,Bat yam,,2,,FALSE,,FALSE,,FALSE,,176,,,,,,,,,20 Kg,,,,,,,,,,,,,,,,,,,,,,,,,,,,FALSE,,,,,,,,,,FALSE,,,,,,,,,
177,,,,,2001,07,11,Shrot,Ashdod N,,2,,FALSE,,FALSE,,FALSE,,177,,,,,,,,,2,,,,,,,,,,,,,,,,,,,,,,,,,,,,FALSE,1klipa kasa,,,,,,,,,FALSE,,,,,,,,,
178,,,,,2001,07,12,Shrot,,,2,,FALSE,,FALSE,,FALSE,,178,,,,,,,,,2,,,,,,,,,,,,,,,,,,,,,,,,,,,,FALSE,1klipa kasa,,,,,,,,,FALSE,,,,,,,,,
179,,,,,2001,07,13,Shrot,Ashdod S,26,,,FALSE,,FALSE,,FALSE,,179,,,,,,,,,,,,,,,,,,,,,,,,,,,,,,,,,,,,,FALSE,,,,,3,,,,,FALSE,,,,,,,,,
180,,,,,2001,07,13,Shrot,Ashdod S,26,,,FALSE,,FALSE,,FALSE,,180,,,,,,,,,,,,,,,,,,,,,,1,,,,,,,,,,,,,,,FALSE,,,,,,,,,,FALSE,,,,,,,,,
181,,,,,2001,07,13,Shrot,Ashdod N,,,maslol goli,FALSE,,FALSE,,FALSE,,181,,,,,,,,,,,,,,,,,,2,,,,,,,,,,,,,,,,,,,FALSE,,,,,,,,,,FALSE,,,,,,,,,
182,,,,,2001,07,13,Shrot,Ashdod N,,2,night,TRUE,,FALSE,,FALSE,,182,,,,,,,,,2,,,,,,,,,,,,,,,,,,,,,,,,,,,,FALSE,1 klipa kasa,,,,,,,,,FALSE,,,,,,,,,
183,13,45,17,00,2001,07,16,Levi,Ashdod N,22,,,FALSE,,FALSE,2.8,FALSE,,183,,,,,,,,,,,,,,,,,,2.5,,,,,,,,,,,,,,,,,,,FALSE,,0.5,,,1,,,,,FALSE,,,,,,,,,
184,17,30,21,00,2001,07,16,Levi,Jaffa N,,2.8,,FALSE,,FALSE,,FALSE,,184,,,,,,,,,,,,,1 Ind,,,1,,,,,,,,,,,,,,,,,,,,,FALSE,,,,,,,,,,FALSE,,,,,,,,,
185,22,30,04,00,2001,07,16,Levi,Herzelia N,52,,,FALSE,,FALSE,,FALSE,,185,,,,,,,,,,2 B+,,,,,40 Kg,,,,,,,,,,,,,,,,,,,,,,FALSE,,,,,,,2,,,FALSE,,,,,,,,,
186,05,00,08,30,2001,07,17,Levi,Hadera S,,4,,FALSE,,FALSE,,FALSE,,186,,,,,,,,,,,1,,,,,1,,,,,,,,,,,,,1 B+,,,,,,,,FALSE,,,,,1,,,,,FALSE,,,,,,,,,
187,09,00,13,30,2001,07,17,Levi,Falick S,,3.8,,FALSE,,FALSE,,FALSE,,187,,,,,,,0.75,,,,1.5,,,,,,,,,,,,,,,,,,,,,,,,,,FALSE,,0.75,,,1,,,,,FALSE,,,,,,,,,
188,14,15,18,00,2001,07,17,Levi,Tel Aviv S,,3.5,,FALSE,,FALSE,,FALSE,,188,,,,,,,,,,,,0.5,,,,1 B+1 S+,,1.5,,,,,,,,,,,0.5,,,,,,,,FALSE,,0.5,,,,,,,,FALSE,,,,,,,,,
189,19,00,20,30,2001,07,17,Levi,Palmachim N,,3,,FALSE,,FALSE,,FALSE,,189,,,,,,,,,,,,,,,,,,,,,,,,,,,,,,,,,,,,,FALSE,,,,,1.5,,,,,FALSE,,,,,,,,,
190,21,30,04,00,2001,07,17,Levi,Ashdod N,,1.6,,FALSE,,FALSE,,FALSE,,190,,,,,,,,2,20 Kg,,,,,,,,,,,,,,,,,,,,,,,,,,,,FALSE,,,,,,,,,,FALSE,,,,,,,,,
191,08,45,12,45,2001,07,18,Levi,Ashdod S,,1.4,,FALSE,,FALSE,,FALSE,,191,,,,,,,,,,,2,,,,,,,1.5,,,,1 M+,,,,,,,0.5 B+,,,1,,,,,FALSE,,,,,,,,,,FALSE,,,,,,,,,
192,13,30,17,30,2001,07,18,Levi,Katza S,26,,,FALSE,,FALSE,,FALSE,,192,,,,,,,,,,,3,1.5,,,,1 B+1 S+,,1,,,,2 S+2 L+,,,,,,,2 B+,,,,,,,,FALSE,,1,,,,,,,,FALSE,,,,,,,,,
193,18,00,20,30,2001,07,18,Levi,nitzanim S,22,,,FALSE,,FALSE,,FALSE,,193,,,,,,,,,,,2,,,,,,,,,,,1,,,,,,,1,,,,,,,,FALSE,,1,,,1,,,,,FALSE,,,,,,,,,
194,,,,,2001,07,18,Levi,Ashdod S,,1.4,,FALSE,,FALSE,,FALSE,,194,,,,,,,,,12 Kg,,,,,,,,,,,,,,,,,,,,,,,,,,,,FALSE,,,,,,,,,,FALSE,,,,,,,,,
195,06,00,10,00,2001,07,19,Levi,nitzanim S,23,,,FALSE,,FALSE,,FALSE,,195,,,,,,,,,,,2,1,,,,,,,,,,0.5 S+1 L+,,,,,,,1 B+,,,1,,,,,FALSE,,,,,,,,,,FALSE,,,,,,,,,
196,10,30,15,00,2001,07,19,Levi,Gazza N,23,,,FALSE,,FALSE,,FALSE,,196,,,,,,,,,,,1,1,,,,1,,,,,,0.5 S+1.5 M+,,,,,,,2 B+,,,,,,,,FALSE,,,,,1,,,,,FALSE,,,,,,,,,
197,15,30,20,30,2001,07,19,Levi,Ashdod S,23,,,FALSE,,FALSE,,FALSE,,197,,,,,,,,,,,1,,,,,1,,1,,,,,,,,,,,,,1,1.5,,,,,FALSE,,,,,1,,,,,FALSE,,,,,,,,,
198,21,30,04,00,2001,07,19,Levi,Ashdod N,,1.2,,FALSE,,FALSE,,FALSE,,198,,,,,,,,2,12 Kg,,,,,,,,,,,,,,,,,,,,,,,,,,,,FALSE,,,,,,,,,,FALSE,,,,,,,,,
199,07,00,10,45,2001,07,20,Levi,Ashdod N,18,,,FALSE,,FALSE,,FALSE,,199,,,,,,,,,,,,,,,,,,1,2,,,,,,,,,,1 B+,,,,,,,,FALSE,,1,,,1,,,,,FALSE,,,,,,,,,
200,11,15,15,30,2001,07,20,Levi,Jaffa N,,3.5,,FALSE,,FALSE,,FALSE,,200,,,,,,,,,,,1,,,,,2,,3,,,,,,,,,,,1,,,,,,,,FALSE,,,,,,,,,,FALSE,,,,,,,,,
201,16,00,20,00,2001,07,20,Levi,Falick S,,3.5,,FALSE,,FALSE,,FALSE,,201,,,,,,,3,,,,,,,,,,,1,,,,,,,,,,,,,1,,,,,,FALSE,,1,,,1,,,,,FALSE,,,,,,,,,
202,21,30,01,00,2001,07,20,Levi,Bat yam N,20,,,FALSE,,FALSE,,FALSE,,202,,,,,,,,,12 Kg,,,,,,,,,,,,,,,,,,,,,,,,,,,,FALSE,,,,,,,,,,FALSE,,,,,,,2,,
203,01,30,05,00,2001,07,20,Levi,,,2.2,,FALSE,,FALSE,,FALSE,,203,,,,,,,,,6 Kg,,,,,,,,,,,,,,,,,,,,,,,,,,,,FALSE,,,,,,,,,,FALSE,,,,,,,1,,
204,06,00,1015,,2001,07,21,Levi,Rishon N,,,,FALSE,,FALSE,,FALSE,,204,,,,,,,,,,,,,,,,,,1,,,,0.5 M+,,,,,,,1 B+0.5 M+,,,,,,,,FALSE,,1,,,1,,,,,FALSE,,,,,,,,,
205,10,45,15,00,2001,07,21,Levi,gaas N,,4,,FALSE,,FALSE,,FALSE,,205,,,,,,,,,,,1,1,,,,2,,1,,,,0.5,,,,,,,1.5 B+,,,,,,,,FALSE,,,,,,,,,,FALSE,,,,,,,,,
206,15,30,18,30,2001,07,21,Levi,Hadera N,27,,,FALSE,,FALSE,,FALSE,,206,,,,,,,,,,,,,,,,2,,,,,,,,,,,,,1.5 B+,,,,,,,,FALSE,,,,,1,,,,,FALSE,,,,,,,,,
207,19,30,02,00,2001,07,21,Levi,cesaria S,52,,,FALSE,,FALSE,,FALSE,,207,,,,,,,,,,3,,,,,40 Kg,,,,,,,,,,,,,,0.5,,,,,,,,FALSE,,,,,,,,1,,FALSE,,,,,,,,,
208,02,30,07,30,2001,07,21,Levi,Falick S,52,,,FALSE,,FALSE,,FALSE,,208,,,,,,,,,,1,,,,,25 Kg,,,,,,,,,,,,,,,,,,,,,,FALSE,,,,,1,,,,,FALSE,,,,,,,,,
209,08,30,12,00,2001,07,22,Levi,Jaffa N,25,,,FALSE,,FALSE,,FALSE,,209,,,,,,,,,,,,,,,,,,,,,,,,,,,,,,,,,,,,,FALSE,,,,,3,,,,,FALSE,,,,,,,,,
210,12,30,15,30,2001,07,22,Levi,gaas S,16,2.7,,FALSE,,FALSE,,FALSE,,210,,,,,,,,,,,,,,,,,,,,,,,,,,,,,,,,0.5,,,,,FALSE,,,,,2,,,,,FALSE,,,,,,,,,
211,18,00,20,15,2001,07,22,Levi,Herzelia S,,2.75,,FALSE,,FALSE,,FALSE,,211,,,,,,,,,,,,,1 Ind,,,,,1.5,,,,,,,,,,,,,,1.5,,,,,FALSE,,,,,1,,,,,FALSE,,,,,,,,,
212,21,30,01,30,2001,07,22,Levi,Bat yam,,1.8,,FALSE,,FALSE,,FALSE,Gambari,212,,,,,,,,2,12 Kg,,,,,,,,,,,,,,,,,,,,,,,,,,,,FALSE,,,,,,,,,,FALSE,,,,,,,,,
213,01,00,04,00,2001,07,22,Levi,Bat yam S,,,,FALSE,,FALSE,,FALSE,,213,,,,,,,,,6 Kg,,,,,,,,,,,,,,,,,,,,,,,,,,,,FALSE,,,,,,,,,,FALSE,,,,,,,,,
214,16,45,19,15,2001,07,30,Levi,Ashdod N,,1.8,,FALSE,,FALSE,,FALSE,,214,,,,,,,,,,,,,,,,,,,,,,,,,,,,,,,,,,,,,FALSE,,1,,,2,,,,,FALSE,,,,,,,,,
215,21,30,05,30,2001,07,30,Levi,Ashdod N,,1.1,,FALSE,,FALSE,,FALSE,,215,,,,,,,,,18 Kg,,,,,,,,,,,,,,,,,,,,,,,,,,,,FALSE,,,,,,,,,,FALSE,,,,,,,,,
216,07,00,11,15,2001,07,31,Levi,Palmachim S,26,,,FALSE,,FALSE,2.8,FALSE,,216,,,,,,,,,,,1,,,,,1 B+,,,,,,0.5 S+0.5 L+,,,,,,,2 B+1 S+,,,,,,,,FALSE,,,,,1,,,,,FALSE,,,,,,,,,
217,12,00,16,00,2001,07,31,Levi,nitzanim N,26,,,FALSE,,FALSE,,FALSE,,217,,,,,,,,,,,1,,,,,2,,,,,,1,,,,,,,1.5,,,,,,,,FALSE,,2,,,,,,,,FALSE,,,,,,,,,
218,16,30,19,30,2001,07,31,Levi,Palmachim S,26,,,FALSE,,FALSE,,FALSE,,218,,,,,,,,,,,1,,,,,1 B+,,,,,,,,,,,,,1,,,,,,,,FALSE,,,,,1,,,,,FALSE,,,,,,,,,
219,20,30,04,00,2001,07,31,Levi,Ashdod N,,1,,FALSE,,FALSE,,FALSE,,219,,,,,,,,,8 Kg,,,,,,,,,,,,,,,,,,,,,,,,,,,,FALSE,,,,,,,,,,FALSE,,,,,,,,,
220,12,00,16,00,2001,08,1,Levi,Ashdod S,27,,,FALSE,,FALSE,,FALSE,,220,,,,,,,,,,,,,,,,,,,,,,,,,,,,,,,,,,,,,FALSE,,,,,,,,,,TRUE,,,,,,,,,
221,17,00,20,30,2001,08,01,Levi,Katza N,22,,,FALSE,,FALSE,,FALSE,,221,,,,,,,,,,,,,,,,,,,,,,,,,,,,,,,,1,,,,,FALSE,,,,,2,,,,,FALSE,,,,,,,,,
222,21,30,05,00,2001,08,1,Levi,Ashdod S,12,,,FALSE,,FALSE,,FALSE,,222,,,,,,,,,13 Kg,,,,,,,,,,,,,,,,,,,,,,,,,,,,FALSE,,,,,,,,,,FALSE,,,,,,,,,
223,07,00,10,30,2001,08,02,Levi,Ashdod N,,2.7,,FALSE,,FALSE,,FALSE,,223,,,,,,,,,,,,,,,,2,,2,,,,,,,,,,,,,,0.5,1 M+,,,,FALSE,,,,,0.5,,,,,FALSE,,,,,,,,,
224,11,00,15,00,2001,08,02,Levi,Jaffa N,,4,,FALSE,,FALSE,,FALSE,,224,,,,,,,,,,,,,1 S+,,,2,,3,,,,,,,,,,,2,,,,,,,,FALSE,,,,,1,,,,,FALSE,,,,,,,,,
225,15,30,20,00,2001,08,2,Levi,Falick S,,4,,FALSE,,FALSE,,FALSE,,225,,,,,,,,,,,,,,,,1,,2,,,,0.5 M+,,,,,,,1 B+1 S+,,,0.5,,,,,FALSE,,,,,,,,,,FALSE,,,,,,,,,
226,21,30,,,2001,08,02,,Ashdod N,,1.5,,FALSE,,FALSE,,FALSE,,226,,,,,,,,,12 Kg,,,,,,,,,,,,,,,,,,,,,,,,,,,,FALSE,,,,,,,,,,FALSE,,,,,,,,,
227,10,30,15,00,2001,08,03,Levi,Kor N,,4,,FALSE,,FALSE,,FALSE,,227,,,,,,,,,,,,,,,,1 B+,,1,,,,,,,,,,,1 B+1 S+,,,,,,,,FALSE,,0.5,,,1,,,,,FALSE,,,,,,,,,
228,15,30,20,00,2001,08,03,Levi,Tel Aviv N,,4,,FALSE,,FALSE,,FALSE,,228,,,,,,,,,,,,,,,,,,,,,,,,,,,,,,,,,,,,,FALSE,,,,,6,,,,,FALSE,,,,,,,,,
229,23,00,,,2001,08,03,Levi,Falick N,52,,,FALSE,,FALSE,,FALSE,,229,,,,,,,,,,,,,,,80 Kg,,,,,,,,,,,,,,,,,,,,,,FALSE,,,,,2,,,,,FALSE,,,,,,,,,
230,07,00,11,00,2001,08,4,Levi,cisaria S,27,,,FALSE,,FALSE,,FALSE,,230,,,,,,,,,,,3,,,,,,,,,,,,,,,,,,2.5,,,,,,,,FALSE,,1,,,2,,,,,FALSE,,,,,,,,,
231,11,30,15,30,2001,08,4,Levi,Falick S,,4,,FALSE,,FALSE,,FALSE,,231,,,,,,,,,,,1,,,,,1,,,,,,,,,,,,,2,,,,,,,,FALSE,,,,,1,,,,,FALSE,,,,,,,,,
232,17,00,21,00,2001,08,4,Levi,Herzelia N,52,,,FALSE,,FALSE,,FALSE,,232,,,,,,,,,,,,,,,40 Kg,,,,,,,,,,,,,,,,,,,,,,FALSE,,,,,,,,,,FALSE,,,,,,,,,
233,22,00,03,30,2001,08,04,Levi,micmoret N,52,,,FALSE,,FALSE,,FALSE,,233,,,,,,,,,,,,,,,80 Kg,,,,,,,,,,,,,,,,,,,,,,FALSE,,,,,,,,,,FALSE,,,,,,,,,
234,04,00,08,00,2001,08,04,Levi,,52,,,FALSE,,FALSE,,FALSE,,234,,,,,,,,,,,,,,,20 Kg,,,,,,,,,,,,,,,,,,,,,,FALSE,,,,,,,,,,FALSE,,,,,,,,,
235,10,30,15,30,2001,08,05,Levi,micmoret S,32,,,FALSE,,FALSE,,FALSE,,235,,,,,,,,,,,,,,,,,,,,,,,,,,,,,,,,,,,,,FALSE,,,,,,,,,,TRUE,,,,,,,,,
236,16,30,20,00,2001,08,5,Levi,Herzelia S,,4,,FALSE,,FALSE,,FALSE,,236,,,,,,,,,,,,,,,,,,,,,,,,,,,,,,,,,,,,,FALSE,,,,,3,,,,,FALSE,,,,,,,,,
237,,,,,2001,08,06,gader,Ashdod,,2.2,,FALSE,,FALSE,,FALSE,,237,,,,,,,,,,,,,,,,,,,,,,,,,,,,,,,,,,,,,FALSE,,,,,3,,,,,FALSE,,,,,,,,,
238,,,,,2001,08,06,,Kor N,52,,,FALSE,,FALSE,,FALSE,,238,,,,,,,,,,,,,,,30 Kg,2,,,,,,,,,1,,,,0.5,,,,,,,,FALSE,,,,,,,,,,FALSE,,1,,,,,,,
239,,,,,2001,08,06,,Herzelia N,,7.75,,FALSE,,FALSE,,FALSE,,239,,,,,,,,,,,,,,,50 Kg,2,,,,,,,,,1,,,,,,,,,,,,FALSE,,,,,,,,,,FALSE,,1,,,,,,,
240,,,,,2001,08,06,,micmoret S,,7.75,,FALSE,,FALSE,,FALSE,,240,,,,,,,,,,,,,,,80 Kg,2,,,,,,,,,1,,,,0.5,,,,,,,,FALSE,,,,,,,,,,FALSE,,1,,,,,,,
241,,,,,2001,08,08,Shrot,Ashdod N,27,,,FALSE,,FALSE,,FALSE,,241,,,,,,,,,,,,,,,,,,,,,,,,,,,,,,,,,,,,,FALSE,,,,,6,,,,,FALSE,,,,,,,,,
242,,,,,2001,08,8,Shrot,Tel Aviv N,27,,,FALSE,,FALSE,,FALSE,,242,,,,,,,,,,,,,,,,,,,,,,,,,,,,,,,,,,,,,FALSE,,,,,6,,,,,FALSE,,,,,,,,,
243,,,,,2001,08,8,Shrot,micmoret S,,7.75,,FALSE,,FALSE,,FALSE,,243,,,,,,,,,,,,,,,65 Kg,,,,,,,,,,,,,,,,,,,,,,FALSE,,,,,,,,,,FALSE,,,,,,,,,
244,,,,,2001,08,08,Shrot,Jaffa N,,7.75,,FALSE,,FALSE,,FALSE,,244,,,,,,,,,,,,,,,15 Kg,,,,,,,,,,,,,,,,,,,,,,FALSE,,,,,,,,,,FALSE,,,,,,,,,
245,,,,,2001,08,9,Shrot,Natanya S,27,,,FALSE,,FALSE,,FALSE,,245,,,,,,,,,,,,,,,,,,,,,,,,,,,,,,,,,,,,,FALSE,,,,,5,,,,,FALSE,,,,,,,,,
246,,,,,2001,08,9,Shrot,Natanya S,27,,,FALSE,,FALSE,,FALSE,,246,,,,,,,,,,,,,,,,,,,,,,,,,,,,,,,,,,,,,FALSE,,,,,6,,,,,FALSE,,,,,,,,,
247,,,,,2001,08,9,Shrot,micmoret S,,7.75,,FALSE,,FALSE,,FALSE,,247,,,,,,,,,,,,,,,10 Kg,,,,,,,,,,,,,,,,,,,,,,FALSE,,,,,,,,,,FALSE,,,,,,,,,
248,,,,,2001,08,10,Shrot,Ashdod S,27,,,FALSE,,FALSE,,FALSE,,248,,,,,,,,,,,,,,,,,,,,,,,,,,,,,3,,,,,,,,FALSE,,,,,,,,,,FALSE,,,,,,,,,
249,,,,,2001,08,10,Shrot,Ashkelon S,27,,,FALSE,,FALSE,,FALSE,,249,,,,,,,,,,,,,,,,,,,,,,,,,,,,,,,,,,,,,FALSE,,,,,1,,,,,FALSE,,,,,,,,,
250,,,,,2001,08,11,Shrot,Ashdod N,,2.5,,FALSE,,FALSE,,FALSE,,250,,,,,,,,,,,,,,,,,,,,,,,,,,,,,,,,,,,,,FALSE,,,,,4,,,,,FALSE,,,,,,,,,
251,,,,,2001,08,11,Shrot,Bat yam S,,1.8,,FALSE,,FALSE,,FALSE,,251,,,,,,,,,,,,,,,,,,,,,,,,,,,,,,,,,,,,,FALSE,,,,,3,,,,,FALSE,,,,,,,,,
252,,,,,2001,08,11,Shrot,Ashdod N,26,,,FALSE,,FALSE,,FALSE,,252,,,,,,,,,,,,,,,,,,,,,,,,,,,,,,,,,,,,,FALSE,,,,,7,,,,,FALSE,,,,,,,,,
253,,,,,2001,08,11,Shrot,Herzelia N,,7.75,,FALSE,,FALSE,,FALSE,,253,,,,,,,,,,,,,,,4,,,,,,,,,,,,,,,,,,,,,,FALSE,,,,,,,,,,FALSE,,,,,,,,,
254,,,,,2001,08,11,Shrot,Natanya S,,7.75,,FALSE,,FALSE,,FALSE,,254,,,,,,,,,,,,,,,,,,,,,,,,,,,,,,,,,,,,,FALSE,,,,,3,,,,,FALSE,,,,,,,,,
255,11,00,14,00,2001,08,20,Levi,Ashdod N,26,,,FALSE,,FALSE,,FALSE,,255,,,,,,,,,,,,,2,,,,,1,,,,,,,,,,,,,1,,,,,3,FALSE,,2,,,1,,,,,FALSE,,,,,,,,,
256,15,30,20,00,2001,08,20,Levi,Jaffa S,26,,,FALSE,,FALSE,,FALSE,,256,,,,,,,,,,,,,1,,,,,1,,,,,,,,,,,2,,,,,,,2.5 B+2.5 S+,FALSE,,,,,1,,,,,FALSE,,,,,,,,,
257,21,00,,,2001,08,20,Levi,Ashdod S,8,,,FALSE,,FALSE,,FALSE,,257,,,,,,,,3,25 Kg,,,,,,,,,,,,,,,,,,,,,,,,,,,,FALSE,,,,,,,,,,FALSE,,,,,,,,,
258,07,00,11,00,2001,08,21,Levi,nitzanim N,22,,,FALSE,,FALSE,,FALSE,,258,,,,,,,,,,,1,,2,,,,,,,,,,,,,,,1,,,,,,,,,FALSE,,,,,,,,,,FALSE,,,,,,,,,
259,12,00,16,00,2001,08,21,Levi,Ashdod N,26,,,FALSE,,FALSE,,FALSE,,259,,,,,,,,,,,,,2,,,,,,,,,,,,,,,,3,,,,,,,,FALSE,,,,,1,,,,,FALSE,,,,,,,,,
260,16,30,19,30,2001,08,21,Levi,Jaffa N,26,,,FALSE,,FALSE,,FALSE,,260,,,,,,,,,,,1,,1,,,,,,,,,,,,,,,,2,,,,,,,,FALSE,,,,,1,,,,,FALSE,,,,,,,,,
261,21,00,04,00,2001,08,21,Levi,Ashdod S,6,,,FALSE,,FALSE,,FALSE,,261,,,,,,,,,25 Kg,,,,,,,,,,,,,,,,,,,,,,,,,,,,FALSE,,,,,,,,,,FALSE,,,,,,,,,
262,07,30,11,00,2001,08,22,Levi,Ashdod S,,3.5,,FALSE,,FALSE,,FALSE,,262,,,,,,,,,,,1,,,,1,,,2,,,,,,,,,,,,,,0.5,,,,,FALSE,,,,,1,,,,,FALSE,,,,,,,,,
263,12,00,15,00,2001,08,22,Levi,nitzanim S,26,,,FALSE,,FALSE,,FALSE,,263,,,,,,,,,,,,,,,,,,,,,,,,,,,,,,,,,,,,,FALSE,,,,,,,,,,TRUE,,,,,,,,,
264,15,30,18,30,2001,08,22,Levi,Palmachim S,,3.4,,FALSE,,FALSE,,FALSE,,264,,,,,,,,,,,,,,,,,,,,,,,,,,,,,,,,,,,,,FALSE,,,,,4,,,,,FALSE,,,,,,,,,
265,06,45,10,30,2001,08,23,Levi,Ashdod S,,2.2,,FALSE,,FALSE,,FALSE,,265,,,,,,,,,,,1,,,,2 L+,1,,2 L+,,,,,,,,,,,1 B+,,,,,,,,FALSE,,1,,,,,,,,FALSE,,,,,,,,,
266,12,30,15,30,2001,08,23,Levi,nitzanim S,,1.6,,FALSE,,FALSE,,FALSE,,266,,,,,,,,,,,1,,2 Ind,,2,1,,1,,,,,,,,,,,,,,,,,,,FALSE,,2,,,,,,,,FALSE,,,,,,,,,
267,16,00,19,30,2001,08,23,Levi,Ashdod S,,1.4,,FALSE,,FALSE,,FALSE,,267,,,,,,,,0.5,,,0.5,,,,0.5,,,1,,,,,,,,,,,,,,,5,,,,FALSE,,,,,,,,,,FALSE,,,,,,,,,
268,20,30,,,2001,08,23,Levi,Ashdod S,8,,,FALSE,,FALSE,,FALSE,Gambari,268,,,,,,,,,15 Kg,,,,,,,,,,,,,,,,,,,,,,,,,,,,FALSE,,,,,,,,,,FALSE,,,,,,,,,
269,07,30,11,00,2001,08,24,Levi,Ashdod S,12,,,FALSE,,FALSE,,FALSE,,269,,,,,,,1,,,,1,,,,,,,1,,1 Ind,1,,,,,,,,,,,,2 S+,,,,FALSE,,1,,,,,,,,FALSE,,,,,,,,,
270,11,30,15,00,2001,08,24,,Ashdod S,,1.4,,FALSE,,FALSE,,FALSE,,270,,,,,,,,,,,,,,,,3,,1,,,,,,,,,,,,,,1,,,,,FALSE,,,,,1,,,,,FALSE,,,,,,,,,
271,16,00,19,30,2001,08,24,Levi,Ashdod N,,1.8,,FALSE,,FALSE,,FALSE,,271,,,,,,,,,,,,,,,,8,,5,,,,,,,,,,,2 B+1 S+,,,1,,,,,FALSE,,,,,,,,,,FALSE,,,,,,,1,,
272,20,00,05,00,2001,08,24,Levi,Ashdod N,,0.6,,FALSE,,FALSE,,FALSE,,272,,,,,1,,,4,15 Kg,,,,,,,,,,,,,,,,,,,,,,,,,,,,FALSE,,,,,,,,,,FALSE,,,,,,,,,
273,06,30,10,00,2001,08,25,Levi,Ashdod N,,1.8,,FALSE,,FALSE,,FALSE,,273,,,,,,,,,,,,,,,,2 S+2 M+,,2 L+,,,2,,11 B+,,,,,,1 B+,,,,,,,,FALSE,,1,,,,,,,,FALSE,,,,,,,,,
274,10,45,15,15,2001,08,25,Levi,Kor N,,2.4,,FALSE,,FALSE,,FALSE,,274,,,,,,,,,,,,,,,,6 B+1 M+,,0.5,,,,,,,,,,,,,,0.5,,,,,FALSE,,,,,1,,,,,FALSE,,,,,,,2 L+,,
275,15,30,19,30,2001,08,25,Levi,Jaffa N,,2,,FALSE,,FALSE,,FALSE,,275,,,,,,,0.5,,,,0.5,,1 Ind,,,1,,,,,,,,,,,,,,,,,,,,,FALSE,,,,,1,,,,,FALSE,,,,,,,,,
276,23,00,0500,,2001,08,25,Levi,Falick N,29,,,FALSE,,FALSE,,FALSE,,276,,,,,,,,,,1.5,,1,,,,,,,,,,,,,,,,,0.75,,,,,,,,FALSE,5 salfohim,0.75,,,,,,,,FALSE,,,,,,,,,
277,06,15,10,00,2001,08,26,Levi,hbonim S,27,,,FALSE,,FALSE,,FALSE,,277,,,,,,,,,,,1,,1,,,,,,,,,,,,,,,,2,,,,,,,,FALSE,,,,,,,,,,FALSE,,,,,,,,,
278,11,45,14,00,2001,08,26,Levi,micmoret S,22,,,FALSE,,FALSE,,FALSE,,278,,,,,,,,,,,1,,1,,,,,,,,,,,,,,,,5,,,,,,,4 B+,FALSE,,,,,1,,,,,FALSE,,,,,,,,,
279,14,30,19,00,2001,08,26,Levi,Herzelia N,22,,,FALSE,,FALSE,,FALSE,,279,,,,,,,,,,,1,,,,,,,,,,,,,,,,,,5,,,,,,,2 B+,FALSE,,,,,1,,,,,FALSE,,,,,,,,,
280,20,00,,,2001,08,26,Levi,Hadera S,58,,,FALSE,,FALSE,,FALSE,,280,,,,,,,,,,,,,,,80 Kg,,,,,,,,,,,,,,,,,,,,,,FALSE,,,,,,,,,,FALSE,,,,,,,,,
281,,,,,2001,08,27,Shrot,Ashdod S,,1.7,,FALSE,,FALSE,,FALSE,,281,,,,,,,,,,,,,,,,,,3,,,,,,,,,,,1,,,1,1,,,,FALSE,,,,,,,,,,FALSE,,,,,,,,,
282,,,,,2001,08,27,Shrot,Ashdod N,,1.4,,FALSE,,FALSE,,FALSE,,282,,,,,,,,,,,,,,,,,,,,,,,,,,,,,,,,,,,,,FALSE,,,,,25,,,,,FALSE,,,,,,,,,
283,,,,,2001,08,27,,Jaffa N,,7.75,,FALSE,,FALSE,,FALSE,,283,,,,,,,,,,,,,,,60 Kg,,,,,,,,,,,,,,,,,,,,,,FALSE,,,,,,,,,,FALSE,,,,,,,,,
284,,,,,2001,08,28,Shrot,Bat yam S,,1.4,,FALSE,,FALSE,,FALSE,,284,,,,,,,,,,,,,,,,,,,,,,,,,,,,,,,,,,,,,FALSE,,,,,7,,,,,FALSE,,,,,,,,,
285,,,,,2001,08,28,Shrot,Ashdod N,,1.8,,FALSE,,FALSE,,FALSE,,285,,,,,,,,,,,,,,,,,,,,,,,,,,,,,,,,,,,,,FALSE,,,,,6,,,,,FALSE,,,,,,,,,
286,,,,,2001,08,28,Shrot,Jaffa N,,2.85,,FALSE,,FALSE,,FALSE,,286,,,,,,,,,,,,,,,,,,,,,,,,,,,,,,,,,,,,,FALSE,,,,,6,,,,,FALSE,,,,,,,,,
287,,,,,2001,08,28,Shrot,Jaffa N,,2.85,,FALSE,,FALSE,,FALSE,,287,,,,,,,,,,,,,,,,,,,,,,,,,,,,,,,,,,,,,FALSE,,,,,6,,,,,FALSE,,,,,,,,,
288,,,,,2001,08,28,Shrot,bank S,,,,FALSE,,FALSE,,FALSE,,288,,,,,,,,,,,,,,,,,,,,,,,,,,,,,,,,,,,,,FALSE,,,,,6,,,,,FALSE,,,,,,,,,
289,,,,,2001,08,29,Shrot,Kor N,,4,,FALSE,,FALSE,,FALSE,,289,,,,,,,,,,,,,,,,,,,,,,,,,,,,,,,,,,,,,FALSE,,,,,10,,,,,FALSE,,,,,,,,,
290,,,,,2001,08,29,Shrot,Tel Aviv N,,4,,FALSE,,FALSE,,FALSE,,290,,,,,,,,,,,,,,,,,,,,,,,,,,,,,,,,,,,,,FALSE,,,,,5,,,,,FALSE,,,,,,,,,
291,,,,,2001,08,29,Shrot,Herzelia S,,4,,FALSE,,FALSE,,FALSE,,291,,,,,,,,,,,,,,,,,,,,,,,,,,,,,,,,,,,,,FALSE,,,,,5,,,,,FALSE,,,,,,,,,
292,,,,,2001,08,29,Shrot,Jaffa N,52,,,FALSE,,FALSE,,FALSE,,292,,,,,,,,,,,,,,,100 Kg,,,,,,,,,,,,,,,,,,,,,,FALSE,,,,,,,,,,FALSE,,,,,,,,,
293,,,,,2001,08,30,Shrot,Jaffa S,,4,,FALSE,,FALSE,,FALSE,,293,,,,,,,,,,,,,,,,,,,,,,,,,,,,,,,,,,,,,FALSE,,,,,6,,,,,FALSE,,,,,,,,,
294,,,,,2001,08,30,Shrot,Ashdod N,,4,,FALSE,,FALSE,,FALSE,,294,,,,,,,,,,,,,,,,,,,,,,,,,,,,,,,,,,,,,FALSE,,,,,5,,,,,FALSE,,,,,,,,,
295,,,,,2001,08,30,Shrot,Jaffa N,,5,,FALSE,,FALSE,,FALSE,,295,,,,,,,,,,,,,,,,,,,,,,,,,,,,,,,,,,,,,FALSE,,,,,5,,,,,FALSE,,,,,,,,,
296,,,,,2001,08,30,Shrot,Falick S,52,,,FALSE,,FALSE,,FALSE,,296,,,,,,,,,,,,,,,100 Kg,,,,,,,,,,,,,,,,,,,,,,FALSE,,,,,,,,,,FALSE,,,,,,,,,
297,,,,,2001,08,31,Shrot,Ashdod N,,5,,FALSE,,FALSE,,FALSE,,297,,,,,,,,,,,,,,,,,,,,,,,,,,,,,,,,,,,,,FALSE,,,,,6,,,,,FALSE,,,,,,,,,
298,,,,,2001,08,31,Shrot,Ashdod N,,5,,FALSE,,FALSE,,FALSE,,298,,,,,,,,,,,,,,,,,,,,,,,,,,,,,,,,,,,,,FALSE,,,,,6,,,,,FALSE,,,,,,,,,
299,,,,,2001,08,31,Shrot,Ashdod N,,1.4,,FALSE,,FALSE,,FALSE,,299,,,,,,,,,,,,,,,,,,,,,,,,,,,,,,,,,,,,,FALSE,,,,,6,,,,,FALSE,,,,,,,,,
300,,,,,2001,08,31,Shrot,Jaffa N,,7.75,,FALSE,,FALSE,,FALSE,,300,,,,,,,,,,,,,,,8 Kg,,,,,,,,,,,,,,,,,,,,,,FALSE,,,,,,,,,,FALSE,,,,,,,,,
301,,,,,2001,09,1,Shrot,Hadera S,27,,,FALSE,,FALSE,,FALSE,,301,,,,,,,,,,,,,,,,,,,,,,,,,,,,,,,,,,,,,FALSE,,,,,8,,,,,FALSE,,,,,,,,,
302,,,,,2001,09,1,Shrot,Natanya S,,5,,FALSE,,FALSE,,FALSE,,302,,,,,,,,,,,,,,,,,,,,,,,,,,,,,,,,,,,,,FALSE,,,,,4,,,,,FALSE,,,,,,,,,
303,,,,,2001,09,1,Shrot,madregot,,,,FALSE,,FALSE,,FALSE,,303,,,,,,,,,,,,,,,,,,,,,,,,,,,,,,,,,,,,,FALSE,,,,,4,,,,,FALSE,,,,,,,,,
304,,,,,2001,09,1,Shrot,,,,night,TRUE,,FALSE,,FALSE,,304,,,,,,,,,,,,,,,80 Kg,,,,,,,,,,,,,,,,,,,,,,FALSE,,,,,,,,,,FALSE,,,,,,,,,
305,,,,,2001,09,2,Shrot,Ashdod S,,5,,FALSE,,FALSE,,FALSE,,305,,,,,,,,5,,,,,,,,5,,,,,,,,,,,,,,,,,,,,,FALSE,,,,,,,,,,FALSE,,,,,,,,,
306,,,,,2001,09,2,Shrot,Katza N,32,,,FALSE,,FALSE,,FALSE,,306,,,,,,,,,,,,,,,,5,,,,,,0.5 S+2 L+,,,,,,,2 B+,,,,,,,,FALSE,,,,,,,,,,FALSE,,,,,,,,,
307,08,00,11,45,2001,09,12,Levi,Ashdod S,28,,,FALSE,,FALSE,,FALSE,,307,,,,,,,,,,,,,,,,5,,,,,,,,,,,,,8,,,,,,,,FALSE,,,,,,,,,,FALSE,,,,,,,,,
308,12,45,15,30,2001,09,12,Levi,Katza N,28,,,FALSE,,FALSE,,FALSE,,308,,,,,,,,,,,,,,,,4,,,,,,,,,,,,,9,,,,,,,,FALSE,,,,,,,,,,FALSE,,,,,,,,,
309,16,00,21,00,2001,09,12,Levi,Ashdod S,28,,,FALSE,,FALSE,,FALSE,,309,,,,,,,,,,,,,,,,3,,,,,,,,,,,,,5,,,,,,,,FALSE,,,,,,,,,,FALSE,,,,,,,,,
310,22,00,03,30,2001,09,12,Levi,Gazza N,50,,,FALSE,,FALSE,,FALSE,,310,,,,,,,,,,,,,,,20 Kg,,,,,,,,,,,,,,,,,,,,,,FALSE,,,,,,,,,,FALSE,,,,,,,,,
311,07,00,11,00,2001,09,13,Levi,Ashdod S,28,,,FALSE,,FALSE,,FALSE,,311,,,,,,,,,,,,,,,,,,,,,,,,,,,,,7,,,,,,,3,FALSE,,,,,,,,,,FALSE,,,,,,,,,
312,11,30,15,00,2001,09,13,Levi,Katza N,28,,,FALSE,,FALSE,,FALSE,,312,,,,,,,,,,,,,,,,3,,,,,,,,,,,,,7,,,,,,,,FALSE,,,,,,,,,,FALSE,,,,,,,,,
313,20,00,04,00,2001,09,13,Levi,Ashdod S,12,,,FALSE,,FALSE,,FALSE,,313,,,,,,,,,15 Kg,,,,,,,,,,,,,,,,,,,,,,,,,,,,FALSE,,,,,,,,,,FALSE,,,,,,,,,
314,07,45,11,30,2001,09,14,Levi,Ashdod S,28,,,FALSE,,FALSE,,FALSE,,314,,,,,,,,,,,,,,,,2,,,,,,,,,,,,,4,,,,,,,,FALSE,,,,,,,,,,FALSE,,,,,,,,,
315,12,30,17,00,2001,09,14,Levi,Katza S,23,,,FALSE,,FALSE,,FALSE,,315,,,,,,,,,,,,,,,,,,,,,,,,,,,,,2 B+,,,1,,,,,FALSE,,,,,1,,,,,FALSE,,,,,,,,,
316,07,00,11,30,2001,09,15,Levi,Ashdod S,28,,,FALSE,,FALSE,,FALSE,,316,,,,,,,,,,,,,,,,3,,,,,,,,,,,,,7 B+4,,,,,,,,FALSE,,,,,,,,,,FALSE,,,,,,,,,
317,12,00,15,00,2001,09,15,Levi,Katza N,28,,,FALSE,,FALSE,,FALSE,,317,,,,,,,,,,,,,,,,2,,,,,,,,,,,,,13,,,,,,,,FALSE,,,,,,,,,,FALSE,,,,,,,,,
318,15,30,19,00,2001,09,15,Levi,Ashdod N,28,,,FALSE,,FALSE,,FALSE,,318,,,,,,,,,,,,,,,,2,,,,,,,,,,,,,5,,,,,,,,FALSE,,,,,,,,,,FALSE,,,,,,,,,
319,20,00,03,30,2001,09,15,Levi,Ashdod N,8,,,FALSE,,FALSE,,FALSE,,319,,,,,3,,,3,25 Kg,,,,,,,,,,,,,,,,,,,,,,,,,,,,FALSE,,,,,,,,,,FALSE,,,,,,,,,
320,08,00,12,00,2001,09,16,Levi,Ashdod S,28,,,FALSE,,FALSE,,FALSE,,320,,,,,,,,,,,1,,,,,2,,,,,,,,,,,,,9,,,,,,,,FALSE,,,,,1,,,,,FALSE,,,,,,,,,
321,13,00,16,45,2001,09,16,Levi,Katza N,28,,,FALSE,,FALSE,,FALSE,,321,,,,,,,,,,,,,1 Ind,,,,,,,,,,,,,,,,5,,,,,,,,FALSE,,,,,2,,,,,FALSE,,,,,,,,,
322,17,30,,,2001,09,16,Levi,Ashdod N,,3.2,,FALSE,,FALSE,,FALSE,,322,,,,,,,,,,,,,,,,3,,,,,,,,,,,,,,,,,,,,,FALSE,,,,,,,,,,FALSE,,,,,,,,,
323,02,00,06,00,2001,09,19,Levi,Ashdod S,12,,,FALSE,,FALSE,,FALSE,,323,,,,,,,,,15 Kg,,,,,,,,,,,,,,,,,,,,,,,,,,,,FALSE,,,,,,,,,,FALSE,,,,,,,,,
324,07,00,10,30,2001,09,20,Levi,Ashdod S,,1.4,,FALSE,,FALSE,,FALSE,,324,,,,,,,,,,,,,,,1 L+,,,2.5,,,1,,,,,,,,2.5,,,,1,,,,FALSE,,,,,1 M+,,,,,FALSE,,,,,,1,,,
325,11,30,15,30,2001,09,20,Levi,Ashdod S,,2.2,,FALSE,,FALSE,,FALSE,,325,,,,,,,,,,,,,4,,2,,,6,,,1 S+1 M+1 L+,,,,,,,,5,,,,3,,,,FALSE,,1,,,,,,,,FALSE,,,,,,,,,
326,16,00,19,30,2001,09,20,Levi,Ashdod S,,1.4,,FALSE,,FALSE,,FALSE,,326,,,,,,,,,,,,,,,,,,2,,1 Ind,0.5,,,,,,,,3,,,1,0.5,,,,FALSE,special is intias and palmuds large,,,,1,,,,,FALSE,,,,,,,,,
327,20,15,,,2001,09,20,Levi,Ashdod S,12,,,FALSE,,FALSE,,FALSE,,327,,,,,,,,,23 Kg,,,,,,,,,,,,,,,,,,,,,,,,,,,,FALSE,,,,,,,,,,FALSE,,,,,,,,,
328,,,,,2001,09,21,Shrot,Ashdod S,,1.6,,FALSE,,FALSE,,FALSE,,328,,,,,,,,,,,,,,,,,,,,,,,,,,,,,,,,,,,,,FALSE,,,,,4,,,,,FALSE,,,,,,,,,
329,,,,,2001,09,21,Shrot,Ashdod N,,2.3,,FALSE,,FALSE,,FALSE,,329,,,,,,,,,,,,,,,,,,,,,,,,,,,,,,,,,,,,,FALSE,,,,,15,,,,,FALSE,,,,,,,,,
330,,,,,2001,09,21,Shrot,Bat yam S,,2.3,,FALSE,,FALSE,,FALSE,,330,,,,,,,,,,,,,,,,,,,,,,,,,,,,,,,,,,,,,FALSE,,,,,10,,,,,FALSE,,,,,,,,,
331,,,,,2001,09,21,Shrot,Bat yam,,1.6,,FALSE,,FALSE,,FALSE,,331,,,,,,,,,20 Kg,,,,,,,,,,,,,,,,,,,,,,,,,,,,FALSE,,,,,,,,,,FALSE,,,,,,,,,
332,,,,,2001,09,21,Shrot,Bat yam,,1.6,,FALSE,,FALSE,,FALSE,,332,,,,,,,,,15 Kg,,,,,,,,,,,,,,,,,,,,,,,,,,,,FALSE,,,,,,,,,,FALSE,,,,,,,,,
333,,,,,2001,09,22,Shrot,Bat yam S,,2,,FALSE,,FALSE,,FALSE,,333,,,,,,,,,,,,,,,,,,,,,,,,,,,,,,,,,,,,,FALSE,,,,,5,,,,,FALSE,,,,,,,,,
334,,,,,2001,09,22,Shrot,Ashdod N,,1.4,,FALSE,,FALSE,,FALSE,,334,,,,,,,,,,,,,,,,,,,,,,,,,,,,,,,,,,,,,FALSE,,,,,4,,,,,FALSE,,,,,,,,,
335,,,,,2001,09,22,Shrot,Bat yam S,,3.2,,FALSE,,FALSE,,FALSE,,335,,,,,,,,,,,,,,,,,,,,,,,,,,,,,,,,,,,,,FALSE,,,,,2,,,,,FALSE,,,,,,,,,
336,,,,,2001,09,22,Shrot,Ashdod N,,1.6,night,TRUE,,FALSE,,FALSE,,336,,,,,,,,,36,,,,,,,,,,,,,,,,,,,,,,,,,,,,FALSE,,,,,,,,,,FALSE,,,,,,,,,
337,,,,,2001,09,23,Shrot,Ashdod S,,2,,FALSE,,FALSE,,FALSE,,337,,,,,,,,,,,,,,,,,,,,,,,,,,,,,,,,,,,,,FALSE,,,,,3,,,,,FALSE,,,,,,,,,
338,,,,,2001,09,23,Shrot,Ashdod N,,2.5,,FALSE,,FALSE,,FALSE,,338,,,,,,,,,,,,,,,,,,,,,,,,,,,,,,,,,,,,,FALSE,,,,,10,,,,,FALSE,,,,,,,,,
339,,,,,2001,09,23,Shrot,Jaffa S,,2.2,,FALSE,,FALSE,,FALSE,,339,,,,,,,,,,,,,,,,,,,,,,,,,,,,,,,,,,,,,FALSE,,,,,8,,,,,FALSE,,,,,,,,,
340,,,,,2001,09,23,Shrot,Ashdod N,,1.4,night,TRUE,,FALSE,,FALSE,,340,,,,,,,,,40 Kg,,,,,,,,,,,,,,,,,,,,,,,,,,,,FALSE,,,,,,,,,,FALSE,,,,,,,,,
